实际赔付金额,索赔金额,超额u,风险标注
144.51,947.97,803.46,诉求偏高
135.98,992.87,856.89,诉求偏高
119.35,352.65,233.29999999999998,合理诉求
74.85,264.29,189.44000000000003,合理诉求
22.14,157.58,135.44,合理诉求
13.53,214.52,200.99,合理诉求
29.26,133.24,103.98,合理诉求
220.55,1786.95,1566.4,诉求偏高
275.97,1981.78,1705.81,诉求偏高
70.29,334.37,264.08,合理诉求
29.71,189.4,159.69,合理诉求
39.42,136.21,96.79,合理诉求
51.86,115.09,63.230000000000004,合理诉求
367.9,791.75,423.85,合理诉求
8.78,145.91,137.13,合理诉求
58.33,449.33,391.0,合理诉求
77.81,176.61,98.80000000000001,合理诉求
163.77,436.37,272.6,合理诉求
135.63,174.65,39.02000000000001,合理诉求
122.8,287.97,165.17000000000002,合理诉求
107.62,132.6,24.97999999999999,合理诉求
949.09,1771.89,822.8000000000001,合理诉求
39.61,102.65,63.040000000000006,合理诉求
300.78,372.81,72.03000000000003,合理诉求
249.01,2225.35,1976.34,严重超额
194.61,208.2,13.589999999999975,合理诉求
506.18,1293.48,787.3,合理诉求
64.59,312.88,248.29,合理诉求
120.75,517.43,396.67999999999995,合理诉求
215.04,1807.64,1592.6000000000001,严重超额
268.66,638.55,369.88999999999993,合理诉求
253.51,686.37,432.86,合理诉求
495.53,3207.22,2711.6899999999996,严重超额
40.74,101.7,60.96,合理诉求
491.31,826.53,335.21999999999997,合理诉求
323.55,447.69,124.13999999999999,合理诉求
74.51,127.63,53.11999999999999,合理诉求
236.63,748.98,512.35,合理诉求
599.99,1738.71,1138.72,合理诉求
60.55,350.6,290.05,合理诉求
14.15,100.06,85.91,合理诉求
112.59,186.13,73.53999999999999,合理诉求
960.86,2064.62,1103.7599999999998,合理诉求
19.01,300.57,281.56,合理诉求
261.06,522.52,261.46,合理诉求
1003.62,1830.27,826.65,合理诉求
651.88,769.13,117.25,合理诉求
31.78,182.47,150.69,合理诉求
90.04,154.03,63.989999999999995,合理诉求
94.36,533.78,439.41999999999996,合理诉求
150.32,354.37,204.05,合理诉求
92.38,105.7,13.320000000000007,合理诉求
206.22,719.53,513.31,合理诉求
36.57,551.61,515.04,诉求偏高
278.24,544.38,266.14,合理诉求
658.78,816.17,157.39,合理诉求
260.94,1153.65,892.71,合理诉求
117.44,483.53,366.09,合理诉求
122.49,519.84,397.35,合理诉求
106.58,155.85,49.269999999999996,合理诉求
30.29,216.72,186.43,合理诉求
183.73,188.35,4.6200000000000045,合理诉求
861.94,1786.51,924.5699999999999,合理诉求
57.72,108.53,50.81,合理诉求
232.99,910.8,677.81,合理诉求
76.26,892.72,816.46,诉求偏高
956.29,3546.98,2590.69,合理诉求
489.5,2083.27,1593.77,诉求偏高
196.56,374.12,177.56,合理诉求
1041.05,2572.42,1531.3700000000001,合理诉求
312.76,331.48,18.720000000000027,合理诉求
82.34,171.22,88.88,合理诉求
1161.74,1985.95,824.21,合理诉求
40.29,259.3,219.01000000000002,合理诉求
951.24,979.51,28.269999999999982,合理诉求
366.41,397.74,31.329999999999984,合理诉求
451.19,2161.77,1710.58,诉求偏高
287.59,1081.95,794.3600000000001,合理诉求
54.42,147.83,93.41000000000001,合理诉求
41.46,163.08,121.62,合理诉求
320.79,434.19,113.39999999999998,合理诉求
47.79,112.01,64.22,合理诉求
170.35,815.91,645.56,合理诉求
126.29,538.04,411.74999999999994,合理诉求
907.03,4702.32,3795.29,诉求偏高
145.91,231.22,85.31,合理诉求
29.85,124.0,94.15,合理诉求
110.79,141.95,31.159999999999982,合理诉求
19.8,100.41,80.61,合理诉求
113.39,555.99,442.6,合理诉求
99.46,232.26,132.8,合理诉求
136.1,285.97,149.87000000000003,合理诉求
47.37,139.3,91.93,合理诉求
6.49,101.6,95.11,合理诉求
61.42,374.92,313.5,合理诉求
26.62,161.56,134.94,合理诉求
98.68,436.34,337.65999999999997,合理诉求
228.08,1549.89,1321.8100000000002,诉求偏高
915.1,1328.64,413.5400000000001,合理诉求
139.86,558.45,418.59000000000003,合理诉求
135.76,139.21,3.450000000000017,合理诉求
203.71,476.98,273.27,合理诉求
150.36,398.88,248.51999999999998,合理诉求
21.44,110.52,89.08,合理诉求
199.37,239.67,40.29999999999998,合理诉求
66.93,116.92,49.989999999999995,合理诉求
228.66,662.76,434.1,合理诉求
131.21,213.14,81.92999999999998,合理诉求
445.8,978.07,532.27,合理诉求
64.45,583.87,519.42,诉求偏高
64.54,312.04,247.5,合理诉求
11.96,145.47,133.51,合理诉求
112.24,394.86,282.62,合理诉求
290.06,2113.81,1823.75,严重超额
423.36,598.06,174.69999999999993,合理诉求
545.35,901.94,356.59000000000003,合理诉求
390.2,1531.76,1141.56,合理诉求
95.94,102.99,7.049999999999997,合理诉求
57.21,587.64,530.43,诉求偏高
437.99,792.47,354.48,合理诉求
157.71,345.37,187.66,合理诉求
483.77,966.23,482.46000000000004,合理诉求
74.43,156.6,82.16999999999999,合理诉求
86.1,527.73,441.63,合理诉求
218.32,2519.73,2301.41,严重超额
165.05,244.31,79.25999999999999,合理诉求
529.99,1042.73,512.74,合理诉求
61.39,363.02,301.63,合理诉求
70.05,109.77,39.72,合理诉求
90.01,1354.36,1264.35,严重超额
30.07,140.07,110.0,合理诉求
125.25,1423.26,1298.01,严重超额
108.15,310.69,202.54,合理诉求
239.39,827.47,588.08,合理诉求
555.61,592.76,37.14999999999998,合理诉求
83.82,283.89,200.07,合理诉求
566.89,2182.8,1615.9100000000003,合理诉求
123.41,681.04,557.63,合理诉求
614.7,1158.83,544.1299999999999,合理诉求
97.28,227.08,129.8,合理诉求
124.96,375.78,250.82,合理诉求
73.93,397.63,323.7,合理诉求
584.98,1050.4,465.4200000000001,合理诉求
229.99,1105.89,875.9000000000001,诉求偏高
350.37,824.9,474.53,合理诉求
974.6,1034.01,59.40999999999997,合理诉求
48.56,134.38,85.82,合理诉求
1163.37,3294.15,2130.78,合理诉求
144.37,274.11,129.74,合理诉求
405.36,585.74,180.38,合理诉求
54.64,122.33,67.69,合理诉求
57.77,867.86,810.09,诉求偏高
1042.87,3468.91,2426.04,合理诉求
365.3,408.62,43.31999999999999,合理诉求
305.0,2542.39,2237.39,严重超额
217.74,2328.14,2110.3999999999996,严重超额
87.3,200.92,113.61999999999999,合理诉求
71.63,160.61,88.98000000000002,合理诉求
250.52,686.58,436.06000000000006,合理诉求
45.4,130.26,84.85999999999999,合理诉求
145.73,759.23,613.5,合理诉求
512.52,688.53,176.01,合理诉求
90.51,183.8,93.29,合理诉求
164.32,439.17,274.85,合理诉求
75.39,322.47,247.08000000000004,合理诉求
197.6,302.48,104.88000000000002,合理诉求
104.26,176.57,72.30999999999999,合理诉求
359.71,1443.25,1083.54,合理诉求
500.11,1611.43,1111.3200000000002,合理诉求
236.46,969.13,732.67,合理诉求
32.61,132.07,99.46,合理诉求
104.03,117.4,13.370000000000005,合理诉求
228.32,243.39,15.069999999999993,合理诉求
274.73,984.8,710.0699999999999,合理诉求
719.44,1459.06,739.6199999999999,合理诉求
277.95,852.79,574.8399999999999,合理诉求
307.68,394.71,87.02999999999997,合理诉求
137.61,340.4,202.78999999999996,合理诉求
276.04,1862.95,1586.91,诉求偏高
556.65,1621.56,1064.9099999999999,合理诉求
462.77,498.62,35.85000000000002,合理诉求
29.57,134.29,104.72,合理诉求
73.55,220.47,146.92000000000002,合理诉求
1009.83,1773.16,763.33,合理诉求
299.57,893.62,594.05,合理诉求
122.26,345.41,223.15000000000003,合理诉求
66.25,795.08,728.83,诉求偏高
11.43,185.82,174.39,合理诉求
334.88,388.38,53.5,合理诉求
67.99,152.33,84.34000000000002,合理诉求
45.64,333.36,287.72,合理诉求
544.79,1270.89,726.1000000000001,合理诉求
12.93,107.12,94.19,合理诉求
758.15,1080.73,322.58000000000004,合理诉求
387.06,1486.16,1099.1000000000001,合理诉求
344.4,1189.77,845.37,合理诉求
200.89,266.06,65.17000000000002,合理诉求
881.09,1135.74,254.64999999999998,合理诉求
360.89,1340.92,980.0300000000001,合理诉求
174.26,762.88,588.62,合理诉求
82.28,266.17,183.89000000000001,合理诉求
377.37,774.21,396.84000000000003,合理诉求
375.04,2246.68,1871.6399999999999,诉求偏高
716.38,1516.52,800.14,合理诉求
57.33,815.79,758.4599999999999,诉求偏高
720.65,1000.08,279.43000000000006,合理诉求
62.17,1180.46,1118.29,严重超额
166.97,868.71,701.74,诉求偏高
287.56,344.46,56.89999999999998,合理诉求
32.32,318.81,286.49,合理诉求
108.74,337.36,228.62,合理诉求
206.61,485.69,279.08,合理诉求
520.93,1131.96,611.0300000000001,合理诉求
444.75,877.46,432.71000000000004,合理诉求
517.38,804.27,286.89,合理诉求
55.01,100.94,45.93,合理诉求
64.18,550.31,486.12999999999994,诉求偏高
330.41,727.23,396.82,合理诉求
342.03,478.63,136.60000000000002,合理诉求
498.95,1511.93,1012.98,合理诉求
253.11,914.45,661.34,合理诉求
171.15,184.71,13.560000000000002,合理诉求
386.31,898.45,512.1400000000001,合理诉求
493.92,568.32,74.40000000000003,合理诉求
28.88,129.84,100.96000000000001,合理诉求
4.78,105.71,100.92999999999999,合理诉求
274.31,344.52,70.20999999999998,合理诉求
143.6,643.18,499.5799999999999,合理诉求
343.53,973.39,629.86,合理诉求
145.33,262.26,116.92999999999998,合理诉求
137.94,201.48,63.53999999999999,合理诉求
266.28,284.71,18.430000000000007,合理诉求
102.68,514.06,411.37999999999994,合理诉求
12.1,111.79,99.69000000000001,合理诉求
133.22,1501.66,1368.44,严重超额
816.81,1392.18,575.3700000000001,合理诉求
153.32,938.09,784.77,诉求偏高
68.6,118.45,49.85000000000001,合理诉求
136.16,1666.02,1529.86,严重超额
143.45,295.97,152.52000000000004,合理诉求
346.23,433.85,87.62,合理诉求
2.8,102.09,99.29,合理诉求
156.83,393.72,236.89000000000001,合理诉求
264.9,682.28,417.38,合理诉求
92.43,648.39,555.96,诉求偏高
268.55,898.77,630.22,合理诉求
78.62,814.93,736.31,诉求偏高
32.96,366.04,333.08000000000004,合理诉求
69.69,1085.58,1015.8899999999999,诉求偏高
365.77,918.08,552.3100000000001,合理诉求
107.88,1256.14,1148.2600000000002,诉求偏高
93.78,257.23,163.45000000000002,合理诉求
66.82,177.69,110.87,合理诉求
63.9,595.83,531.9300000000001,诉求偏高
181.17,439.9,258.73,合理诉求
583.23,848.96,265.73,合理诉求
496.95,2230.25,1733.3,诉求偏高
535.26,1251.18,715.9200000000001,合理诉求
21.87,119.53,97.66,合理诉求
206.55,394.64,188.08999999999997,合理诉求
2.58,165.67,163.08999999999997,合理诉求
160.16,389.16,229.00000000000003,合理诉求
294.09,656.1,362.01000000000005,合理诉求
358.48,1136.44,777.96,合理诉求
109.01,340.93,231.92000000000002,合理诉求
57.58,237.12,179.54000000000002,合理诉求
129.76,143.44,13.680000000000007,合理诉求
67.46,114.0,46.540000000000006,合理诉求
192.31,484.24,291.93,合理诉求
134.68,146.35,11.669999999999987,合理诉求
1198.5,2363.14,1164.6399999999999,合理诉求
62.95,147.77,84.82000000000001,合理诉求
326.51,922.31,595.8,合理诉求
93.66,434.02,340.36,合理诉求
707.89,924.15,216.26,合理诉求
48.7,440.77,392.07,诉求偏高
123.98,126.63,2.6499999999999915,合理诉求
124.26,365.98,241.72000000000003,合理诉求
707.97,2499.78,1791.8100000000002,合理诉求
68.18,621.68,553.5,诉求偏高
372.86,512.4,139.53999999999996,合理诉求
316.37,414.5,98.13,合理诉求
501.16,1730.1,1228.9399999999998,合理诉求
430.05,455.22,25.170000000000016,合理诉求
17.91,158.33,140.42000000000002,合理诉求
42.19,103.04,60.85000000000001,合理诉求
391.93,1165.24,773.31,合理诉求
82.92,117.91,34.989999999999995,合理诉求
71.35,147.93,76.58000000000001,合理诉求
70.84,101.0,30.159999999999997,合理诉求
55.51,119.71,64.19999999999999,合理诉求
74.3,1062.06,987.76,诉求偏高
93.31,126.77,33.459999999999994,合理诉求
266.96,1172.16,905.2,合理诉求
224.35,497.96,273.61,合理诉求
267.24,314.97,47.73000000000002,合理诉求
250.63,375.37,124.74000000000001,合理诉求
294.9,819.86,524.96,合理诉求
286.21,643.38,357.17,合理诉求
53.71,116.61,62.9,合理诉求
274.72,1153.5,878.78,合理诉求
25.68,122.58,96.9,合理诉求
319.72,990.78,671.06,合理诉求
134.45,1003.49,869.04,诉求偏高
53.29,130.6,77.31,合理诉求
365.81,885.5,519.69,合理诉求
385.03,689.94,304.9100000000001,合理诉求
738.33,3493.52,2755.19,诉求偏高
40.52,129.0,88.47999999999999,合理诉求
202.17,486.56,284.39,合理诉求
359.82,850.43,490.60999999999996,合理诉求
242.66,581.7,339.0400000000001,合理诉求
298.06,434.49,136.43,合理诉求
36.76,113.7,76.94,合理诉求
159.55,323.0,163.45,合理诉求
535.58,2434.26,1898.6800000000003,诉求偏高
216.49,360.83,144.33999999999997,合理诉求
213.44,816.69,603.25,合理诉求
653.0,1464.88,811.8800000000001,合理诉求
156.63,378.84,222.20999999999998,合理诉求
188.01,374.0,185.99,合理诉求
72.27,118.26,45.99000000000001,合理诉求
19.72,326.08,306.36,合理诉求
255.82,590.95,335.13000000000005,合理诉求
614.51,2350.71,1736.2,合理诉求
93.45,254.69,161.24,合理诉求
457.41,1157.88,700.47,合理诉求
25.05,180.98,155.92999999999998,合理诉求
318.52,548.15,229.63,合理诉求
140.77,731.62,590.85,合理诉求
75.43,177.97,102.53999999999999,合理诉求
2.16,102.28,100.12,合理诉求
43.26,123.58,80.32,合理诉求
767.56,2262.74,1495.1799999999998,合理诉求
279.15,1755.17,1476.02,诉求偏高
100.3,312.89,212.58999999999997,合理诉求
40.52,108.05,67.53,合理诉求
440.79,990.16,549.3699999999999,合理诉求
21.0,114.0,93.0,合理诉求
456.29,577.43,121.13999999999993,合理诉求
999.54,1041.68,42.1400000000001,合理诉求
318.21,617.67,299.46,合理诉求
393.09,585.22,192.13000000000005,合理诉求
480.36,1097.87,617.5099999999999,合理诉求
368.25,453.32,85.07,合理诉求
368.39,1391.29,1022.9,合理诉求
19.05,137.05,118.00000000000001,合理诉求
27.33,291.91,264.58000000000004,合理诉求
286.83,1281.49,994.6600000000001,诉求偏高
652.4,1188.21,535.8100000000001,合理诉求
76.64,541.45,464.81000000000006,诉求偏高
93.51,619.24,525.73,诉求偏高
521.68,1582.74,1061.06,合理诉求
835.84,3657.35,2821.5099999999998,诉求偏高
303.84,456.61,152.77000000000004,合理诉求
180.26,509.25,328.99,合理诉求
263.06,450.48,187.42000000000002,合理诉求
198.06,865.03,666.97,合理诉求
229.04,466.96,237.92,合理诉求
312.24,318.93,6.689999999999998,合理诉求
223.54,476.11,252.57000000000002,合理诉求
45.56,142.04,96.47999999999999,合理诉求
1874.22,2406.1,531.8799999999999,合理诉求
36.91,139.93,103.02000000000001,合理诉求
825.26,1297.53,472.27,合理诉求
291.09,2471.09,2180.0,严重超额
74.41,116.74,42.33,合理诉求
418.3,884.18,465.87999999999994,合理诉求
43.93,201.3,157.37,合理诉求
372.78,373.62,0.8400000000000318,合理诉求
76.14,201.97,125.83,合理诉求
1437.45,2546.69,1109.24,合理诉求
11.67,359.81,348.14,诉求偏高
351.42,549.36,197.94,合理诉求
39.85,687.27,647.42,诉求偏高
73.81,161.71,87.9,合理诉求
35.98,109.06,73.08000000000001,合理诉求
270.17,739.12,468.95,合理诉求
215.84,437.11,221.27,合理诉求
227.67,588.19,360.5200000000001,合理诉求
490.7,1177.7,687.0,合理诉求
67.9,131.05,63.150000000000006,合理诉求
390.37,1023.49,633.12,合理诉求
149.88,297.8,147.92000000000002,合理诉求
116.5,1036.12,919.6199999999999,诉求偏高
65.51,220.77,155.26,合理诉求
575.88,896.12,320.24,合理诉求
26.76,100.36,73.6,合理诉求
207.83,476.77,268.93999999999994,合理诉求
119.76,217.87,98.11,合理诉求
20.76,103.63,82.86999999999999,合理诉求
539.33,1025.01,485.67999999999995,合理诉求
577.69,1324.2,746.51,合理诉求
1050.08,3268.0,2217.92,合理诉求
86.07,150.6,64.53,合理诉求
602.42,1027.22,424.80000000000007,合理诉求
537.71,1909.08,1371.37,合理诉求
137.47,913.02,775.55,诉求偏高
322.18,562.85,240.67000000000002,合理诉求
155.93,832.69,676.76,诉求偏高
385.02,1540.33,1155.31,合理诉求
61.19,112.38,51.19,合理诉求
2.92,104.06,101.14,合理诉求
118.5,624.28,505.78,合理诉求
302.61,1366.29,1063.6799999999998,诉求偏高
182.12,202.39,20.269999999999982,合理诉求
140.51,939.27,798.76,诉求偏高
84.96,168.2,83.24,合理诉求
265.58,810.71,545.1300000000001,合理诉求
41.35,138.74,97.39000000000001,合理诉求
108.58,212.82,104.24,合理诉求
29.14,103.93,74.79,合理诉求
545.31,3417.92,2872.61,严重超额
180.4,192.26,11.859999999999985,合理诉求
1.37,102.94,101.57,合理诉求
4.07,205.77,201.70000000000002,合理诉求
523.11,709.49,186.38,合理诉求
80.03,116.01,35.980000000000004,合理诉求
24.76,103.44,78.67999999999999,合理诉求
458.8,2467.99,2009.1899999999998,诉求偏高
81.51,365.12,283.61,合理诉求
222.16,431.16,209.00000000000003,合理诉求
100.94,470.28,369.34,合理诉求
19.91,100.22,80.31,合理诉求
63.25,336.73,273.48,合理诉求
6.91,118.61,111.7,合理诉求
75.66,162.18,86.52000000000001,合理诉求
246.14,1304.95,1058.81,诉求偏高
268.08,475.26,207.18,合理诉求
183.7,373.75,190.05,合理诉求
164.2,194.01,29.810000000000002,合理诉求
35.48,325.42,289.94,合理诉求
184.85,257.76,72.91,合理诉求
210.51,515.68,305.16999999999996,合理诉求
407.14,408.1,0.9600000000000364,合理诉求
1268.14,2244.1,975.9599999999998,合理诉求
233.59,1016.08,782.49,合理诉求
153.84,295.4,141.55999999999997,合理诉求
113.07,171.48,58.41,合理诉求
494.13,723.98,229.85000000000002,合理诉求
75.6,1468.99,1393.39,严重超额
35.2,104.03,68.83,合理诉求
332.9,1377.55,1044.65,合理诉求
40.23,624.82,584.59,诉求偏高
70.02,141.33,71.31000000000002,合理诉求
43.91,257.21,213.29999999999998,合理诉求
270.27,376.98,106.71000000000004,合理诉求
257.86,366.22,108.36000000000001,合理诉求
25.24,140.97,115.73,合理诉求
66.24,222.26,156.01999999999998,合理诉求
59.18,867.07,807.8900000000001,诉求偏高
185.27,248.08,62.81,合理诉求
110.74,917.37,806.63,诉求偏高
1333.5,2179.4,845.9000000000001,合理诉求
504.77,1652.41,1147.64,合理诉求
784.48,1048.91,264.43000000000006,合理诉求
150.31,463.59,313.28,合理诉求
338.89,1311.44,972.5500000000001,合理诉求
93.19,113.17,19.980000000000004,合理诉求
769.78,3138.72,2368.9399999999996,诉求偏高
148.95,160.48,11.530000000000001,合理诉求
496.75,2352.86,1856.1100000000001,诉求偏高
256.02,979.51,723.49,合理诉求
54.01,102.62,48.61000000000001,合理诉求
264.02,1403.84,1139.82,诉求偏高
516.7,536.84,20.139999999999986,合理诉求
111.08,206.28,95.2,合理诉求
53.53,471.6,418.07000000000005,诉求偏高
643.01,1393.31,750.3,合理诉求
62.88,165.47,102.59,合理诉求
49.75,100.08,50.33,合理诉求
196.61,658.47,461.86,合理诉求
60.83,155.59,94.76,合理诉求
201.53,587.33,385.80000000000007,合理诉求
95.7,160.7,64.99999999999999,合理诉求
209.6,587.78,378.17999999999995,合理诉求
223.74,425.39,201.64999999999998,合理诉求
47.92,147.57,99.64999999999999,合理诉求
207.29,392.5,185.21,合理诉求
76.77,230.58,153.81,合理诉求
35.71,266.33,230.61999999999998,合理诉求
6.36,104.66,98.3,合理诉求
423.62,952.64,529.02,合理诉求
403.78,692.94,289.1600000000001,合理诉求
296.43,446.39,149.95999999999998,合理诉求
54.47,114.02,59.55,合理诉求
688.94,2094.17,1405.23,合理诉求
97.59,409.53,311.93999999999994,合理诉求
517.14,1966.19,1449.0500000000002,合理诉求
213.31,530.68,317.36999999999995,合理诉求
141.68,903.25,761.5699999999999,诉求偏高
34.98,558.72,523.74,诉求偏高
242.45,582.58,340.13000000000005,合理诉求
433.53,1472.75,1039.22,合理诉求
224.7,240.92,16.22,合理诉求
30.56,133.89,103.32999999999998,合理诉求
394.38,731.11,336.73,合理诉求
123.99,473.63,349.64,合理诉求
38.16,213.53,175.37,合理诉求
23.32,445.4,422.08,诉求偏高
431.93,1051.38,619.45,合理诉求
619.62,2671.67,2052.05,诉求偏高
226.1,246.7,20.599999999999994,合理诉求
388.83,555.01,166.18,合理诉求
270.6,1006.06,735.4599999999999,合理诉求
259.32,785.01,525.69,合理诉求
211.22,222.01,10.789999999999992,合理诉求
65.26,175.39,110.12999999999998,合理诉求
853.52,4060.19,3206.67,诉求偏高
356.21,801.82,445.61000000000007,合理诉求
244.51,1834.58,1590.07,诉求偏高
424.53,1036.95,612.4200000000001,合理诉求
668.45,2714.23,2045.78,诉求偏高
153.59,488.67,335.08000000000004,合理诉求
58.16,107.36,49.2,合理诉求
233.59,1698.48,1464.89,诉求偏高
166.85,264.72,97.87000000000003,合理诉求
77.67,319.3,241.63,合理诉求
315.13,494.24,179.11,合理诉求
53.75,168.31,114.56,合理诉求
216.13,1004.74,788.61,合理诉求
1523.18,3424.55,1901.3700000000001,合理诉求
44.75,185.24,140.49,合理诉求
425.21,1171.2,745.99,合理诉求
49.48,310.2,260.71999999999997,合理诉求
245.09,355.19,110.1,合理诉求
714.63,1420.18,705.5500000000001,合理诉求
112.31,122.65,10.340000000000003,合理诉求
139.12,185.67,46.54999999999998,合理诉求
1280.29,2005.13,724.8400000000001,合理诉求
83.06,1278.44,1195.38,严重超额
3.11,231.65,228.54,合理诉求
128.26,478.33,350.07,合理诉求
619.73,2295.87,1676.1399999999999,合理诉求
347.7,386.98,39.28000000000003,合理诉求
1073.53,1734.82,661.29,合理诉求
460.03,655.63,195.60000000000002,合理诉求
4.83,104.48,99.65,合理诉求
117.87,120.88,3.009999999999991,合理诉求
204.76,2235.51,2030.7500000000002,严重超额
352.25,424.3,72.05000000000001,合理诉求
22.59,115.4,92.81,合理诉求
217.55,694.63,477.08,合理诉求
1077.63,3134.3,2056.67,合理诉求
509.17,1608.63,1099.46,合理诉求
154.62,232.17,77.54999999999998,合理诉求
85.24,190.52,105.28000000000002,合理诉求
629.43,2894.93,2265.5,诉求偏高
194.67,881.98,687.3100000000001,合理诉求
624.99,2155.06,1530.07,合理诉求
4.85,101.46,96.61,合理诉求
548.7,1074.01,525.31,合理诉求
379.95,660.38,280.43,合理诉求
67.85,127.2,59.35000000000001,合理诉求
118.29,264.9,146.60999999999996,合理诉求
27.63,119.59,91.96000000000001,合理诉求
31.58,236.87,205.29000000000002,合理诉求
235.58,242.49,6.909999999999997,合理诉求
203.04,568.73,365.69000000000005,合理诉求
904.11,3560.21,2656.1,诉求偏高
10.6,205.32,194.72,合理诉求
128.68,170.94,42.25999999999999,合理诉求
39.84,142.61,102.77000000000001,合理诉求
930.75,2758.91,1828.1599999999999,合理诉求
643.13,1041.86,398.7299999999999,合理诉求
27.12,103.01,75.89,合理诉求
570.19,2875.82,2305.63,诉求偏高
210.49,768.7,558.21,合理诉求
41.92,239.42,197.5,合理诉求
93.36,140.72,47.36,合理诉求
74.25,167.97,93.72,合理诉求
258.94,319.34,60.39999999999998,合理诉求
567.9,595.18,27.279999999999973,合理诉求
272.48,344.29,71.81,合理诉求
613.3,637.45,24.15000000000009,合理诉求
57.07,101.83,44.76,合理诉求
443.05,1166.07,723.02,合理诉求
706.06,1221.19,515.1300000000001,合理诉求
280.12,751.71,471.59000000000003,合理诉求
100.24,116.19,15.950000000000003,合理诉求
430.46,1655.26,1224.8,合理诉求
46.42,100.08,53.66,合理诉求
15.0,256.17,241.17000000000002,合理诉求
88.28,365.62,277.34000000000003,合理诉求
12.71,200.36,187.65,合理诉求
203.42,736.09,532.6700000000001,合理诉求
60.1,316.7,256.59999999999997,合理诉求
107.49,145.58,38.09000000000002,合理诉求
236.78,870.78,634.0,合理诉求
64.47,517.43,452.9599999999999,诉求偏高
207.56,2254.0,2046.44,严重超额
48.35,194.43,146.08,合理诉求
817.57,1404.11,586.5399999999998,合理诉求
167.8,1142.14,974.3400000000001,诉求偏高
237.31,1495.44,1258.13,诉求偏高
45.92,114.02,68.1,合理诉求
25.16,104.78,79.62,合理诉求
234.04,758.15,524.11,合理诉求
187.99,597.05,409.05999999999995,合理诉求
853.68,4111.58,3257.9,诉求偏高
262.53,545.16,282.63,合理诉求
23.52,139.38,115.86,合理诉求
128.33,1446.0,1317.67,严重超额
245.13,884.36,639.23,合理诉求
63.13,131.25,68.12,合理诉求
429.71,692.77,263.06,合理诉求
718.87,865.19,146.32000000000005,合理诉求
281.98,539.06,257.0799999999999,合理诉求
1237.56,1860.59,623.03,合理诉求
130.59,309.33,178.73999999999998,合理诉求
22.36,131.26,108.89999999999999,合理诉求
298.01,415.56,117.55000000000001,合理诉求
211.77,304.67,92.9,合理诉求
134.98,337.36,202.38000000000002,合理诉求
225.63,1171.36,945.7299999999999,诉求偏高
268.46,867.24,598.78,合理诉求
257.36,445.38,188.01999999999998,合理诉求
45.56,201.61,156.05,合理诉求
825.76,1055.28,229.51999999999998,合理诉求
2.89,162.94,160.05,合理诉求
369.83,1106.68,736.8500000000001,合理诉求
169.15,451.25,282.1,合理诉求
32.4,242.67,210.26999999999998,合理诉求
140.19,243.72,103.53,合理诉求
215.72,749.5,533.78,合理诉求
588.7,1556.48,967.78,合理诉求
258.75,707.01,448.26,合理诉求
26.14,103.56,77.42,合理诉求
630.21,1175.11,544.8999999999999,合理诉求
85.04,591.94,506.90000000000003,诉求偏高
335.75,874.08,538.33,合理诉求
84.07,132.2,48.129999999999995,合理诉求
87.01,320.25,233.24,合理诉求
542.03,1914.52,1372.49,合理诉求
640.94,2597.57,1956.63,诉求偏高
230.18,262.25,32.06999999999999,合理诉求
3.2,139.12,135.92000000000002,合理诉求
430.27,1106.77,676.5,合理诉求
376.47,514.14,137.66999999999996,合理诉求
160.16,2040.36,1880.1999999999998,严重超额
531.16,845.39,314.23,合理诉求
47.79,177.23,129.44,合理诉求
266.03,392.27,126.24000000000001,合理诉求
415.65,1450.33,1034.6799999999998,合理诉求
283.61,1526.9,1243.29,诉求偏高
118.78,239.45,120.66999999999999,合理诉求
430.97,2150.92,1719.95,诉求偏高
84.88,101.07,16.189999999999998,合理诉求
89.94,232.14,142.2,合理诉求
102.38,303.68,201.3,合理诉求
290.76,1001.49,710.73,合理诉求
76.31,144.57,68.25999999999999,合理诉求
517.88,1089.4,571.5200000000001,合理诉求
86.26,324.68,238.42000000000002,合理诉求
378.38,921.48,543.1,合理诉求
189.53,497.87,308.34000000000003,合理诉求
269.3,337.53,68.22999999999996,合理诉求
3.2,108.01,104.81,合理诉求
299.57,728.35,428.78000000000003,合理诉求
80.39,793.55,713.16,诉求偏高
153.02,1351.28,1198.26,诉求偏高
23.78,278.1,254.32000000000002,合理诉求
101.81,672.99,571.1800000000001,诉求偏高
1165.82,4644.09,3478.2700000000004,诉求偏高
177.53,1952.89,1775.3600000000001,严重超额
1495.84,3872.47,2376.63,合理诉求
79.21,534.0,454.79,合理诉求
125.88,741.43,615.55,诉求偏高
332.53,1016.61,684.08,合理诉求
446.65,1355.68,909.0300000000001,合理诉求
27.8,164.76,136.95999999999998,合理诉求
187.18,280.06,92.88,合理诉求
611.02,3221.29,2610.27,诉求偏高
51.07,358.31,307.24,合理诉求
257.39,1157.02,899.63,合理诉求
208.79,239.57,30.78,合理诉求
182.51,182.99,0.4800000000000182,合理诉求
67.6,504.96,437.36,诉求偏高
209.56,814.73,605.1700000000001,合理诉求
183.57,189.23,5.659999999999997,合理诉求
189.66,214.76,25.099999999999994,合理诉求
53.35,133.83,80.48000000000002,合理诉求
265.7,1084.24,818.54,合理诉求
53.57,103.54,49.970000000000006,合理诉求
11.36,120.65,109.29,合理诉求
40.5,101.63,61.129999999999995,合理诉求
696.64,2664.51,1967.8700000000003,合理诉求
929.96,4332.22,3402.26,诉求偏高
144.9,241.47,96.57,合理诉求
113.21,465.83,352.62,合理诉求
160.75,492.72,331.97,合理诉求
76.86,193.07,116.21,合理诉求
641.42,2474.05,1832.63,合理诉求
537.43,1816.46,1279.0300000000002,合理诉求
478.42,1076.39,597.97,合理诉求
273.71,377.87,104.16000000000003,合理诉求
34.38,100.0,65.62,合理诉求
212.19,648.34,436.15000000000003,合理诉求
95.25,301.21,205.95999999999998,合理诉求
185.43,563.19,377.76000000000005,合理诉求
180.16,383.18,203.02,合理诉求
383.56,852.95,469.39000000000004,合理诉求
56.58,215.8,159.22000000000003,合理诉求
47.8,107.1,59.3,合理诉求
302.78,435.39,132.61,合理诉求
44.32,376.57,332.25,合理诉求
167.21,232.76,65.54999999999998,合理诉求
67.88,126.93,59.05000000000001,合理诉求
485.44,856.27,370.83,合理诉求
137.08,692.66,555.5799999999999,合理诉求
491.78,611.45,119.67000000000007,合理诉求
580.1,1696.47,1116.37,合理诉求
73.24,154.03,80.79,合理诉求
14.4,123.23,108.83,合理诉求
84.29,897.75,813.46,诉求偏高
91.53,782.25,690.72,诉求偏高
27.16,114.35,87.19,合理诉求
278.23,316.23,38.0,合理诉求
812.4,2712.92,1900.52,合理诉求
835.16,3594.14,2758.98,诉求偏高
61.03,171.84,110.81,合理诉求
359.54,891.67,532.1299999999999,合理诉求
19.21,113.15,93.94,合理诉求
790.16,2823.19,2033.0300000000002,合理诉求
452.63,962.69,510.06000000000006,合理诉求
164.48,874.71,710.23,诉求偏高
141.99,1638.41,1496.42,严重超额
242.34,841.58,599.24,合理诉求
673.92,836.24,162.32000000000005,合理诉求
11.26,136.74,125.48,合理诉求
32.15,303.93,271.78000000000003,合理诉求
198.79,1107.6,908.81,诉求偏高
143.25,202.14,58.889999999999986,合理诉求
500.08,1184.7,684.6200000000001,合理诉求
384.02,485.49,101.47000000000003,合理诉求
389.22,659.1,269.88,合理诉求
108.8,175.17,66.36999999999999,合理诉求
176.41,677.87,501.46000000000004,合理诉求
193.44,354.89,161.45,合理诉求
77.61,127.25,49.64,合理诉求
58.15,796.76,738.61,诉求偏高
14.04,194.72,180.68,合理诉求
57.11,238.26,181.14999999999998,合理诉求
46.0,101.39,55.39,合理诉求
82.92,138.14,55.219999999999985,合理诉求
581.31,674.46,93.15000000000009,合理诉求
224.98,620.16,395.17999999999995,合理诉求
240.59,683.7,443.11,合理诉求
864.85,3742.4,2877.55,诉求偏高
232.67,248.42,15.75,合理诉求
63.82,113.32,49.49999999999999,合理诉求
210.71,695.9,485.18999999999994,合理诉求
144.84,658.17,513.3299999999999,合理诉求
14.17,112.71,98.53999999999999,合理诉求
78.63,576.06,497.42999999999995,诉求偏高
234.07,659.95,425.88000000000005,合理诉求
84.23,372.01,287.78,合理诉求
94.4,484.67,390.27,合理诉求
86.87,983.56,896.6899999999999,诉求偏高
381.19,945.0,563.81,合理诉求
26.48,120.9,94.42,合理诉求
1026.58,4611.41,3584.83,诉求偏高
473.71,924.78,451.07,合理诉求
373.95,1119.98,746.03,合理诉求
173.36,347.32,173.95999999999998,合理诉求
226.46,617.35,390.89,合理诉求
298.72,519.53,220.80999999999995,合理诉求
770.87,2038.07,1267.1999999999998,合理诉求
1142.22,2367.84,1225.6200000000001,合理诉求
417.6,743.62,326.02,合理诉求
92.75,134.34,41.59,合理诉求
275.34,616.31,340.96999999999997,合理诉求
39.16,279.51,240.35,合理诉求
524.84,654.55,129.70999999999992,合理诉求
463.88,1313.86,849.9799999999999,合理诉求
93.09,793.48,700.39,诉求偏高
188.3,606.43,418.12999999999994,合理诉求
97.23,110.95,13.719999999999999,合理诉求
311.33,412.34,101.00999999999999,合理诉求
447.88,680.56,232.67999999999995,合理诉求
107.88,275.47,167.59000000000003,合理诉求
787.21,1288.67,501.46000000000004,合理诉求
50.87,274.39,223.51999999999998,合理诉求
28.83,139.78,110.95,合理诉求
257.83,385.25,127.42000000000002,合理诉求
514.78,1815.05,1300.27,合理诉求
350.54,561.41,210.86999999999995,合理诉求
380.46,1419.04,1038.58,合理诉求
67.25,215.81,148.56,合理诉求
133.93,312.45,178.51999999999998,合理诉求
481.58,525.0,43.420000000000016,合理诉求
632.47,800.49,168.01999999999998,合理诉求
410.93,705.84,294.91,合理诉求
207.81,582.53,374.71999999999997,合理诉求
207.83,288.97,81.14000000000001,合理诉求
41.91,123.96,82.05,合理诉求
304.33,1119.23,814.9000000000001,合理诉求
1352.5,1592.57,240.06999999999994,合理诉求
47.86,136.16,88.3,合理诉求
120.86,259.83,138.96999999999997,合理诉求
518.41,1630.92,1112.5100000000002,合理诉求
1453.38,1775.85,322.4699999999998,合理诉求
149.27,234.23,84.95999999999998,合理诉求
258.73,326.96,68.22999999999996,合理诉求
579.29,1387.95,808.6600000000001,合理诉求
1089.74,2163.56,1073.82,合理诉求
541.24,1681.79,1140.55,合理诉求
890.78,1581.94,691.1600000000001,合理诉求
172.13,175.16,3.030000000000001,合理诉求
535.57,1899.97,1364.4,合理诉求
393.98,660.47,266.49,合理诉求
55.58,148.9,93.32000000000001,合理诉求
24.02,222.63,198.60999999999999,合理诉求
205.61,305.73,100.12,合理诉求
164.51,975.8,811.29,诉求偏高
34.91,135.99,101.08000000000001,合理诉求
274.26,436.72,162.46000000000004,合理诉求
436.58,1679.26,1242.68,合理诉求
74.13,118.7,44.57000000000001,合理诉求
593.8,1261.43,667.6300000000001,合理诉求
106.92,121.2,14.280000000000001,合理诉求
367.06,630.04,262.97999999999996,合理诉求
288.72,1175.73,887.01,合理诉求
53.04,100.53,47.49,合理诉求
360.83,540.0,179.17000000000002,合理诉求
24.52,313.45,288.93,合理诉求
118.55,739.07,620.5200000000001,诉求偏高
195.2,422.57,227.37,合理诉求
240.28,779.14,538.86,合理诉求
309.89,990.49,680.6,合理诉求
216.72,220.95,4.22999999999999,合理诉求
46.81,204.51,157.7,合理诉求
28.56,135.22,106.66,合理诉求
91.6,202.83,111.23000000000002,合理诉求
353.91,1329.06,975.1499999999999,合理诉求
712.91,2450.06,1737.15,合理诉求
74.13,189.2,115.07,合理诉求
136.66,293.08,156.42,合理诉求
16.84,148.61,131.77,合理诉求
207.06,512.41,305.34999999999997,合理诉求
1010.46,2198.27,1187.81,合理诉求
374.59,539.08,164.49000000000007,合理诉求
71.0,647.3,576.3,诉求偏高
502.94,980.23,477.29,合理诉求
136.12,205.61,69.49000000000001,合理诉求
190.88,599.46,408.58000000000004,合理诉求
160.22,563.57,403.35,合理诉求
222.84,443.03,220.18999999999997,合理诉求
598.54,1407.96,809.4200000000001,合理诉求
55.46,238.06,182.6,合理诉求
0.9,101.0,100.1,合理诉求
41.24,146.33,105.09,合理诉求
207.21,632.52,425.30999999999995,合理诉求
235.64,283.98,48.34000000000003,合理诉求
65.65,1043.63,977.9800000000001,诉求偏高
195.67,448.73,253.06000000000003,合理诉求
142.33,627.69,485.36,合理诉求
24.92,381.17,356.25,诉求偏高
115.67,615.02,499.34999999999997,合理诉求
82.91,349.11,266.20000000000005,合理诉求
23.38,103.97,80.59,合理诉求
231.4,335.04,103.64000000000001,合理诉求
135.02,1799.17,1664.15,严重超额
203.2,1055.49,852.29,诉求偏高
61.81,374.18,312.37,合理诉求
95.36,148.45,53.08999999999999,合理诉求
111.17,194.02,82.85000000000001,合理诉求
15.19,630.93,615.7399999999999,诉求偏高
159.97,191.66,31.689999999999998,合理诉求
127.73,344.82,217.08999999999997,合理诉求
171.01,519.18,348.16999999999996,合理诉求
287.66,1477.44,1189.78,诉求偏高
132.48,271.43,138.95000000000002,合理诉求
831.67,1387.7,556.0300000000001,合理诉求
343.34,628.22,284.88000000000005,合理诉求
480.29,1156.53,676.24,合理诉求
110.53,544.74,434.21000000000004,合理诉求
143.22,688.79,545.5699999999999,合理诉求
356.68,935.79,579.1099999999999,合理诉求
69.69,243.84,174.15,合理诉求
502.99,927.11,424.12,合理诉求
205.11,253.74,48.629999999999995,合理诉求
335.93,408.81,72.88,合理诉求
503.87,2194.91,1691.04,诉求偏高
94.95,189.99,95.04,合理诉求
48.91,157.76,108.85,合理诉求
791.59,991.82,200.23000000000002,合理诉求
53.79,104.15,50.36000000000001,合理诉求
422.61,777.88,355.27,合理诉求
579.45,2849.78,2270.33,诉求偏高
121.6,283.64,162.04,合理诉求
53.28,227.33,174.05,合理诉求
99.95,582.51,482.56,合理诉求
284.43,408.52,124.08999999999997,合理诉求
620.1,991.27,371.16999999999996,合理诉求
294.38,799.93,505.54999999999995,合理诉求
162.53,935.38,772.85,诉求偏高
254.67,402.67,148.00000000000003,合理诉求
101.41,370.91,269.5,合理诉求
364.75,1668.75,1304.0,诉求偏高
792.54,2063.36,1270.8200000000002,合理诉求
229.35,341.01,111.66,合理诉求
117.46,1402.49,1285.03,严重超额
350.13,1331.25,981.12,合理诉求
176.21,1043.72,867.51,诉求偏高
406.07,1166.54,760.47,合理诉求
454.56,459.61,5.050000000000011,合理诉求
49.88,115.12,65.24000000000001,合理诉求
71.7,180.65,108.95,合理诉求
671.4,919.36,247.96000000000004,合理诉求
53.14,224.89,171.75,合理诉求
143.7,450.09,306.39,合理诉求
1273.04,1349.56,76.51999999999998,合理诉求
175.15,264.6,89.45000000000002,合理诉求
174.06,301.79,127.73000000000002,合理诉求
35.37,167.65,132.28,合理诉求
35.37,197.94,162.57,合理诉求
17.18,134.48,117.29999999999998,合理诉求
100.43,451.69,351.26,合理诉求
119.11,413.75,294.64,合理诉求
477.98,2333.41,1855.4299999999998,诉求偏高
1.69,101.21,99.52,合理诉求
182.7,1800.46,1617.76,严重超额
516.24,908.99,392.75,合理诉求
9.99,110.8,100.81,合理诉求
595.75,1946.08,1350.33,合理诉求
219.71,227.16,7.449999999999989,合理诉求
490.55,1400.41,909.8600000000001,合理诉求
173.0,526.01,353.01,合理诉求
12.41,100.01,87.60000000000001,合理诉求
340.94,1176.17,835.23,合理诉求
360.87,475.83,114.95999999999998,合理诉求
643.29,1333.7,690.4100000000001,合理诉求
590.15,1438.2,848.0500000000001,合理诉求
178.5,355.29,176.79000000000002,合理诉求
36.08,407.53,371.45,诉求偏高
23.61,144.44,120.83,合理诉求
162.95,426.13,263.18,合理诉求
323.92,1442.5,1118.58,诉求偏高
164.15,288.15,123.99999999999997,合理诉求
138.37,226.6,88.22999999999999,合理诉求
141.42,183.52,42.10000000000002,合理诉求
103.67,553.17,449.49999999999994,合理诉求
467.62,496.95,29.329999999999984,合理诉求
351.64,833.22,481.58000000000004,合理诉求
1342.25,1664.64,322.3900000000001,合理诉求
460.76,904.08,443.32000000000005,合理诉求
9.28,103.72,94.44,合理诉求
310.7,536.05,225.34999999999997,合理诉求
499.18,1748.8,1249.62,合理诉求
365.68,459.47,93.79000000000002,合理诉求
453.25,994.3,541.05,合理诉求
127.97,142.92,14.949999999999989,合理诉求
90.82,194.75,103.93,合理诉求
91.83,202.52,110.69000000000001,合理诉求
54.6,206.87,152.27,合理诉求
140.16,555.46,415.30000000000007,合理诉求
719.74,1975.34,1255.6,合理诉求
354.24,1439.6,1085.36,合理诉求
267.97,461.66,193.69,合理诉求
294.68,334.75,40.06999999999999,合理诉求
133.89,589.11,455.22,合理诉求
112.67,351.94,239.26999999999998,合理诉求
872.1,2708.23,1836.13,合理诉求
110.27,756.24,645.97,诉求偏高
337.66,544.14,206.47999999999996,合理诉求
196.98,326.51,129.53,合理诉求
99.15,134.04,34.889999999999986,合理诉求
970.95,1925.77,954.8199999999999,合理诉求
460.06,804.92,344.85999999999996,合理诉求
253.1,977.92,724.8199999999999,合理诉求
78.26,189.89,111.62999999999998,合理诉求
347.73,992.01,644.28,合理诉求
265.64,276.37,10.730000000000018,合理诉求
458.52,896.12,437.6,合理诉求
75.25,337.73,262.48,合理诉求
7.72,102.14,94.42,合理诉求
172.34,1162.23,989.89,诉求偏高
458.83,656.02,197.19,合理诉求
346.23,373.9,27.66999999999996,合理诉求
247.56,797.26,549.7,合理诉求
6.22,102.78,96.56,合理诉求
92.39,121.81,29.42,合理诉求
127.23,513.55,386.31999999999994,合理诉求
376.74,1039.19,662.45,合理诉求
317.91,950.59,632.6800000000001,合理诉求
604.12,1610.32,1006.1999999999999,合理诉求
135.44,627.06,491.61999999999995,合理诉求
317.76,562.71,244.95000000000005,合理诉求
38.37,269.09,230.71999999999997,合理诉求
62.61,175.6,112.99,合理诉求
303.74,2776.45,2472.71,严重超额
174.77,1888.41,1713.64,严重超额
168.4,690.1,521.7,合理诉求
475.74,1681.67,1205.93,合理诉求
70.21,313.42,243.21000000000004,合理诉求
147.22,236.4,89.18,合理诉求
94.72,873.16,778.4399999999999,诉求偏高
85.36,120.12,34.760000000000005,合理诉求
216.95,475.87,258.92,合理诉求
59.31,267.88,208.57,合理诉求
137.52,887.33,749.8100000000001,诉求偏高
325.9,1512.12,1186.2199999999998,诉求偏高
62.57,606.56,543.9899999999999,诉求偏高
147.75,415.45,267.7,合理诉求
47.96,260.72,212.76000000000002,合理诉求
109.75,424.51,314.76,合理诉求
150.87,1394.68,1243.81,诉求偏高
127.81,203.18,75.37,合理诉求
585.42,2657.53,2072.11,诉求偏高
1028.46,1314.07,285.6099999999999,合理诉求
141.97,303.71,161.73999999999998,合理诉求
46.08,146.83,100.75000000000001,合理诉求
94.94,1180.1,1085.1599999999999,诉求偏高
525.04,1286.73,761.69,合理诉求
122.7,227.53,104.83,合理诉求
166.47,308.88,142.41,合理诉求
478.23,1003.17,524.9399999999999,合理诉求
288.28,430.02,141.74,合理诉求
120.17,160.36,40.19000000000001,合理诉求
92.15,229.04,136.89,合理诉求
96.68,699.41,602.73,诉求偏高
723.74,2099.25,1375.51,合理诉求
463.09,809.5,346.41,合理诉求
145.99,1627.16,1481.17,严重超额
613.9,721.89,107.99000000000001,合理诉求
388.41,635.93,247.51999999999992,合理诉求
40.08,282.96,242.88,合理诉求
28.52,138.04,109.52,合理诉求
378.89,394.33,15.439999999999998,合理诉求
587.93,935.9,347.97,合理诉求
65.52,224.97,159.45,合理诉求
213.34,347.17,133.83,合理诉求
159.75,285.62,125.87,合理诉求
92.93,101.27,8.33999999999999,合理诉求
151.8,1184.51,1032.71,诉求偏高
97.59,176.34,78.75,合理诉求
16.09,218.81,202.72,合理诉求
229.93,577.25,347.32,合理诉求
522.2,1261.13,738.9300000000001,合理诉求
242.28,514.75,272.47,合理诉求
237.68,783.41,545.73,合理诉求
333.69,475.69,142.0,合理诉求
536.94,1112.56,575.6199999999999,合理诉求
270.04,1114.18,844.1400000000001,合理诉求
138.27,631.9,493.63,合理诉求
816.0,4263.18,3447.1800000000003,诉求偏高
79.36,181.08,101.72000000000001,合理诉求
87.0,647.52,560.52,诉求偏高
245.75,464.31,218.56,合理诉求
145.68,268.83,123.14999999999998,合理诉求
112.54,1289.57,1177.03,诉求偏高
146.08,811.11,665.03,诉求偏高
82.49,315.28,232.78999999999996,合理诉求
550.07,751.39,201.31999999999994,合理诉求
281.66,959.91,678.25,合理诉求
297.74,512.3,214.55999999999995,合理诉求
285.79,609.07,323.28000000000003,合理诉求
9.24,152.9,143.66,合理诉求
7.51,100.1,92.58999999999999,合理诉求
363.9,403.2,39.30000000000001,合理诉求
12.3,113.41,101.11,合理诉求
432.49,1413.53,981.04,合理诉求
58.87,410.58,351.71,合理诉求
442.14,490.53,48.389999999999986,合理诉求
127.58,364.77,237.19,合理诉求
58.29,103.92,45.63,合理诉求
612.97,674.61,61.639999999999986,合理诉求
52.56,838.87,786.31,诉求偏高
322.34,406.54,84.20000000000005,合理诉求
152.39,227.21,74.82000000000002,合理诉求
30.65,143.73,113.07999999999998,合理诉求
75.21,136.8,61.59000000000002,合理诉求
59.66,137.35,77.69,合理诉求
545.06,2138.77,1593.71,合理诉求
83.57,168.11,84.54000000000002,合理诉求
90.29,158.74,68.45,合理诉求
425.46,1300.82,875.3599999999999,合理诉求
72.38,152.41,80.03,合理诉求
212.44,435.02,222.57999999999998,合理诉求
412.76,1115.43,702.6700000000001,合理诉求
409.11,1306.22,897.11,合理诉求
280.43,1305.04,1024.61,诉求偏高
63.36,822.01,758.65,诉求偏高
598.92,986.24,387.32000000000005,合理诉求
66.07,758.46,692.3900000000001,诉求偏高
1025.7,1788.02,762.3199999999999,合理诉求
68.45,128.12,59.67,合理诉求
115.78,312.62,196.84,合理诉求
38.03,100.03,62.0,合理诉求
562.53,1796.9,1234.3700000000001,合理诉求
99.57,113.86,14.290000000000006,合理诉求
84.32,194.1,109.78,合理诉求
152.74,350.71,197.96999999999997,合理诉求
36.67,100.67,64.0,合理诉求
165.86,483.9,318.03999999999996,合理诉求
37.88,122.72,84.84,合理诉求
157.08,261.21,104.12999999999997,合理诉求
493.37,595.17,101.79999999999995,合理诉求
70.63,137.46,66.83000000000001,合理诉求
1187.25,1974.23,786.98,合理诉求
55.26,103.4,48.14000000000001,合理诉求
188.34,1033.8,845.4599999999999,诉求偏高
64.9,107.58,42.67999999999999,合理诉求
231.34,298.05,66.71000000000001,合理诉求
36.82,256.76,219.94,合理诉求
41.11,208.05,166.94,合理诉求
79.63,154.09,74.46000000000001,合理诉求
383.41,713.45,330.04,合理诉求
61.68,101.2,39.52,合理诉求
675.74,1254.22,578.48,合理诉求
74.38,177.83,103.45000000000002,合理诉求
2.53,111.84,109.31,合理诉求
617.28,1450.34,833.06,合理诉求
25.37,131.86,106.49000000000001,合理诉求
257.54,743.32,485.78000000000003,合理诉求
833.81,2201.57,1367.7600000000002,合理诉求
1116.11,1373.57,257.46000000000004,合理诉求
85.28,149.25,63.97,合理诉求
55.41,193.49,138.08,合理诉求
30.41,104.81,74.4,合理诉求
191.42,560.3,368.88,合理诉求
49.44,153.43,103.99000000000001,合理诉求
653.76,1098.55,444.78999999999996,合理诉求
80.66,100.14,19.480000000000004,合理诉求
701.11,1399.45,698.34,合理诉求
351.36,2502.69,2151.33,严重超额
103.76,188.57,84.80999999999999,合理诉求
231.38,508.25,276.87,合理诉求
246.11,693.48,447.37,合理诉求
31.35,110.61,79.25999999999999,合理诉求
19.5,110.88,91.38,合理诉求
136.2,241.96,105.76000000000002,合理诉求
102.45,299.42,196.97000000000003,合理诉求
56.62,116.93,60.31000000000001,合理诉求
15.34,150.27,134.93,合理诉求
75.09,295.46,220.36999999999998,合理诉求
148.79,173.44,24.650000000000006,合理诉求
628.39,2036.21,1407.8200000000002,合理诉求
489.73,540.66,50.92999999999995,合理诉求
304.69,816.48,511.79,合理诉求
384.42,1396.41,1011.99,合理诉求
394.7,1286.98,892.28,合理诉求
70.39,144.15,73.76,合理诉求
22.48,634.79,612.31,诉求偏高
271.37,695.81,424.43999999999994,合理诉求
209.91,918.07,708.1600000000001,合理诉求
683.04,2648.81,1965.77,诉求偏高
287.12,996.49,709.37,合理诉求
324.1,609.16,285.05999999999995,合理诉求
580.42,1011.95,431.5300000000001,合理诉求
245.82,681.33,435.51000000000005,合理诉求
465.03,1571.63,1106.6000000000001,合理诉求
377.98,478.62,100.63999999999999,合理诉求
71.87,194.06,122.19,合理诉求
23.59,102.47,78.88,合理诉求
278.87,477.11,198.24,合理诉求
166.99,664.66,497.66999999999996,合理诉求
23.32,149.44,126.12,合理诉求
77.84,769.82,691.98,诉求偏高
128.81,182.61,53.80000000000001,合理诉求
226.16,749.66,523.5,合理诉求
186.79,1034.01,847.22,诉求偏高
116.89,136.48,19.58999999999999,合理诉求
427.36,642.71,215.35000000000002,合理诉求
146.88,582.61,435.73,合理诉求
509.83,1005.95,496.12000000000006,合理诉求
647.4,1055.09,407.68999999999994,合理诉求
784.95,1101.38,316.43000000000006,合理诉求
103.32,437.18,333.86,合理诉求
94.68,304.34,209.65999999999997,合理诉求
241.29,425.01,183.72,合理诉求
38.27,709.88,671.61,诉求偏高
4.25,114.45,110.2,合理诉求
470.42,773.01,302.59,合理诉求
57.59,174.98,117.38999999999999,合理诉求
131.05,578.32,447.27000000000004,合理诉求
85.11,123.28,38.17,合理诉求
145.84,245.53,99.69,合理诉求
384.06,1151.16,767.1000000000001,合理诉求
22.44,135.41,112.97,合理诉求
7.08,115.34,108.26,合理诉求
28.95,148.57,119.61999999999999,合理诉求
735.94,809.03,73.08999999999992,合理诉求
2.91,105.22,102.31,合理诉求
304.09,352.87,48.78000000000003,合理诉求
490.07,931.96,441.89000000000004,合理诉求
18.9,123.21,104.31,合理诉求
253.56,557.54,303.97999999999996,合理诉求
141.29,540.77,399.48,合理诉求
300.85,867.04,566.1899999999999,合理诉求
78.97,723.73,644.76,诉求偏高
103.58,201.07,97.49,合理诉求
528.18,1073.88,545.7000000000002,合理诉求
329.37,421.84,92.46999999999997,合理诉求
94.32,472.85,378.53000000000003,合理诉求
917.58,3704.05,2786.4700000000003,诉求偏高
302.99,651.38,348.39,合理诉求
243.41,945.2,701.7900000000001,合理诉求
542.48,629.46,86.98000000000002,合理诉求
36.51,543.04,506.53,诉求偏高
258.27,1258.01,999.74,诉求偏高
140.65,571.38,430.73,合理诉求
163.8,458.41,294.61,合理诉求
756.26,2359.09,1602.8300000000002,合理诉求
206.7,526.7,320.00000000000006,合理诉求
206.5,256.31,49.81,合理诉求
212.02,758.09,546.07,合理诉求
199.14,1392.81,1193.67,诉求偏高
35.85,326.34,290.48999999999995,合理诉求
61.91,123.33,61.42,合理诉求
740.46,3576.32,2835.86,诉求偏高
113.42,581.56,468.13999999999993,合理诉求
427.5,1023.52,596.02,合理诉求
994.92,3874.52,2879.6,诉求偏高
77.05,1226.06,1149.01,严重超额
310.27,2937.57,2627.3,严重超额
426.8,902.58,475.78000000000003,合理诉求
71.94,138.15,66.21000000000001,合理诉求
1100.64,2137.76,1037.1200000000001,合理诉求
336.5,339.01,2.509999999999991,合理诉求
15.61,255.51,239.89999999999998,合理诉求
173.49,566.84,393.35,合理诉求
275.27,297.36,22.090000000000032,合理诉求
152.69,307.84,155.14999999999998,合理诉求
165.88,425.12,259.24,合理诉求
236.49,665.7,429.21000000000004,合理诉求
112.42,316.48,204.06,合理诉求
92.47,199.45,106.97999999999999,合理诉求
69.41,129.84,60.43000000000001,合理诉求
1264.65,1944.84,680.1899999999998,合理诉求
11.26,120.64,109.38,合理诉求
198.15,621.22,423.07000000000005,合理诉求
465.52,3075.71,2610.19,严重超额
22.77,100.53,77.76,合理诉求
102.23,232.14,129.90999999999997,合理诉求
323.85,1373.12,1049.27,合理诉求
73.46,206.69,133.23000000000002,合理诉求
224.78,356.96,132.17999999999998,合理诉求
223.03,834.35,611.32,合理诉求
31.65,144.51,112.85999999999999,合理诉求
854.84,1742.36,887.5199999999999,合理诉求
990.83,2649.53,1658.7000000000003,合理诉求
75.56,213.76,138.2,合理诉求
308.65,626.6,317.95000000000005,合理诉求
95.48,330.19,234.70999999999998,合理诉求
178.87,181.58,2.710000000000008,合理诉求
86.64,893.25,806.61,诉求偏高
82.68,348.19,265.51,合理诉求
114.15,1409.72,1295.57,严重超额
117.41,441.26,323.85,合理诉求
88.71,239.84,151.13,合理诉求
623.5,2315.33,1691.83,合理诉求
425.19,1256.13,830.94,合理诉求
164.22,1012.53,848.31,诉求偏高
355.91,2339.59,1983.68,诉求偏高
92.46,213.34,120.88000000000001,合理诉求
47.51,123.15,75.64000000000001,合理诉求
70.37,181.41,111.03999999999999,合理诉求
188.31,486.47,298.16,合理诉求
424.64,674.33,249.69000000000005,合理诉求
114.63,1349.88,1235.25,严重超额
22.45,279.14,256.69,合理诉求
344.92,485.4,140.47999999999996,合理诉求
244.99,919.82,674.83,合理诉求
2.44,100.06,97.62,合理诉求
151.98,172.41,20.430000000000007,合理诉求
147.79,301.36,153.57000000000002,合理诉求
44.52,208.97,164.45,合理诉求
106.99,210.68,103.69000000000001,合理诉求
189.28,1217.6,1028.32,诉求偏高
477.51,1375.23,897.72,合理诉求
130.5,270.16,139.66000000000003,合理诉求
367.47,436.17,68.69999999999999,合理诉求
1151.47,1688.22,536.75,合理诉求
431.09,983.88,552.79,合理诉求
87.97,192.16,104.19,合理诉求
4.98,108.42,103.44,合理诉求
451.3,1252.52,801.22,合理诉求
41.14,327.73,286.59000000000003,合理诉求
713.23,856.18,142.94999999999993,合理诉求
768.08,4300.89,3532.8100000000004,严重超额
113.57,546.94,433.37000000000006,合理诉求
445.16,1368.62,923.4599999999998,合理诉求
93.31,220.55,127.24000000000001,合理诉求
986.3,1918.18,931.8800000000001,合理诉求
697.72,1667.09,969.3699999999999,合理诉求
610.82,1316.91,706.09,合理诉求
191.06,499.68,308.62,合理诉求
1041.15,1449.29,408.1399999999999,合理诉求
213.61,229.25,15.639999999999986,合理诉求
75.04,362.24,287.2,合理诉求
196.86,667.0,470.14,合理诉求
112.97,974.04,861.0699999999999,诉求偏高
658.21,2346.35,1688.1399999999999,合理诉求
770.52,3203.41,2432.89,诉求偏高
472.71,848.87,376.16,合理诉求
63.52,852.05,788.53,诉求偏高
123.26,919.19,795.9300000000001,诉求偏高
103.92,123.96,20.039999999999992,合理诉求
131.82,501.92,370.1,合理诉求
57.36,807.71,750.35,诉求偏高
85.92,379.04,293.12,合理诉求
521.13,1706.23,1185.1,合理诉求
470.52,974.18,503.65999999999997,合理诉求
560.47,929.95,369.48,合理诉求
11.06,125.71,114.64999999999999,合理诉求
105.21,539.45,434.24000000000007,合理诉求
427.2,434.71,7.509999999999991,合理诉求
187.73,665.87,478.14,合理诉求
95.6,398.19,302.59000000000003,合理诉求
540.21,1139.8,599.5899999999999,合理诉求
11.92,175.63,163.71,合理诉求
72.04,383.47,311.43,合理诉求
131.29,147.95,16.659999999999997,合理诉求
96.53,478.08,381.54999999999995,合理诉求
119.33,186.25,66.92,合理诉求
23.62,116.36,92.74,合理诉求
84.06,264.38,180.32,合理诉求
106.01,117.59,11.579999999999998,合理诉求
79.78,230.89,151.10999999999999,合理诉求
67.38,111.53,44.150000000000006,合理诉求
58.39,394.12,335.73,合理诉求
63.54,260.48,196.94000000000003,合理诉求
647.66,2047.76,1400.1,合理诉求
56.8,241.55,184.75,合理诉求
437.08,2271.63,1834.5500000000002,诉求偏高
297.49,710.79,413.29999999999995,合理诉求
178.41,239.86,61.45000000000002,合理诉求
387.79,684.1,296.31,合理诉求
43.31,217.33,174.02,合理诉求
140.54,164.96,24.420000000000016,合理诉求
91.38,125.7,34.32000000000001,合理诉求
37.04,100.02,62.98,合理诉求
78.13,340.66,262.53000000000003,合理诉求
225.3,443.45,218.14999999999998,合理诉求
445.55,1787.9,1342.3500000000001,合理诉求
1435.19,3221.55,1786.3600000000001,合理诉求
107.73,620.25,512.52,合理诉求
37.8,178.67,140.87,合理诉求
150.35,548.13,397.78,合理诉求
16.06,114.43,98.37,合理诉求
21.48,353.09,331.60999999999996,诉求偏高
118.85,240.39,121.53999999999999,合理诉求
479.59,847.15,367.56,合理诉求
318.55,415.72,97.17000000000002,合理诉求
454.23,587.03,132.79999999999995,合理诉求
202.23,922.11,719.88,合理诉求
353.89,566.35,212.46000000000004,合理诉求
104.06,528.99,424.93,合理诉求
19.02,194.5,175.48,合理诉求
642.25,717.4,75.14999999999998,合理诉求
276.34,1037.07,760.73,合理诉求
78.57,175.96,97.39000000000001,合理诉求
263.96,1060.2,796.24,合理诉求
113.09,381.61,268.52,合理诉求
46.23,325.99,279.76,合理诉求
552.05,1346.14,794.0900000000001,合理诉求
323.66,1748.8,1425.1399999999999,诉求偏高
60.79,253.59,192.8,合理诉求
37.24,122.85,85.60999999999999,合理诉求
434.69,1614.52,1179.83,合理诉求
5.87,153.89,148.01999999999998,合理诉求
86.32,186.93,100.61000000000001,合理诉求
76.33,284.53,208.2,合理诉求
280.89,554.62,273.73,合理诉求
37.65,112.93,75.28,合理诉求
800.83,1151.09,350.2599999999999,合理诉求
246.64,461.3,214.66000000000003,合理诉求
143.44,152.74,9.300000000000011,合理诉求
606.0,2109.5,1503.5,合理诉求
817.78,3803.23,2985.45,诉求偏高
326.06,614.13,288.07,合理诉求
398.52,752.71,354.19000000000005,合理诉求
663.44,3261.3,2597.86,诉求偏高
161.61,341.96,180.34999999999997,合理诉求
228.07,934.29,706.22,合理诉求
395.14,1183.97,788.83,合理诉求
253.92,908.83,654.9100000000001,合理诉求
27.17,200.88,173.70999999999998,合理诉求
93.66,456.99,363.33000000000004,合理诉求
803.31,1942.26,1138.95,合理诉求
103.74,298.63,194.89,合理诉求
65.88,189.29,123.41,合理诉求
135.16,169.99,34.83000000000001,合理诉求
127.88,144.24,16.360000000000014,合理诉求
29.24,369.85,340.61,诉求偏高
286.21,603.65,317.44,合理诉求
126.75,1541.8,1415.05,严重超额
209.36,568.04,358.67999999999995,合理诉求
296.08,1611.29,1315.21,诉求偏高
280.19,315.6,35.410000000000025,合理诉求
1068.09,2725.78,1657.6900000000003,合理诉求
358.14,1931.23,1573.0900000000001,诉求偏高
189.49,1336.94,1147.45,诉求偏高
72.04,219.49,147.45,合理诉求
506.69,892.12,385.43,合理诉求
313.05,1185.13,872.0800000000002,合理诉求
429.74,484.4,54.65999999999997,合理诉求
143.42,386.83,243.41,合理诉求
313.15,1262.17,949.0200000000001,合理诉求
859.2,1054.79,195.58999999999992,合理诉求
760.87,1712.91,952.0400000000001,合理诉求
99.24,428.13,328.89,合理诉求
176.01,266.63,90.62,合理诉求
224.4,616.06,391.65999999999997,合理诉求
37.56,212.77,175.21,合理诉求
84.92,147.61,62.69000000000001,合理诉求
312.0,696.5,384.5,合理诉求
223.82,399.3,175.48000000000002,合理诉求
625.43,626.79,1.3600000000000136,合理诉求
152.08,755.37,603.29,合理诉求
663.99,865.67,201.67999999999995,合理诉求
138.07,503.98,365.91,合理诉求
241.06,2106.11,1865.0500000000002,严重超额
675.13,1861.85,1186.7199999999998,合理诉求
11.31,104.11,92.8,合理诉求
191.11,367.73,176.62,合理诉求
299.53,407.24,107.71000000000004,合理诉求
230.16,411.72,181.56000000000003,合理诉求
447.17,1395.05,947.8799999999999,合理诉求
43.26,458.44,415.18,诉求偏高
168.16,1004.8,836.64,诉求偏高
127.57,172.03,44.46000000000001,合理诉求
437.76,757.2,319.44000000000005,合理诉求
156.55,335.03,178.47999999999996,合理诉求
53.32,102.0,48.68,合理诉求
209.89,291.19,81.30000000000001,合理诉求
11.68,103.14,91.46000000000001,合理诉求
58.72,114.29,55.57000000000001,合理诉求
276.18,277.53,1.349999999999966,合理诉求
123.68,303.56,179.88,合理诉求
116.06,334.84,218.77999999999997,合理诉求
106.75,725.18,618.43,诉求偏高
116.82,1203.91,1087.0900000000001,诉求偏高
400.95,865.65,464.7,合理诉求
317.91,1504.04,1186.1299999999999,诉求偏高
591.86,1870.26,1278.4,合理诉求
385.23,2019.7,1634.47,诉求偏高
215.18,318.27,103.08999999999997,合理诉求
615.67,1093.86,478.18999999999994,合理诉求
184.67,698.44,513.7700000000001,合理诉求
102.15,122.95,20.799999999999997,合理诉求
136.96,176.62,39.66,合理诉求
49.37,224.3,174.93,合理诉求
28.14,266.6,238.46000000000004,合理诉求
296.93,401.46,104.52999999999997,合理诉求
134.65,159.9,25.25,合理诉求
66.05,316.18,250.13,合理诉求
193.7,629.51,435.81,合理诉求
34.48,183.73,149.25,合理诉求
266.97,355.25,88.27999999999997,合理诉求
303.53,599.46,295.93000000000006,合理诉求
174.64,236.4,61.76000000000002,合理诉求
139.2,331.3,192.10000000000002,合理诉求
138.04,317.52,179.48,合理诉求
705.09,1835.3,1130.21,合理诉求
362.53,832.95,470.4200000000001,合理诉求
13.24,104.97,91.73,合理诉求
83.88,157.72,73.84,合理诉求
218.02,700.63,482.61,合理诉求
90.26,848.7,758.44,诉求偏高
546.5,1434.51,888.01,合理诉求
697.39,1915.8,1218.4099999999999,合理诉求
160.97,198.35,37.379999999999995,合理诉求
38.77,113.84,75.07,合理诉求
465.89,734.75,268.86,合理诉求
32.19,149.35,117.16,合理诉求
751.58,941.41,189.82999999999993,合理诉求
148.2,2313.5,2165.3,严重超额
105.87,155.7,49.829999999999984,合理诉求
76.91,938.5,861.59,诉求偏高
924.1,1503.56,579.4599999999999,合理诉求
398.76,1258.82,860.06,合理诉求
81.41,772.02,690.61,诉求偏高
69.36,404.83,335.46999999999997,合理诉求
520.9,1705.14,1184.2400000000002,合理诉求
299.51,2575.9,2276.3900000000003,严重超额
70.62,142.91,72.28999999999999,合理诉求
92.62,403.43,310.81,合理诉求
14.87,112.15,97.28,合理诉求
667.16,957.67,290.51,合理诉求
232.83,467.03,234.19999999999996,合理诉求
91.65,137.86,46.21000000000001,合理诉求
327.48,1026.46,698.98,合理诉求
349.5,1060.23,710.73,合理诉求
32.81,100.12,67.31,合理诉求
125.19,426.45,301.26,合理诉求
9.11,100.74,91.63,合理诉求
186.36,442.27,255.90999999999997,合理诉求
91.98,488.58,396.59999999999997,合理诉求
311.28,484.47,173.19000000000005,合理诉求
729.69,1321.28,591.5899999999999,合理诉求
553.38,2857.03,2303.65,诉求偏高
239.13,872.25,633.12,合理诉求
524.55,2693.04,2168.49,诉求偏高
607.44,2246.18,1638.7399999999998,合理诉求
1002.09,2937.19,1935.1,合理诉求
364.06,874.64,510.58,合理诉求
500.05,1467.15,967.1000000000001,合理诉求
12.41,515.59,503.18,诉求偏高
656.5,888.48,231.98000000000002,合理诉求
21.89,135.1,113.21,合理诉求
303.34,529.27,225.93,合理诉求
64.98,237.15,172.17000000000002,合理诉求
39.48,100.09,60.61000000000001,合理诉求
402.67,2389.48,1986.81,诉求偏高
16.81,129.73,112.91999999999999,合理诉求
290.39,460.33,169.94,合理诉求
1086.66,1783.68,697.02,合理诉求
20.65,421.24,400.59000000000003,诉求偏高
667.51,918.28,250.76999999999998,合理诉求
82.73,394.56,311.83,合理诉求
86.67,565.39,478.71999999999997,合理诉求
125.36,260.41,135.05,合理诉求
228.62,420.95,192.32999999999998,合理诉求
693.4,967.05,273.65,合理诉求
60.45,266.99,206.54000000000002,合理诉求
257.91,371.98,114.07,合理诉求
435.33,1444.03,1008.7,合理诉求
413.01,1297.95,884.94,合理诉求
215.67,309.53,93.85999999999999,合理诉求
494.87,1644.95,1150.08,合理诉求
101.58,241.36,139.78000000000003,合理诉求
553.35,1514.77,961.42,合理诉求
435.18,1015.34,580.1600000000001,合理诉求
82.17,357.51,275.34,合理诉求
149.98,1562.69,1412.71,严重超额
823.75,985.31,161.55999999999995,合理诉求
397.65,1254.65,857.0000000000001,合理诉求
671.89,1451.95,780.0600000000001,合理诉求
467.67,716.08,248.41000000000003,合理诉求
159.44,296.39,136.95,合理诉求
78.5,409.47,330.97,合理诉求
144.01,213.71,69.70000000000002,合理诉求
224.08,775.88,551.8,合理诉求
640.94,2506.35,1865.4099999999999,诉求偏高
132.55,273.25,140.7,合理诉求
202.16,378.41,176.25000000000003,合理诉求
97.8,165.79,67.99,合理诉求
18.27,271.89,253.61999999999998,合理诉求
223.54,989.53,765.99,合理诉求
104.36,143.68,39.32000000000001,合理诉求
44.41,402.62,358.21000000000004,合理诉求
406.11,953.4,547.29,合理诉求
58.67,239.14,180.46999999999997,合理诉求
266.06,505.15,239.08999999999997,合理诉求
15.97,112.86,96.89,合理诉求
88.36,503.47,415.11,合理诉求
194.65,299.17,104.52000000000001,合理诉求
69.67,139.14,69.46999999999998,合理诉求
42.84,338.54,295.70000000000005,合理诉求
456.86,549.52,92.65999999999997,合理诉求
72.85,230.28,157.43,合理诉求
3.65,114.44,110.78999999999999,合理诉求
623.38,3266.66,2643.2799999999997,诉求偏高
39.36,108.12,68.76,合理诉求
488.74,534.49,45.75,合理诉求
578.98,1215.57,636.5899999999999,合理诉求
176.17,413.65,237.48,合理诉求
3.4,140.13,136.73,合理诉求
668.1,3252.51,2584.4100000000003,诉求偏高
315.9,823.3,507.4,合理诉求
640.96,1931.01,1290.05,合理诉求
696.29,1888.92,1192.63,合理诉求
553.67,1404.0,850.33,合理诉求
62.97,295.5,232.53,合理诉求
95.81,206.36,110.55000000000001,合理诉求
206.28,251.72,45.44,合理诉求
571.25,628.55,57.299999999999955,合理诉求
44.66,154.88,110.22,合理诉求
113.54,138.33,24.790000000000006,合理诉求
598.07,1457.35,859.2799999999999,合理诉求
211.09,361.99,150.9,合理诉求
72.2,892.19,819.99,诉求偏高
266.81,544.94,278.13000000000005,合理诉求
599.85,1150.24,550.39,合理诉求
382.39,1006.66,624.27,合理诉求
10.29,110.74,100.44999999999999,合理诉求
384.48,424.31,39.829999999999984,合理诉求
255.94,356.74,100.80000000000001,合理诉求
328.86,925.04,596.18,合理诉求
201.26,528.72,327.46000000000004,合理诉求
198.49,211.49,13.0,合理诉求
4.47,153.59,149.12,合理诉求
134.77,144.43,9.659999999999997,合理诉求
132.14,1190.55,1058.4099999999999,诉求偏高
142.69,795.09,652.4000000000001,诉求偏高
46.4,101.7,55.300000000000004,合理诉求
481.95,1071.84,589.8899999999999,合理诉求
201.87,424.64,222.76999999999998,合理诉求
93.77,326.9,233.13,合理诉求
480.39,652.58,172.19000000000005,合理诉求
423.54,673.83,250.29000000000002,合理诉求
785.41,1769.29,983.88,合理诉求
128.24,165.24,37.0,合理诉求
663.76,1015.56,351.79999999999995,合理诉求
133.11,208.93,75.82,合理诉求
166.39,183.16,16.77000000000001,合理诉求
134.27,672.54,538.27,合理诉求
785.74,3447.64,2661.8999999999996,诉求偏高
99.52,140.17,40.64999999999999,合理诉求
84.92,130.12,45.2,合理诉求
300.52,1913.3,1612.78,诉求偏高
823.49,3774.07,2950.58,诉求偏高
185.92,339.5,153.58,合理诉求
27.36,248.4,221.04000000000002,合理诉求
409.71,535.36,125.65000000000003,合理诉求
422.77,462.61,39.84000000000003,合理诉求
132.96,711.51,578.55,合理诉求
849.09,929.74,80.64999999999998,合理诉求
360.8,826.7,465.90000000000003,合理诉求
78.24,278.78,200.53999999999996,合理诉求
51.74,179.08,127.34,合理诉求
246.84,443.67,196.83,合理诉求
51.42,134.3,82.88000000000001,合理诉求
35.85,319.86,284.01,合理诉求
45.92,589.2,543.2800000000001,诉求偏高
658.34,2437.27,1778.9299999999998,合理诉求
364.97,390.13,25.159999999999968,合理诉求
133.94,425.73,291.79,合理诉求
121.54,205.34,83.8,合理诉求
26.13,122.84,96.71000000000001,合理诉求
150.34,328.4,178.05999999999997,合理诉求
592.25,3504.48,2912.23,严重超额
213.52,340.82,127.29999999999998,合理诉求
284.21,513.86,229.65000000000003,合理诉求
238.68,1183.78,945.0999999999999,诉求偏高
78.05,132.89,54.83999999999999,合理诉求
203.26,219.55,16.29000000000002,合理诉求
173.76,242.03,68.27000000000001,合理诉求
102.65,202.85,100.19999999999999,合理诉求
508.12,772.72,264.6,合理诉求
343.74,799.47,455.73,合理诉求
273.29,1309.96,1036.67,诉求偏高
57.14,233.26,176.12,合理诉求
867.85,1335.12,467.26999999999987,合理诉求
228.14,357.98,129.84000000000003,合理诉求
472.07,545.78,73.70999999999998,合理诉求
27.39,110.78,83.39,合理诉求
124.3,309.89,185.58999999999997,合理诉求
90.18,224.48,134.29999999999998,合理诉求
72.83,107.04,34.21000000000001,合理诉求
35.83,191.25,155.42000000000002,合理诉求
105.6,224.46,118.86000000000001,合理诉求
178.46,260.83,82.36999999999998,合理诉求
563.58,2005.44,1441.8600000000001,合理诉求
157.6,479.09,321.49,合理诉求
109.79,170.12,60.33,合理诉求
226.92,774.67,547.75,合理诉求
305.51,469.65,164.14,合理诉求
393.85,1309.85,915.9999999999999,合理诉求
561.31,585.03,23.720000000000027,合理诉求
41.89,174.32,132.43,合理诉求
3.26,117.89,114.63,合理诉求
57.53,118.3,60.769999999999996,合理诉求
186.52,2399.56,2213.04,严重超额
229.1,231.63,2.530000000000001,合理诉求
25.49,198.77,173.28,合理诉求
86.29,444.69,358.4,合理诉求
30.87,385.88,355.01,诉求偏高
105.54,602.31,496.7699999999999,合理诉求
563.38,2513.74,1950.3599999999997,诉求偏高
102.04,138.68,36.64,合理诉求
595.04,761.04,166.0,合理诉求
108.01,119.88,11.86999999999999,合理诉求
107.44,146.49,39.05000000000001,合理诉求
161.75,818.7,656.95,合理诉求
365.73,1013.25,647.52,合理诉求
7.4,100.35,92.94999999999999,合理诉求
213.34,770.54,557.1999999999999,合理诉求
264.18,755.67,491.48999999999995,合理诉求
82.32,102.19,19.870000000000005,合理诉求
6.83,103.41,96.58,合理诉求
29.19,100.67,71.48,合理诉求
144.24,507.61,363.37,合理诉求
16.48,213.31,196.83,合理诉求
135.37,332.23,196.86,合理诉求
407.9,446.82,38.920000000000016,合理诉求
345.31,591.07,245.76000000000005,合理诉求
247.81,636.52,388.71,合理诉求
74.77,463.0,388.23,合理诉求
30.3,131.88,101.58,合理诉求
583.1,867.01,283.90999999999997,合理诉求
30.1,192.02,161.92000000000002,合理诉求
297.53,474.28,176.75,合理诉求
150.13,1435.03,1284.9,诉求偏高
70.62,128.42,57.79999999999998,合理诉求
301.03,691.93,390.9,合理诉求
193.57,388.14,194.57,合理诉求
9.35,113.05,103.7,合理诉求
120.21,789.57,669.36,诉求偏高
153.8,236.16,82.35999999999999,合理诉求
13.38,113.11,99.73,合理诉求
360.11,690.61,330.5,合理诉求
2.85,102.97,100.12,合理诉求
147.4,233.4,86.0,合理诉求
130.02,867.25,737.23,诉求偏高
61.27,146.18,84.91,合理诉求
135.76,1097.99,962.23,诉求偏高
74.53,112.39,37.86,合理诉求
155.64,454.94,299.3,合理诉求
313.58,1323.35,1009.77,合理诉求
140.28,250.25,109.97,合理诉求
167.74,300.85,133.11,合理诉求
643.24,3231.78,2588.54,诉求偏高
383.45,689.19,305.74000000000007,合理诉求
334.66,908.63,573.97,合理诉求
1166.95,5056.18,3889.2300000000005,诉求偏高
21.55,104.61,83.06,合理诉求
520.46,2804.57,2284.11,诉求偏高
428.65,3177.35,2748.7,严重超额
106.51,351.68,245.17000000000002,合理诉求
89.45,117.86,28.409999999999997,合理诉求
414.42,941.6,527.1800000000001,合理诉求
589.13,3146.58,2557.45,诉求偏高
876.97,2242.31,1365.34,合理诉求
409.41,1039.84,630.4299999999998,合理诉求
198.41,488.49,290.08000000000004,合理诉求
332.81,393.84,61.02999999999997,合理诉求
71.52,114.27,42.75,合理诉求
131.59,217.92,86.32999999999998,合理诉求
144.85,347.55,202.70000000000002,合理诉求
194.35,493.25,298.9,合理诉求
130.71,194.8,64.09,合理诉求
102.0,1072.47,970.47,诉求偏高
83.85,145.14,61.28999999999999,合理诉求
161.37,398.45,237.07999999999998,合理诉求
102.16,337.57,235.41,合理诉求
100.66,388.17,287.51,合理诉求
173.64,1027.83,854.1899999999999,诉求偏高
990.8,1271.54,280.74,合理诉求
288.97,1396.02,1107.05,诉求偏高
500.17,1658.25,1158.08,合理诉求
102.49,621.92,519.43,诉求偏高
285.52,812.51,526.99,合理诉求
256.37,304.44,48.06999999999999,合理诉求
47.61,462.32,414.71,诉求偏高
218.55,277.62,59.06999999999999,合理诉求
993.44,1623.41,629.97,合理诉求
44.44,170.72,126.28,合理诉求
74.85,119.78,44.93000000000001,合理诉求
556.93,1513.72,956.7900000000001,合理诉求
193.09,1517.5,1324.41,诉求偏高
118.49,1113.31,994.8199999999999,诉求偏高
641.39,1069.9,428.5100000000001,合理诉求
237.47,340.19,102.72,合理诉求
257.01,750.87,493.86,合理诉求
121.46,381.93,260.47,合理诉求
251.57,312.02,60.44999999999999,合理诉求
91.84,123.04,31.200000000000003,合理诉求
400.68,908.25,507.57,合理诉求
21.6,117.48,95.88,合理诉求
58.74,227.99,169.25,合理诉求
1136.9,1533.52,396.6199999999999,合理诉求
72.48,107.89,35.41,合理诉求
52.17,784.25,732.08,诉求偏高
700.44,2529.16,1828.7199999999998,合理诉求
822.27,1079.21,256.94000000000005,合理诉求
92.66,194.69,102.03,合理诉求
636.6,1953.16,1316.56,合理诉求
179.14,873.03,693.89,合理诉求
627.49,1355.19,727.7,合理诉求
492.92,704.83,211.91000000000003,合理诉求
377.61,1101.08,723.4699999999999,合理诉求
6.91,100.29,93.38000000000001,合理诉求
1374.48,1611.97,237.49,合理诉求
54.8,124.67,69.87,合理诉求
285.98,1473.0,1187.02,诉求偏高
207.9,268.54,60.640000000000015,合理诉求
82.28,120.88,38.599999999999994,合理诉求
79.19,191.46,112.27000000000001,合理诉求
582.54,819.99,237.45000000000005,合理诉求
91.02,442.31,351.29,合理诉求
136.4,437.45,301.04999999999995,合理诉求
1077.33,5035.76,3958.4300000000003,诉求偏高
441.45,1613.22,1171.77,合理诉求
568.97,944.75,375.78,合理诉求
51.49,109.34,57.85,合理诉求
27.13,371.35,344.22,诉求偏高
165.99,517.02,351.03,合理诉求
110.94,303.31,192.37,合理诉求
73.31,918.38,845.0699999999999,诉求偏高
182.48,1024.03,841.55,诉求偏高
101.3,102.77,1.4699999999999989,合理诉求
20.76,114.42,93.66,合理诉求
191.72,827.97,636.25,合理诉求
29.2,556.98,527.78,诉求偏高
23.2,105.53,82.33,合理诉求
162.96,634.4,471.43999999999994,合理诉求
679.99,1783.57,1103.58,合理诉求
133.93,216.56,82.63,合理诉求
720.91,858.21,137.30000000000007,合理诉求
33.31,195.32,162.01,合理诉求
249.96,700.46,450.5,合理诉求
287.93,1173.28,885.3499999999999,合理诉求
127.04,131.2,4.159999999999982,合理诉求
381.14,990.75,609.61,合理诉求
215.69,399.71,184.01999999999998,合理诉求
174.46,905.69,731.23,诉求偏高
75.05,231.74,156.69,合理诉求
69.93,1010.83,940.9000000000001,诉求偏高
319.47,484.71,165.23999999999995,合理诉求
364.43,424.63,60.19999999999999,合理诉求
637.39,1229.29,591.9,合理诉求
284.15,1206.21,922.0600000000001,合理诉求
315.13,762.3,447.16999999999996,合理诉求
17.34,118.56,101.22,合理诉求
131.55,925.62,794.0699999999999,诉求偏高
335.78,1257.67,921.8900000000001,合理诉求
18.54,244.86,226.32000000000002,合理诉求
530.93,2806.16,2275.23,诉求偏高
116.7,503.97,387.27000000000004,合理诉求
133.44,277.91,144.47000000000003,合理诉求
866.0,4197.74,3331.74,诉求偏高
99.7,267.76,168.06,合理诉求
645.31,1089.04,443.73,合理诉求
92.38,209.09,116.71000000000001,合理诉求
958.77,3957.92,2999.15,诉求偏高
172.08,205.17,33.089999999999975,合理诉求
34.98,558.72,523.74,诉求偏高
113.92,921.87,807.95,诉求偏高
1278.11,5498.77,4220.660000000001,诉求偏高
453.41,1068.77,615.3599999999999,合理诉求
109.95,122.37,12.420000000000002,合理诉求
146.53,496.88,350.35,合理诉求
442.47,1047.28,604.81,合理诉求
396.85,457.18,60.329999999999984,合理诉求
338.9,1093.42,754.5200000000001,合理诉求
173.99,916.36,742.37,诉求偏高
136.08,281.7,145.61999999999998,合理诉求
344.95,901.59,556.6400000000001,合理诉求
967.11,2414.55,1447.44,合理诉求
605.74,1146.92,541.1800000000001,合理诉求
318.1,861.57,543.47,合理诉求
141.6,398.9,257.29999999999995,合理诉求
426.58,581.0,154.42000000000002,合理诉求
57.06,558.86,501.8,诉求偏高
579.55,1295.52,715.97,合理诉求
262.48,969.99,707.51,合理诉求
1725.24,2334.11,608.8700000000001,合理诉求
317.67,704.88,387.21,合理诉求
212.18,328.47,116.29000000000002,合理诉求
458.29,1706.48,1248.19,合理诉求
198.61,444.5,245.89,合理诉求
302.74,463.24,160.5,合理诉求
432.27,829.94,397.6700000000001,合理诉求
217.55,1236.22,1018.6700000000001,诉求偏高
449.81,669.09,219.28000000000003,合理诉求
41.15,454.98,413.83000000000004,诉求偏高
225.97,253.47,27.5,合理诉求
103.99,546.96,442.97,合理诉求
139.34,551.5,412.15999999999997,合理诉求
114.75,330.48,215.73000000000002,合理诉求
43.66,772.95,729.2900000000001,诉求偏高
168.74,188.95,20.20999999999998,合理诉求
66.29,982.59,916.3000000000001,诉求偏高
466.26,2536.82,2070.5600000000004,诉求偏高
291.12,571.41,280.28999999999996,合理诉求
215.98,540.61,324.63,合理诉求
254.2,486.38,232.18,合理诉求
990.32,4337.53,3347.2099999999996,诉求偏高
101.93,430.55,328.62,合理诉求
475.2,1732.14,1256.94,合理诉求
154.55,679.07,524.52,合理诉求
409.85,1073.86,664.0099999999999,合理诉求
160.14,358.22,198.08000000000004,合理诉求
300.94,614.78,313.84,合理诉求
321.97,632.7,310.73,合理诉求
208.24,691.96,483.72,合理诉求
184.05,662.12,478.07,合理诉求
1071.81,1680.69,608.8800000000001,合理诉求
345.15,1594.51,1249.3600000000001,诉求偏高
186.09,530.5,344.40999999999997,合理诉求
47.95,139.86,91.91000000000001,合理诉求
1192.29,5237.7,4045.41,诉求偏高
112.74,317.2,204.45999999999998,合理诉求
147.88,367.21,219.32999999999998,合理诉求
177.46,632.18,454.7199999999999,合理诉求
250.48,366.5,116.02000000000001,合理诉求
288.12,833.93,545.81,合理诉求
242.4,248.1,5.699999999999989,合理诉求
72.33,571.72,499.39000000000004,诉求偏高
732.64,766.54,33.89999999999998,合理诉求
330.93,698.11,367.18,合理诉求
208.54,274.1,65.56000000000003,合理诉求
105.04,209.18,104.14,合理诉求
10.86,102.65,91.79,合理诉求
45.97,428.72,382.75,诉求偏高
600.77,1272.15,671.3800000000001,合理诉求
240.0,373.0,133.0,合理诉求
142.58,381.97,239.39000000000001,合理诉求
73.08,110.3,37.22,合理诉求
112.04,1186.12,1074.08,诉求偏高
1676.05,3742.86,2066.8100000000004,合理诉求
97.55,111.7,14.150000000000006,合理诉求
505.98,1361.78,855.8,合理诉求
166.63,198.0,31.370000000000005,合理诉求
400.19,1461.23,1061.04,合理诉求
88.35,105.01,16.66000000000001,合理诉求
155.63,482.71,327.08,合理诉求
49.19,129.73,80.53999999999999,合理诉求
330.77,2503.84,2173.07,严重超额
971.13,2270.57,1299.44,合理诉求
235.16,559.56,324.4,合理诉求
24.76,1221.6,1196.84,严重超额
644.72,1694.99,1050.27,合理诉求
304.32,415.1,110.78000000000003,合理诉求
84.27,133.06,48.790000000000006,合理诉求
83.77,144.48,60.709999999999994,合理诉求
363.21,580.29,217.07999999999998,合理诉求
61.59,115.96,54.36999999999999,合理诉求
630.93,1945.64,1314.71,合理诉求
368.35,872.48,504.13,合理诉求
326.68,428.06,101.38,合理诉求
258.9,986.67,727.77,合理诉求
30.04,367.16,337.12,合理诉求
179.07,256.41,77.34000000000003,合理诉求
357.64,636.22,278.58000000000004,合理诉求
174.66,395.72,221.06000000000003,合理诉求
991.59,4102.28,3110.6899999999996,诉求偏高
68.58,154.62,86.04,合理诉求
84.39,167.09,82.7,合理诉求
666.31,1684.6,1018.29,合理诉求
395.56,1585.44,1189.88,合理诉求
252.83,374.14,121.30999999999997,合理诉求
139.23,366.39,227.16,合理诉求
131.93,150.75,18.819999999999993,合理诉求
489.62,669.8,180.17999999999995,合理诉求
13.23,106.45,93.22,合理诉求
285.08,1019.87,734.79,合理诉求
505.62,569.99,64.37,合理诉求
401.64,600.01,198.37,合理诉求
240.21,570.06,329.8499999999999,合理诉求
960.37,1939.15,978.7800000000001,合理诉求
542.13,1109.21,567.08,合理诉求
382.36,933.32,550.96,合理诉求
375.8,719.32,343.52000000000004,合理诉求
197.15,239.38,42.22999999999999,合理诉求
68.37,113.39,45.019999999999996,合理诉求
202.38,227.69,25.310000000000002,合理诉求
695.99,3360.2,2664.21,诉求偏高
284.93,841.6,556.6700000000001,合理诉求
520.89,1884.68,1363.79,合理诉求
55.2,103.81,48.61,合理诉求
162.34,963.89,801.55,诉求偏高
185.2,231.62,46.420000000000016,合理诉求
632.03,1556.46,924.4300000000001,合理诉求
33.93,520.74,486.81,诉求偏高
7.06,798.73,791.6700000000001,诉求偏高
126.01,158.86,32.85000000000001,合理诉求
406.5,963.99,557.49,合理诉求
332.15,437.54,105.39000000000004,合理诉求
823.84,1923.22,1099.38,合理诉求
19.3,103.37,84.07000000000001,合理诉求
78.6,193.98,115.38,合理诉求
207.74,419.04,211.3,合理诉求
6.33,104.89,98.56,合理诉求
119.82,296.62,176.8,合理诉求
59.5,437.25,377.75,合理诉求
130.87,145.11,14.240000000000009,合理诉求
853.97,2690.2,1836.2299999999998,合理诉求
308.59,405.52,96.93,合理诉求
934.89,1790.4,855.5100000000001,合理诉求
423.49,877.16,453.66999999999996,合理诉求
76.95,709.4,632.4499999999999,诉求偏高
312.78,464.84,152.06,合理诉求
93.65,364.97,271.32000000000005,合理诉求
151.24,464.25,313.01,合理诉求
661.44,3234.56,2573.12,诉求偏高
127.86,250.57,122.71,合理诉求
909.6,1247.84,338.2399999999999,合理诉求
611.95,1579.31,967.3599999999999,合理诉求
513.57,2346.32,1832.75,诉求偏高
7.27,117.25,109.98,合理诉求
20.59,146.22,125.63,合理诉求
454.83,551.91,97.07999999999998,合理诉求
600.02,1179.71,579.69,合理诉求
722.77,1444.54,721.77,合理诉求
110.29,191.22,80.92999999999999,合理诉求
338.67,1147.93,809.26,合理诉求
227.93,233.55,5.6200000000000045,合理诉求
131.47,359.61,228.14000000000001,合理诉求
110.1,344.73,234.63000000000002,合理诉求
306.51,956.83,650.32,合理诉求
10.53,137.59,127.06,合理诉求
110.21,190.88,80.67,合理诉求
859.39,1761.96,902.57,合理诉求
94.48,272.32,177.83999999999997,合理诉求
173.12,273.52,100.39999999999998,合理诉求
200.33,271.69,71.35999999999999,合理诉求
73.39,1873.63,1800.24,严重超额
47.84,280.64,232.79999999999998,合理诉求
333.39,1183.91,850.5200000000001,合理诉求
275.68,1036.97,761.29,合理诉求
290.25,857.25,567.0,合理诉求
59.6,191.68,132.08,合理诉求
77.47,351.74,274.27,合理诉求
239.52,616.92,377.4,合理诉求
88.79,104.76,15.969999999999999,合理诉求
555.12,765.6,210.48000000000002,合理诉求
172.49,1404.72,1232.23,诉求偏高
55.92,118.38,62.459999999999994,合理诉求
300.37,494.76,194.39,合理诉求
4.58,118.94,114.36,合理诉求
177.98,380.45,202.47,合理诉求
458.76,1003.02,544.26,合理诉求
261.8,721.67,459.86999999999995,合理诉求
499.98,853.25,353.27,合理诉求
735.8,2030.0,1294.2,合理诉求
792.54,1505.21,712.6700000000001,合理诉求
225.89,316.08,90.19,合理诉求
21.14,131.82,110.67999999999999,合理诉求
58.12,143.33,85.21000000000001,合理诉求
226.32,299.73,73.41000000000003,合理诉求
381.3,420.55,39.25,合理诉求
1317.82,2425.03,1107.2100000000003,合理诉求
32.63,106.16,73.53,合理诉求
99.59,255.85,156.26,合理诉求
64.65,482.56,417.90999999999997,合理诉求
67.88,141.52,73.64000000000001,合理诉求
34.83,155.57,120.74,合理诉求
10.83,111.09,100.26,合理诉求
106.17,339.85,233.68,合理诉求
105.94,220.98,115.03999999999999,合理诉求
194.58,703.8,509.2199999999999,合理诉求
663.19,1524.01,860.8199999999999,合理诉求
218.0,341.2,123.19999999999999,合理诉求
127.2,947.65,820.4499999999999,诉求偏高
392.5,904.63,512.13,合理诉求
586.11,1336.18,750.07,合理诉求
67.13,777.9,710.77,诉求偏高
193.27,204.89,11.619999999999976,合理诉求
17.98,109.6,91.61999999999999,合理诉求
112.61,391.33,278.71999999999997,合理诉求
163.72,400.42,236.70000000000002,合理诉求
640.11,1100.81,460.69999999999993,合理诉求
177.77,1079.41,901.6400000000001,诉求偏高
20.47,126.47,106.0,合理诉求
106.05,880.34,774.2900000000001,诉求偏高
790.34,1087.92,297.58000000000004,合理诉求
118.56,306.19,187.63,合理诉求
43.28,139.94,96.66,合理诉求
153.88,248.2,94.32,合理诉求
647.23,790.86,143.63,合理诉求
415.66,695.5,279.84,合理诉求
429.05,1397.7,968.6500000000001,合理诉求
72.08,373.94,301.86,合理诉求
37.43,105.02,67.59,合理诉求
14.72,135.01,120.28999999999999,合理诉求
180.46,289.89,109.42999999999998,合理诉求
19.82,112.43,92.61000000000001,合理诉求
286.05,303.26,17.20999999999998,合理诉求
91.23,381.72,290.49,合理诉求
613.12,839.61,226.49,合理诉求
138.32,758.79,620.47,诉求偏高
268.14,955.7,687.5600000000001,合理诉求
127.43,619.41,491.97999999999996,合理诉求
858.56,3574.71,2716.15,诉求偏高
136.15,156.16,20.00999999999999,合理诉求
77.6,106.17,28.570000000000007,合理诉求
42.75,113.19,70.44,合理诉求
179.58,987.36,807.78,诉求偏高
84.42,170.63,86.21,合理诉求
12.66,116.67,104.01,合理诉求
232.76,1084.23,851.47,诉求偏高
244.58,653.37,408.78999999999996,合理诉求
235.73,329.27,93.53999999999999,合理诉求
249.01,885.63,636.62,合理诉求
688.04,1050.5,362.46000000000004,合理诉求
53.42,306.38,252.95999999999998,合理诉求
48.31,307.09,258.78,合理诉求
171.28,224.86,53.58000000000001,合理诉求
323.16,520.55,197.38999999999993,合理诉求
992.04,1221.83,229.78999999999996,合理诉求
49.58,526.98,477.40000000000003,诉求偏高
73.46,234.45,160.99,合理诉求
337.9,420.99,83.09000000000003,合理诉求
60.15,290.81,230.66,合理诉求
508.69,577.61,68.92000000000002,合理诉求
450.05,2013.51,1563.46,诉求偏高
144.53,735.01,590.48,合理诉求
310.03,1218.95,908.9200000000001,合理诉求
306.09,776.81,470.71999999999997,合理诉求
651.18,1760.9,1109.7200000000003,合理诉求
65.82,643.22,577.4000000000001,诉求偏高
415.18,1446.2,1031.02,合理诉求
220.61,262.42,41.81,合理诉求
355.45,609.8,254.34999999999997,合理诉求
70.18,116.84,46.66,合理诉求
788.54,2428.43,1639.8899999999999,合理诉求
473.39,1764.13,1290.7400000000002,合理诉求
880.7,3660.49,2779.79,诉求偏高
530.18,632.4,102.22000000000003,合理诉求
420.59,1060.17,639.5800000000002,合理诉求
404.73,1035.22,630.49,合理诉求
90.27,100.88,10.61,合理诉求
843.04,1172.52,329.48,合理诉求
433.72,592.73,159.01,合理诉求
420.91,606.62,185.70999999999998,合理诉求
184.98,607.47,422.49,合理诉求
831.94,892.18,60.239999999999895,合理诉求
173.83,631.81,457.9799999999999,合理诉求
146.51,581.78,435.27,合理诉求
50.79,155.95,105.16,合理诉求
81.79,454.54,372.75,合理诉求
210.97,964.12,753.15,合理诉求
2040.08,3091.83,1051.75,合理诉求
82.82,750.77,667.95,诉求偏高
92.64,368.32,275.68,合理诉求
354.08,437.33,83.25,合理诉求
27.14,113.47,86.33,合理诉求
730.45,948.49,218.03999999999996,合理诉求
707.7,764.72,57.01999999999998,合理诉求
647.59,1287.41,639.82,合理诉求
168.39,193.97,25.580000000000013,合理诉求
515.99,1703.11,1187.12,合理诉求
148.54,276.88,128.34,合理诉求
652.83,828.31,175.4799999999999,合理诉求
153.72,876.38,722.66,诉求偏高
251.79,284.11,32.32000000000002,合理诉求
1151.33,2280.85,1129.52,合理诉求
396.62,906.9,510.28,合理诉求
92.71,361.4,268.69,合理诉求
61.04,371.98,310.94,合理诉求
97.45,100.66,3.2099999999999937,合理诉求
373.66,713.93,340.2699999999999,合理诉求
407.09,2662.02,2254.93,严重超额
126.92,334.92,208.0,合理诉求
609.31,1285.83,676.52,合理诉求
305.42,1214.93,909.51,合理诉求
245.93,775.5,529.5699999999999,合理诉求
171.59,260.87,89.28,合理诉求
890.82,1022.46,131.64,合理诉求
35.58,109.75,74.17,合理诉求
361.46,552.55,191.08999999999997,合理诉求
424.61,625.23,200.62,合理诉求
63.92,562.26,498.34,诉求偏高
711.82,1169.39,457.57000000000005,合理诉求
172.13,549.36,377.23,合理诉求
429.43,1284.56,855.1299999999999,合理诉求
147.48,180.17,32.69,合理诉求
55.2,126.67,71.47,合理诉求
16.23,335.07,318.84,诉求偏高
34.72,116.85,82.13,合理诉求
105.53,320.53,214.99999999999997,合理诉求
93.34,202.75,109.41,合理诉求
610.58,1568.49,957.91,合理诉求
134.86,323.52,188.65999999999997,合理诉求
333.52,362.89,29.370000000000005,合理诉求
224.06,938.04,713.98,合理诉求
315.55,394.18,78.63,合理诉求
102.92,117.6,14.679999999999993,合理诉求
134.9,147.26,12.359999999999985,合理诉求
314.79,2685.04,2370.25,严重超额
266.03,1052.3,786.27,合理诉求
36.56,347.18,310.62,合理诉求
451.07,469.98,18.910000000000025,合理诉求
16.84,138.0,121.16,合理诉求
144.83,221.75,76.91999999999999,合理诉求
111.07,182.77,71.70000000000002,合理诉求
141.37,1027.47,886.1,诉求偏高
334.88,399.57,64.69,合理诉求
56.93,116.52,59.589999999999996,合理诉求
415.78,1818.01,1402.23,诉求偏高
322.93,897.17,574.24,合理诉求
710.51,3753.0,3042.49,诉求偏高
104.85,284.89,180.04,合理诉求
182.35,435.76,253.41,合理诉求
235.03,608.03,373.0,合理诉求
157.73,311.89,154.16,合理诉求
42.45,763.3,720.8499999999999,诉求偏高
108.1,543.51,435.40999999999997,合理诉求
809.91,1680.95,871.0400000000001,合理诉求
2.28,102.55,100.27,合理诉求
341.61,1043.58,701.9699999999999,合理诉求
93.47,529.51,436.03999999999996,合理诉求
1154.57,4466.08,3311.51,诉求偏高
698.66,2368.21,1669.5500000000002,合理诉求
479.41,589.43,110.01999999999992,合理诉求
569.15,677.85,108.70000000000005,合理诉求
545.35,595.87,50.51999999999998,合理诉求
84.71,172.72,88.01,合理诉求
167.42,309.92,142.50000000000003,合理诉求
295.78,600.08,304.30000000000007,合理诉求
844.95,1873.61,1028.6599999999999,合理诉求
413.11,2507.75,2094.64,诉求偏高
200.2,409.52,209.32,合理诉求
225.25,469.57,244.32,合理诉求
524.24,677.75,153.51,合理诉求
594.55,2510.12,1915.57,诉求偏高
58.68,106.05,47.37,合理诉求
55.87,180.04,124.16999999999999,合理诉求
44.1,130.6,86.5,合理诉求
228.28,519.64,291.36,合理诉求
514.83,1170.41,655.58,合理诉求
91.45,171.85,80.39999999999999,合理诉求
374.68,1102.07,727.3899999999999,合理诉求
139.81,270.24,130.43,合理诉求
122.43,423.15,300.71999999999997,合理诉求
129.34,245.81,116.47,合理诉求
99.94,242.71,142.77,合理诉求
158.62,272.28,113.65999999999997,合理诉求
289.5,741.0,451.5,合理诉求
260.77,549.41,288.64,合理诉求
293.73,1137.05,843.3199999999999,合理诉求
65.03,111.4,46.370000000000005,合理诉求
280.76,511.35,230.59000000000003,合理诉求
201.74,506.28,304.53999999999996,合理诉求
885.01,1950.22,1065.21,合理诉求
73.24,143.15,69.91000000000001,合理诉求
1070.38,3643.46,2573.08,合理诉求
179.63,947.54,767.91,诉求偏高
632.36,989.22,356.86,合理诉求
64.37,286.05,221.68,合理诉求
40.21,192.5,152.29,合理诉求
174.81,1278.07,1103.26,诉求偏高
59.44,151.01,91.57,合理诉求
568.35,700.72,132.37,合理诉求
142.27,271.33,129.05999999999997,合理诉求
188.31,246.01,57.69999999999999,合理诉求
18.08,101.58,83.5,合理诉求
59.59,408.25,348.65999999999997,合理诉求
119.12,120.48,1.3599999999999994,合理诉求
587.29,2176.14,1588.85,合理诉求
432.28,1872.49,1440.21,诉求偏高
71.32,110.09,38.77000000000001,合理诉求
158.57,403.32,244.75,合理诉求
1238.9,4239.97,3001.07,合理诉求
1098.27,1545.18,446.9100000000001,合理诉求
671.62,835.28,163.65999999999997,合理诉求
108.02,125.01,16.99000000000001,合理诉求
94.68,629.47,534.79,诉求偏高
493.5,572.61,79.11000000000001,合理诉求
190.26,202.59,12.330000000000013,合理诉求
488.67,778.38,289.71,合理诉求
17.75,100.4,82.65,合理诉求
257.87,599.82,341.95000000000005,合理诉求
233.89,507.75,273.86,合理诉求
383.44,1091.14,707.7,合理诉求
173.87,342.03,168.15999999999997,合理诉求
20.55,172.84,152.29,合理诉求
70.01,136.73,66.71999999999998,合理诉求
338.05,680.94,342.89000000000004,合理诉求
21.84,120.76,98.92,合理诉求
207.85,523.16,315.30999999999995,合理诉求
296.35,316.91,20.560000000000002,合理诉求
296.38,300.54,4.160000000000025,合理诉求
106.96,599.16,492.2,合理诉求
101.79,126.56,24.769999999999996,合理诉求
101.67,1315.41,1213.74,严重超额
98.85,634.26,535.41,诉求偏高
157.84,1209.53,1051.69,诉求偏高
388.52,984.62,596.1,合理诉求
107.89,361.05,253.16000000000003,合理诉求
514.78,933.48,418.70000000000005,合理诉求
747.0,1145.93,398.93000000000006,合理诉求
31.61,162.71,131.10000000000002,合理诉求
112.41,243.12,130.71,合理诉求
130.2,361.97,231.77000000000004,合理诉求
283.99,295.18,11.189999999999998,合理诉求
672.48,1414.5,742.02,合理诉求
951.53,3833.82,2882.29,诉求偏高
850.53,4190.26,3339.7300000000005,诉求偏高
111.62,325.36,213.74,合理诉求
990.6,1805.4,814.8000000000001,合理诉求
82.2,150.72,68.52,合理诉求
110.16,176.97,66.81,合理诉求
251.05,470.41,219.36,合理诉求
5.53,137.75,132.22,合理诉求
32.97,243.73,210.76,合理诉求
33.45,835.58,802.13,诉求偏高
4.83,100.19,95.36,合理诉求
204.28,371.62,167.34,合理诉求
615.69,1363.77,748.0799999999999,合理诉求
423.24,434.74,11.5,合理诉求
276.8,699.1,422.3,合理诉求
756.21,2050.33,1294.12,合理诉求
503.98,937.29,433.30999999999995,合理诉求
97.56,1011.09,913.53,诉求偏高
355.75,1004.18,648.43,合理诉求
99.65,863.83,764.1800000000001,诉求偏高
826.71,972.35,145.64,合理诉求
258.99,457.12,198.13,合理诉求
428.42,1004.8,576.3799999999999,合理诉求
431.07,779.35,348.28000000000003,合理诉求
22.43,108.91,86.47999999999999,合理诉求
276.26,456.11,179.85000000000002,合理诉求
68.81,100.23,31.42,合理诉求
472.29,525.47,53.18000000000001,合理诉求
116.52,253.4,136.88,合理诉求
598.8,1108.57,509.77,合理诉求
292.91,596.2,303.29,合理诉求
75.88,240.16,164.28,合理诉求
267.87,1748.86,1480.9899999999998,诉求偏高
218.82,389.74,170.92000000000002,合理诉求
72.34,277.93,205.59,合理诉求
497.09,1062.35,565.26,合理诉求
151.84,849.29,697.4499999999999,诉求偏高
55.43,733.41,677.98,诉求偏高
1285.68,1832.48,546.8,合理诉求
446.66,1263.68,817.02,合理诉求
689.17,3437.59,2748.42,诉求偏高
167.94,202.55,34.610000000000014,合理诉求
216.57,382.24,165.67000000000002,合理诉求
78.65,305.74,227.09,合理诉求
878.85,1945.02,1066.17,合理诉求
169.57,318.14,148.57,合理诉求
19.31,1041.02,1021.71,严重超额
185.43,439.43,254.0,合理诉求
554.65,1471.61,916.9599999999999,合理诉求
474.17,1652.63,1178.46,合理诉求
902.65,1778.35,875.6999999999999,合理诉求
31.49,157.42,125.92999999999999,合理诉求
151.19,303.13,151.94,合理诉求
872.62,1796.52,923.9,合理诉求
1003.08,1663.9,660.82,合理诉求
1045.87,2765.27,1719.4,合理诉求
245.9,845.93,600.03,合理诉求
97.88,127.95,30.070000000000007,合理诉求
38.23,100.87,62.64000000000001,合理诉求
125.66,457.01,331.35,合理诉求
774.43,874.57,100.1400000000001,合理诉求
327.14,411.85,84.71000000000004,合理诉求
1095.67,3019.67,1924.0,合理诉求
31.8,100.69,68.89,合理诉求
429.58,819.59,390.01000000000005,合理诉求
735.63,2117.03,1381.4,合理诉求
265.07,1829.35,1564.28,诉求偏高
442.52,935.85,493.33000000000004,合理诉求
89.0,443.99,354.99,合理诉求
507.21,1251.01,743.8,合理诉求
54.81,364.03,309.21999999999997,合理诉求
410.4,699.91,289.51,合理诉求
666.2,1503.06,836.8599999999999,合理诉求
863.16,4466.49,3603.33,诉求偏高
906.79,2041.24,1134.45,合理诉求
107.75,1444.81,1337.06,严重超额
182.64,309.8,127.16000000000003,合理诉求
92.85,169.63,76.78,合理诉求
147.24,289.49,142.25,合理诉求
323.58,668.64,345.06,合理诉求
34.38,100.01,65.63,合理诉求
221.98,570.55,348.56999999999994,合理诉求
155.44,195.38,39.94,合理诉求
1024.27,2978.55,1954.2800000000002,合理诉求
7.4,100.94,93.53999999999999,合理诉求
386.25,1333.56,947.31,合理诉求
92.86,175.87,83.01,合理诉求
52.08,107.48,55.400000000000006,合理诉求
169.8,842.14,672.3399999999999,合理诉求
45.68,118.74,73.06,合理诉求
167.49,1381.76,1214.27,诉求偏高
150.71,259.76,109.04999999999998,合理诉求
422.51,1509.16,1086.65,合理诉求
319.95,1037.15,717.2,合理诉求
383.3,1024.2,640.9000000000001,合理诉求
128.33,586.29,457.9599999999999,合理诉求
690.23,1169.82,479.5899999999999,合理诉求
80.92,651.29,570.37,诉求偏高
13.94,103.62,89.68,合理诉求
38.39,106.39,68.0,合理诉求
606.32,1587.63,981.3100000000001,合理诉求
218.54,960.92,742.38,合理诉求
177.88,1864.07,1686.19,严重超额
801.26,1009.65,208.39,合理诉求
169.87,192.78,22.909999999999997,合理诉求
7.91,109.35,101.44,合理诉求
156.86,632.43,475.56999999999994,合理诉求
260.0,413.97,153.97000000000003,合理诉求
449.33,989.29,539.96,合理诉求
139.36,470.54,331.18,合理诉求
126.35,194.84,68.49000000000001,合理诉求
76.65,143.46,66.81,合理诉求
41.21,109.15,67.94,合理诉求
573.23,949.22,375.99,合理诉求
675.24,1315.14,639.9000000000001,合理诉求
255.9,1147.8,891.9,合理诉求
279.87,1002.68,722.81,合理诉求
86.78,118.53,31.75,合理诉求
642.43,3088.4,2445.9700000000003,诉求偏高
277.19,919.61,642.4200000000001,合理诉求
345.52,523.04,177.51999999999998,合理诉求
37.31,105.47,68.16,合理诉求
615.92,1137.76,521.84,合理诉求
194.84,1064.9,870.0600000000001,诉求偏高
77.16,208.31,131.15,合理诉求
741.24,1076.46,335.22,合理诉求
351.1,405.99,54.889999999999986,合理诉求
122.09,1366.34,1244.25,诉求偏高
605.85,1347.62,741.7699999999999,合理诉求
392.88,628.76,235.88,合理诉求
248.28,396.51,148.23,合理诉求
490.99,775.97,284.98,合理诉求
4.07,100.44,96.37,合理诉求
47.37,118.35,70.97999999999999,合理诉求
335.85,1069.53,733.68,合理诉求
148.32,206.09,57.77000000000001,合理诉求
470.97,718.46,247.49,合理诉求
263.51,373.73,110.22000000000003,合理诉求
445.63,1350.6,904.9699999999999,合理诉求
638.27,1478.53,840.26,合理诉求
553.11,1871.14,1318.0300000000002,合理诉求
229.74,484.33,254.58999999999997,合理诉求
596.7,864.61,267.90999999999997,合理诉求
157.51,452.02,294.51,合理诉求
98.11,132.76,34.64999999999999,合理诉求
30.45,270.57,240.12,合理诉求
71.37,1088.9,1017.5300000000001,诉求偏高
59.31,194.63,135.32,合理诉求
204.97,752.77,547.8,合理诉求
94.66,186.07,91.41,合理诉求
221.76,313.52,91.75999999999999,合理诉求
4.0,104.87,100.87,合理诉求
66.95,1192.05,1125.1,严重超额
279.88,485.74,205.86,合理诉求
229.93,734.2,504.27000000000004,合理诉求
657.71,1617.72,960.01,合理诉求
399.1,2854.79,2455.69,严重超额
69.63,200.46,130.83,合理诉求
1061.5,4777.26,3715.76,诉求偏高
617.98,1604.07,986.0899999999999,合理诉求
418.74,1231.62,812.8799999999999,合理诉求
108.44,198.16,89.72,合理诉求
21.68,128.02,106.34,合理诉求
237.96,920.94,682.98,合理诉求
187.83,852.16,664.3299999999999,合理诉求
84.89,297.45,212.56,合理诉求
169.38,192.74,23.360000000000014,合理诉求
38.34,108.34,70.0,合理诉求
32.85,225.85,193.0,合理诉求
391.89,1151.69,759.8000000000001,合理诉求
100.55,331.75,231.2,合理诉求
96.34,266.4,170.05999999999997,合理诉求
122.33,273.07,150.74,合理诉求
55.62,219.52,163.9,合理诉求
42.49,198.18,155.69,合理诉求
222.74,886.54,663.8,合理诉求
203.8,371.24,167.44,合理诉求
16.32,483.78,467.46,诉求偏高
219.08,419.61,200.53,合理诉求
20.59,185.01,164.42,合理诉求
569.57,1281.52,711.9499999999999,合理诉求
73.38,223.56,150.18,合理诉求
184.27,504.5,320.23,合理诉求
110.34,115.7,5.359999999999999,合理诉求
118.37,822.79,704.42,诉求偏高
29.33,626.41,597.0799999999999,诉求偏高
417.98,1273.44,855.46,合理诉求
612.31,1665.26,1052.95,合理诉求
478.2,1407.1,928.8999999999999,合理诉求
158.48,629.99,471.51,合理诉求
177.08,338.1,161.02,合理诉求
236.83,1218.15,981.32,诉求偏高
187.15,188.14,0.9899999999999807,合理诉求
636.79,887.6,250.81000000000006,合理诉求
238.41,302.04,63.630000000000024,合理诉求
659.57,989.04,329.4699999999999,合理诉求
385.46,1241.57,856.1099999999999,合理诉求
20.51,115.78,95.27,合理诉求
349.4,600.7,251.30000000000007,合理诉求
66.78,675.57,608.7900000000001,诉求偏高
178.7,548.22,369.52000000000004,合理诉求
137.6,261.72,124.12000000000003,合理诉求
31.1,109.29,78.19,合理诉求
687.19,1107.64,420.45000000000005,合理诉求
225.96,995.86,769.9,合理诉求
37.8,367.21,329.40999999999997,合理诉求
60.21,238.3,178.09,合理诉求
298.04,723.88,425.84,合理诉求
328.02,1012.67,684.65,合理诉求
529.67,858.4,328.73,合理诉求
7.49,104.36,96.87,合理诉求
399.25,686.27,287.02,合理诉求
528.72,777.16,248.43999999999994,合理诉求
25.76,737.82,712.0600000000001,诉求偏高
319.49,1123.25,803.76,合理诉求
289.8,475.25,185.45,合理诉求
172.68,219.79,47.109999999999985,合理诉求
856.33,1589.01,732.68,合理诉求
39.44,211.96,172.52,合理诉求
2.36,100.3,97.94,合理诉求
464.85,949.66,484.80999999999995,合理诉求
119.73,636.91,517.18,合理诉求
110.23,326.49,216.26,合理诉求
754.54,1260.28,505.74,合理诉求
24.04,121.33,97.28999999999999,合理诉求
96.11,264.09,167.97999999999996,合理诉求
53.97,161.12,107.15,合理诉求
127.41,146.6,19.189999999999998,合理诉求
81.02,151.89,70.86999999999999,合理诉求
378.67,2331.19,1952.52,诉求偏高
215.75,1724.73,1508.98,诉求偏高
300.79,1243.34,942.55,合理诉求
53.63,175.35,121.72,合理诉求
362.96,1012.04,649.0799999999999,合理诉求
138.09,147.23,9.139999999999986,合理诉求
529.54,823.5,293.96000000000004,合理诉求
22.78,116.65,93.87,合理诉求
214.03,570.56,356.53,合理诉求
54.1,138.35,84.25,合理诉求
58.58,795.62,737.04,诉求偏高
325.69,630.22,304.53000000000003,合理诉求
241.97,895.36,653.39,合理诉求
136.35,143.68,7.3300000000000125,合理诉求
41.74,530.17,488.42999999999995,诉求偏高
684.24,1796.24,1112.0,合理诉求
46.86,100.01,53.150000000000006,合理诉求
132.21,250.15,117.94,合理诉求
315.67,984.02,668.3499999999999,合理诉求
154.92,282.68,127.76000000000002,合理诉求
290.72,528.38,237.65999999999997,合理诉求
16.67,121.55,104.88,合理诉求
509.11,1458.94,949.83,合理诉求
293.83,1607.11,1313.28,诉求偏高
432.03,1660.97,1228.94,合理诉求
41.69,113.52,71.83,合理诉求
132.05,182.05,50.0,合理诉求
86.73,138.21,51.480000000000004,合理诉求
686.66,3739.0,3052.34,诉求偏高
206.38,352.99,146.61,合理诉求
8.96,100.8,91.84,合理诉求
852.57,1088.28,235.70999999999992,合理诉求
1083.98,4491.0,3407.02,诉求偏高
51.6,157.42,105.82,合理诉求
366.7,1126.86,760.1599999999999,合理诉求
0.98,102.89,101.91,合理诉求
281.79,292.12,10.329999999999984,合理诉求
49.74,367.14,317.4,合理诉求
448.39,1197.32,748.93,合理诉求
170.74,1352.34,1181.6,诉求偏高
253.67,334.29,80.62000000000003,合理诉求
381.84,599.16,217.32,合理诉求
343.84,419.9,76.06,合理诉求
42.26,104.07,61.809999999999995,合理诉求
13.36,106.84,93.48,合理诉求
764.73,1229.98,465.25,合理诉求
480.4,538.43,58.02999999999997,合理诉求
349.94,1407.27,1057.33,合理诉求
803.14,3574.45,2771.31,诉求偏高
118.89,198.49,79.60000000000001,合理诉求
95.92,220.57,124.64999999999999,合理诉求
116.98,363.41,246.43,合理诉求
190.97,912.6,721.63,合理诉求
71.34,828.1,756.76,诉求偏高
402.02,583.94,181.92000000000007,合理诉求
3023.27,5460.87,2437.6,合理诉求
79.38,394.26,314.88,合理诉求
869.04,1335.27,466.23,合理诉求
109.82,131.66,21.840000000000003,合理诉求
610.27,3921.82,3311.55,严重超额
116.85,706.13,589.28,诉求偏高
265.62,920.08,654.46,合理诉求
300.98,645.43,344.44999999999993,合理诉求
173.14,191.85,18.710000000000008,合理诉求
241.38,470.2,228.82,合理诉求
237.97,308.79,70.82000000000002,合理诉求
40.44,458.49,418.05,诉求偏高
363.87,503.8,139.93,合理诉求
26.74,108.65,81.91000000000001,合理诉求
31.81,101.98,70.17,合理诉求
14.57,126.84,112.27000000000001,合理诉求
327.67,671.69,344.02000000000004,合理诉求
20.53,164.31,143.78,合理诉求
842.65,2106.62,1263.9699999999998,合理诉求
39.91,146.23,106.32,合理诉求
632.2,891.94,259.74,合理诉求
138.02,188.89,50.869999999999976,合理诉求
42.27,100.19,57.919999999999995,合理诉求
377.75,1400.46,1022.71,合理诉求
75.41,146.36,70.95000000000002,合理诉求
42.58,319.05,276.47,合理诉求
96.49,553.91,457.41999999999996,合理诉求
293.74,1054.39,760.6500000000001,合理诉求
350.05,472.75,122.69999999999999,合理诉求
89.43,171.19,81.75999999999999,合理诉求
142.52,184.02,41.5,合理诉求
161.32,1086.44,925.1200000000001,诉求偏高
101.98,199.85,97.86999999999999,合理诉求
289.7,484.83,195.13,合理诉求
317.78,948.78,631.0,合理诉求
276.39,340.2,63.81,合理诉求
11.75,107.74,95.99,合理诉求
383.5,1198.64,815.1400000000001,合理诉求
247.64,252.77,5.130000000000024,合理诉求
457.76,1312.42,854.6600000000001,合理诉求
448.78,1340.91,892.1300000000001,合理诉求
415.15,890.63,475.48,合理诉求
93.45,303.82,210.37,合理诉求
52.22,114.26,62.040000000000006,合理诉求
456.86,1026.72,569.86,合理诉求
587.03,1701.02,1113.99,合理诉求
120.38,567.35,446.97,合理诉求
206.1,721.9,515.8,合理诉求
307.24,760.9,453.65999999999997,合理诉求
466.98,1323.54,856.56,合理诉求
491.44,1109.28,617.8399999999999,合理诉求
159.37,162.41,3.039999999999992,合理诉求
86.85,112.33,25.480000000000004,合理诉求
593.29,2047.18,1453.89,合理诉求
563.69,1305.81,742.1199999999999,合理诉求
13.53,101.17,87.64,合理诉求
1157.59,3185.42,2027.8300000000002,合理诉求
864.35,1931.1,1066.75,合理诉求
161.04,478.35,317.31000000000006,合理诉求
127.54,545.87,418.33,合理诉求
264.33,713.35,449.02000000000004,合理诉求
274.94,625.83,350.89000000000004,合理诉求
49.02,346.71,297.69,合理诉求
27.37,225.69,198.32,合理诉求
228.32,895.86,667.54,合理诉求
257.96,258.33,0.37000000000000455,合理诉求
79.63,138.85,59.22,合理诉求
108.74,182.63,73.89,合理诉求
520.15,2414.78,1894.63,诉求偏高
538.66,1186.27,647.61,合理诉求
133.26,466.99,333.73,合理诉求
324.45,393.67,69.22000000000003,合理诉求
192.37,439.93,247.56,合理诉求
310.45,368.68,58.23000000000002,合理诉求
366.75,1220.21,853.46,合理诉求
412.47,1346.28,933.81,合理诉求
988.42,3496.05,2507.63,合理诉求
175.22,403.86,228.64000000000001,合理诉求
466.52,1244.99,778.47,合理诉求
10.17,404.74,394.57,诉求偏高
997.41,1000.98,3.57000000000005,合理诉求
25.57,194.54,168.97,合理诉求
117.5,350.5,233.0,合理诉求
367.75,1358.73,990.98,合理诉求
60.3,121.6,61.3,合理诉求
182.83,2336.49,2153.66,严重超额
314.08,951.65,637.5699999999999,合理诉求
78.69,245.39,166.7,合理诉求
466.77,755.34,288.57000000000005,合理诉求
656.99,1445.48,788.49,合理诉求
30.25,1161.76,1131.51,严重超额
484.39,608.83,124.44000000000005,合理诉求
127.43,640.04,512.6099999999999,合理诉求
66.35,482.64,416.28999999999996,合理诉求
294.42,1174.39,879.97,合理诉求
680.51,4098.88,3418.37,严重超额
1000.5,1835.53,835.03,合理诉求
898.73,2244.16,1345.4299999999998,合理诉求
124.48,188.3,63.82000000000001,合理诉求
699.01,2306.12,1607.11,合理诉求
77.99,129.76,51.769999999999996,合理诉求
49.78,823.85,774.07,诉求偏高
94.88,819.06,724.18,诉求偏高
180.17,203.04,22.870000000000005,合理诉求
70.85,249.75,178.9,合理诉求
249.02,1113.61,864.5899999999999,合理诉求
88.53,277.06,188.53,合理诉求
272.59,581.44,308.8500000000001,合理诉求
180.05,995.27,815.22,诉求偏高
564.0,851.84,287.84000000000003,合理诉求
200.62,635.87,435.25,合理诉求
293.2,567.32,274.12000000000006,合理诉求
25.29,122.37,97.08000000000001,合理诉求
67.69,140.58,72.89000000000001,合理诉求
321.47,678.89,357.41999999999996,合理诉求
240.39,276.16,35.77000000000004,合理诉求
243.72,299.47,55.75000000000003,合理诉求
2553.31,4231.77,1678.4600000000005,合理诉求
468.88,1408.86,939.9799999999999,合理诉求
185.51,390.06,204.55,合理诉求
306.85,805.72,498.87,合理诉求
100.07,779.92,679.8499999999999,诉求偏高
155.53,543.71,388.18000000000006,合理诉求
701.56,1291.05,589.49,合理诉求
329.94,976.49,646.55,合理诉求
192.34,337.92,145.58,合理诉求
137.23,277.07,139.84,合理诉求
140.4,342.52,202.11999999999998,合理诉求
9.66,118.42,108.76,合理诉求
380.94,888.98,508.04,合理诉求
278.59,681.25,402.66,合理诉求
108.38,161.67,53.28999999999999,合理诉求
424.07,1229.04,804.97,合理诉求
513.13,1833.43,1320.3000000000002,合理诉求
129.05,255.19,126.13999999999999,合理诉求
159.19,671.4,512.21,合理诉求
322.5,656.5,334.0,合理诉求
27.25,104.84,77.59,合理诉求
54.24,157.61,103.37,合理诉求
310.49,571.5,261.01,合理诉求
314.81,668.22,353.41,合理诉求
153.73,311.84,158.10999999999999,合理诉求
426.41,562.53,136.11999999999995,合理诉求
156.6,440.97,284.37,合理诉求
1198.62,2176.54,977.9200000000001,合理诉求
155.83,707.64,551.81,合理诉求
113.65,163.99,50.34,合理诉求
35.07,190.51,155.44,合理诉求
312.38,801.51,489.13,合理诉求
872.75,2994.64,2121.89,合理诉求
212.38,539.92,327.53999999999996,合理诉求
61.49,177.67,116.17999999999998,合理诉求
807.97,832.2,24.230000000000018,合理诉求
1202.91,1962.19,759.28,合理诉求
233.13,366.71,133.57999999999998,合理诉求
87.98,610.68,522.6999999999999,诉求偏高
82.24,271.96,189.71999999999997,合理诉求
294.02,457.41,163.39000000000004,合理诉求
130.99,162.96,31.97,合理诉求
146.43,207.16,60.72999999999999,合理诉求
55.51,102.62,47.11000000000001,合理诉求
351.53,858.51,506.98,合理诉求
385.89,759.13,373.24,合理诉求
35.66,197.13,161.47,合理诉求
1014.91,2106.01,1091.1000000000004,合理诉求
356.03,731.64,375.61,合理诉求
363.57,1008.36,644.79,合理诉求
346.85,3181.2,2834.35,严重超额
94.06,217.23,123.16999999999999,合理诉求
251.28,305.4,54.119999999999976,合理诉求
18.28,100.63,82.35,合理诉求
163.69,237.5,73.81,合理诉求
171.78,750.17,578.39,合理诉求
322.29,613.36,291.07,合理诉求
272.57,1106.71,834.1400000000001,合理诉求
898.52,1236.04,337.52,合理诉求
70.1,201.49,131.39000000000001,合理诉求
320.5,1341.06,1020.56,合理诉求
61.69,881.5,819.81,诉求偏高
147.65,937.17,789.52,诉求偏高
226.66,987.93,761.27,合理诉求
59.49,222.54,163.04999999999998,合理诉求
58.93,487.34,428.40999999999997,诉求偏高
363.9,1181.75,817.85,合理诉求
27.38,107.57,80.19,合理诉求
191.08,1334.71,1143.63,诉求偏高
54.66,109.9,55.24000000000001,合理诉求
673.84,3154.03,2480.19,诉求偏高
529.48,2925.41,2395.93,诉求偏高
316.86,840.93,524.0699999999999,合理诉求
138.29,301.84,163.54999999999998,合理诉求
683.99,2198.39,1514.3999999999999,合理诉求
309.92,1472.68,1162.76,诉求偏高
126.46,471.14,344.68,合理诉求
325.6,1039.27,713.67,合理诉求
37.44,375.62,338.18,合理诉求
505.44,1937.34,1431.8999999999999,合理诉求
692.01,806.04,114.02999999999997,合理诉求
80.31,239.43,159.12,合理诉求
79.05,140.75,61.7,合理诉求
687.11,3311.38,2624.27,诉求偏高
22.51,101.48,78.97,合理诉求
381.47,658.91,277.43999999999994,合理诉求
129.27,342.94,213.67,合理诉求
121.65,132.52,10.870000000000005,合理诉求
346.52,372.93,26.410000000000025,合理诉求
761.8,2098.6,1336.8,合理诉求
63.41,133.79,70.38,合理诉求
343.46,480.56,137.10000000000002,合理诉求
219.06,795.13,576.0699999999999,合理诉求
209.02,625.05,416.03,合理诉求
276.28,1190.42,914.1400000000001,合理诉求
59.53,320.77,261.24,合理诉求
465.25,1578.3,1113.05,合理诉求
201.55,272.63,71.07999999999998,合理诉求
172.02,526.83,354.81000000000006,合理诉求
2.5,101.7,99.2,合理诉求
110.8,487.58,376.78,合理诉求
190.53,235.67,45.139999999999986,合理诉求
172.37,182.25,9.879999999999995,合理诉求
671.92,1228.8,556.88,合理诉求
8.88,101.38,92.5,合理诉求
180.57,226.17,45.599999999999994,合理诉求
182.32,1473.99,1291.67,诉求偏高
88.59,197.02,108.43,合理诉求
748.12,974.99,226.87,合理诉求
55.29,310.04,254.75000000000003,合理诉求
16.69,171.58,154.89000000000001,合理诉求
61.06,169.18,108.12,合理诉求
388.07,555.12,167.05,合理诉求
358.61,571.77,213.15999999999997,合理诉求
123.62,194.06,70.44,合理诉求
268.37,777.21,508.84000000000003,合理诉求
161.3,1005.6,844.3,诉求偏高
47.93,254.14,206.20999999999998,合理诉求
179.16,526.04,346.88,合理诉求
492.97,866.24,373.27,合理诉求
468.54,2808.07,2339.53,诉求偏高
42.78,198.89,156.10999999999999,合理诉求
287.73,553.43,265.69999999999993,合理诉求
82.67,542.58,459.91,合理诉求
33.27,115.99,82.72,合理诉求
807.17,2831.78,2024.6100000000001,合理诉求
324.85,1451.94,1127.0900000000001,诉求偏高
529.71,725.7,195.99,合理诉求
772.72,2468.08,1695.36,合理诉求
183.42,198.52,15.100000000000023,合理诉求
126.66,157.83,31.170000000000016,合理诉求
353.3,2427.04,2073.74,严重超额
247.96,932.76,684.8,合理诉求
331.97,985.53,653.56,合理诉求
56.87,866.34,809.47,诉求偏高
182.53,358.69,176.16,合理诉求
51.7,132.14,80.43999999999998,合理诉求
59.4,317.21,257.81,合理诉求
86.56,180.02,93.46000000000001,合理诉求
245.86,499.79,253.93,合理诉求
71.62,110.51,38.89,合理诉求
321.7,893.54,571.8399999999999,合理诉求
665.76,1228.35,562.5899999999999,合理诉求
154.71,470.46,315.75,合理诉求
830.36,2421.94,1591.58,合理诉求
539.55,908.27,368.72,合理诉求
123.43,958.27,834.8399999999999,诉求偏高
24.03,189.06,165.03,合理诉求
297.46,479.57,182.11,合理诉求
50.04,166.82,116.78,合理诉求
619.57,1521.18,901.61,合理诉求
192.54,416.19,223.65,合理诉求
1014.83,1353.85,339.01999999999987,合理诉求
407.06,577.28,170.21999999999997,合理诉求
68.26,113.44,45.17999999999999,合理诉求
580.06,653.34,73.28000000000009,合理诉求
377.24,1177.09,799.8499999999999,合理诉求
37.93,333.69,295.76,合理诉求
205.69,959.52,753.8299999999999,合理诉求
238.54,857.61,619.07,合理诉求
333.18,1208.06,874.8799999999999,合理诉求
648.76,748.33,99.57000000000005,合理诉求
271.18,580.58,309.40000000000003,合理诉求
85.36,142.73,57.36999999999999,合理诉求
185.95,216.74,30.79000000000002,合理诉求
525.15,998.71,473.56000000000006,合理诉求
234.2,727.6,493.40000000000003,合理诉求
834.67,2426.01,1591.3400000000001,合理诉求
411.11,468.49,57.379999999999995,合理诉求
156.18,366.2,210.01999999999998,合理诉求
461.23,1958.14,1496.91,诉求偏高
144.7,1004.09,859.3900000000001,诉求偏高
229.23,1674.98,1445.75,诉求偏高
29.38,118.15,88.77000000000001,合理诉求
289.55,791.86,502.31,合理诉求
864.95,3540.97,2676.0199999999995,诉求偏高
435.52,1300.83,865.31,合理诉求
333.98,912.56,578.5799999999999,合理诉求
177.22,360.82,183.6,合理诉求
519.33,550.51,31.17999999999995,合理诉求
564.6,1934.87,1370.27,合理诉求
142.65,206.94,64.28999999999999,合理诉求
71.3,772.89,701.59,诉求偏高
215.37,389.31,173.94,合理诉求
332.92,1080.96,748.04,合理诉求
804.9,1481.69,676.7900000000001,合理诉求
6.36,101.03,94.67,合理诉求
479.62,1736.14,1256.52,合理诉求
80.24,160.94,80.7,合理诉求
21.97,171.88,149.91,合理诉求
33.48,103.06,69.58000000000001,合理诉求
934.55,3129.64,2195.09,合理诉求
157.85,236.2,78.35,合理诉求
196.97,2442.16,2245.19,严重超额
147.01,212.04,65.03,合理诉求
502.02,1462.78,960.76,合理诉求
197.58,322.99,125.41,合理诉求
100.86,786.45,685.59,诉求偏高
98.2,238.1,139.89999999999998,合理诉求
213.78,477.99,264.21000000000004,合理诉求
505.08,1101.89,596.8100000000002,合理诉求
105.37,221.46,116.09,合理诉求
66.48,323.97,257.49,合理诉求
321.1,754.89,433.78999999999996,合理诉求
104.69,289.32,184.63,合理诉求
277.08,528.26,251.18,合理诉求
333.0,2955.31,2622.31,严重超额
84.77,201.38,116.61,合理诉求
73.34,330.7,257.36,合理诉求
113.36,165.41,52.05,合理诉求
279.26,724.24,444.98,合理诉求
275.39,830.14,554.75,合理诉求
365.58,561.07,195.49000000000007,合理诉求
7.44,117.99,110.55,合理诉求
659.35,2318.78,1659.4300000000003,合理诉求
569.06,775.39,206.33000000000004,合理诉求
241.6,268.33,26.72999999999999,合理诉求
468.71,1282.26,813.55,合理诉求
160.74,1392.74,1232.0,诉求偏高
1301.67,2648.37,1346.6999999999998,合理诉求
123.45,1592.16,1468.71,严重超额
279.73,1123.8,844.0699999999999,合理诉求
194.04,1142.24,948.2,诉求偏高
188.13,276.47,88.34000000000003,合理诉求
424.86,2939.95,2515.0899999999997,严重超额
416.09,651.8,235.70999999999998,合理诉求
45.51,217.06,171.55,合理诉求
219.5,553.43,333.92999999999995,合理诉求
605.67,1251.81,646.14,合理诉求
217.65,501.59,283.93999999999994,合理诉求
497.84,2068.51,1570.6700000000003,诉求偏高
95.23,303.22,207.99,合理诉求
72.61,168.13,95.52,合理诉求
345.9,830.35,484.45000000000005,合理诉求
75.26,527.7,452.44000000000005,诉求偏高
377.13,396.98,19.850000000000023,合理诉求
49.71,802.19,752.48,诉求偏高
949.96,1170.71,220.75,合理诉求
77.76,263.56,185.8,合理诉求
343.4,995.55,652.15,合理诉求
622.0,1016.8,394.79999999999995,合理诉求
197.38,575.36,377.98,合理诉求
755.92,1383.6,627.68,合理诉求
136.4,527.22,390.82000000000005,合理诉求
734.54,1333.96,599.4200000000001,合理诉求
146.95,240.91,93.96000000000001,合理诉求
20.83,113.99,93.16,合理诉求
141.27,249.33,108.06,合理诉求
228.44,799.78,571.3399999999999,合理诉求
99.13,101.69,2.5600000000000023,合理诉求
155.54,1033.56,878.02,诉求偏高
464.39,1467.67,1003.2800000000001,合理诉求
101.46,137.34,35.88000000000001,合理诉求
351.48,364.22,12.740000000000009,合理诉求
384.27,2394.57,2010.3000000000002,诉求偏高
280.09,911.07,630.98,合理诉求
80.14,140.75,60.61,合理诉求
197.45,380.18,182.73000000000002,合理诉求
199.58,652.2,452.62,合理诉求
184.3,435.61,251.31,合理诉求
302.52,334.23,31.710000000000036,合理诉求
114.84,366.1,251.26000000000002,合理诉求
66.34,155.5,89.16,合理诉求
1072.74,1775.48,702.74,合理诉求
69.59,302.13,232.54,合理诉求
17.47,127.11,109.64,合理诉求
60.51,176.1,115.59,合理诉求
649.06,1549.78,900.72,合理诉求
80.71,231.06,150.35000000000002,合理诉求
850.92,1554.92,704.0000000000001,合理诉求
723.66,1113.3,389.64,合理诉求
640.64,1158.86,518.2199999999999,合理诉求
468.65,2002.89,1534.2400000000002,诉求偏高
488.76,837.08,348.32000000000005,合理诉求
510.5,1641.66,1131.16,合理诉求
288.94,710.46,421.52000000000004,合理诉求
874.22,1573.45,699.23,合理诉求
752.82,1868.67,1115.85,合理诉求
405.31,678.38,273.07,合理诉求
348.31,484.73,136.42000000000002,合理诉求
951.94,1254.26,302.31999999999994,合理诉求
59.9,548.64,488.74,诉求偏高
418.41,634.35,215.94,合理诉求
85.13,205.28,120.15,合理诉求
11.63,145.44,133.81,合理诉求
168.56,365.6,197.04000000000002,合理诉求
100.3,542.02,441.71999999999997,合理诉求
701.7,1071.63,369.93000000000006,合理诉求
61.64,852.63,790.99,诉求偏高
61.34,100.58,39.239999999999995,合理诉求
103.77,309.67,205.90000000000003,合理诉求
594.2,1163.69,569.49,合理诉求
704.07,1735.44,1031.37,合理诉求
386.76,546.96,160.20000000000005,合理诉求
292.89,726.44,433.55000000000007,合理诉求
78.24,229.36,151.12,合理诉求
238.03,419.54,181.51000000000002,合理诉求
69.74,567.38,497.64,诉求偏高
537.51,916.26,378.75,合理诉求
654.51,866.07,211.56000000000006,合理诉求
961.85,4146.72,3184.8700000000003,诉求偏高
143.46,246.12,102.66,合理诉求
266.15,453.76,187.61,合理诉求
376.06,913.34,537.28,合理诉求
180.25,626.95,446.70000000000005,合理诉求
141.33,215.46,74.13,合理诉求
454.55,995.86,541.31,合理诉求
224.33,492.65,268.31999999999994,合理诉求
45.97,132.36,86.39000000000001,合理诉求
555.39,1238.76,683.37,合理诉求
77.72,962.1,884.38,诉求偏高
149.84,181.57,31.72999999999999,合理诉求
182.75,929.81,747.06,诉求偏高
316.74,1213.93,897.19,合理诉求
248.6,844.31,595.7099999999999,合理诉求
1264.65,2518.19,1253.54,合理诉求
261.97,673.38,411.40999999999997,合理诉求
162.57,501.74,339.17,合理诉求
85.81,152.75,66.94,合理诉求
282.31,326.66,44.35000000000002,合理诉求
415.05,2323.04,1907.99,诉求偏高
96.13,598.14,502.01,合理诉求
716.35,2172.82,1456.4700000000003,合理诉求
693.88,1907.17,1213.29,合理诉求
687.17,2768.12,2080.95,诉求偏高
155.02,492.6,337.58000000000004,合理诉求
311.14,930.05,618.91,合理诉求
26.81,321.53,294.71999999999997,合理诉求
80.77,231.56,150.79000000000002,合理诉求
11.01,269.75,258.74,合理诉求
121.26,452.87,331.61,合理诉求
179.99,354.35,174.36,合理诉求
74.27,546.91,472.64,诉求偏高
355.93,1051.15,695.22,合理诉求
30.73,110.91,80.17999999999999,合理诉求
284.26,2103.36,1819.1000000000001,严重超额
84.21,102.09,17.88000000000001,合理诉求
205.26,268.31,63.05000000000001,合理诉求
119.03,875.02,755.99,诉求偏高
186.26,222.99,36.73000000000002,合理诉求
626.28,885.32,259.0400000000001,合理诉求
79.95,101.81,21.86,合理诉求
74.3,118.84,44.540000000000006,合理诉求
117.55,140.37,22.820000000000007,合理诉求
6.32,383.59,377.27,诉求偏高
146.1,653.03,506.92999999999995,合理诉求
202.74,205.02,2.280000000000001,合理诉求
68.88,185.94,117.06,合理诉求
100.98,182.57,81.58999999999999,合理诉求
85.59,564.48,478.89,诉求偏高
52.7,110.03,57.33,合理诉求
417.25,1009.47,592.22,合理诉求
36.53,110.45,73.92,合理诉求
121.17,174.09,52.92,合理诉求
556.13,671.88,115.75,合理诉求
5.42,106.21,100.78999999999999,合理诉求
817.81,1599.2,781.3900000000001,合理诉求
340.56,536.07,195.51000000000005,合理诉求
448.27,1884.68,1436.41,诉求偏高
358.18,371.79,13.610000000000014,合理诉求
532.82,2416.65,1883.83,诉求偏高
537.26,1512.53,975.27,合理诉求
259.54,701.95,442.41,合理诉求
225.95,538.0,312.05,合理诉求
358.58,856.79,498.21,合理诉求
313.14,364.66,51.52000000000004,合理诉求
379.49,1465.23,1085.74,合理诉求
377.13,1188.3,811.17,合理诉求
259.99,469.87,209.88,合理诉求
112.62,813.75,701.13,诉求偏高
90.95,144.04,53.08999999999999,合理诉求
71.93,208.17,136.23999999999998,合理诉求
780.75,1229.22,448.47,合理诉求
54.34,164.43,110.09,合理诉求
510.86,1569.3,1058.44,合理诉求
1087.12,4664.82,3577.7,诉求偏高
132.46,145.7,13.23999999999998,合理诉求
41.48,165.59,124.11000000000001,合理诉求
23.16,227.0,203.84,合理诉求
460.65,1331.15,870.5000000000001,合理诉求
123.8,234.16,110.36,合理诉求
258.38,322.49,64.11000000000001,合理诉求
78.99,133.8,54.81000000000002,合理诉求
299.06,688.88,389.82,合理诉求
390.03,643.97,253.94000000000005,合理诉求
149.5,256.89,107.38999999999999,合理诉求
52.42,149.33,96.91000000000001,合理诉求
92.02,294.95,202.93,合理诉求
27.67,408.03,380.35999999999996,诉求偏高
729.62,2260.99,1531.37,合理诉求
172.12,578.94,406.82000000000005,合理诉求
90.29,947.0,856.71,诉求偏高
31.45,100.17,68.72,合理诉求
391.28,1310.23,918.95,合理诉求
665.2,1509.25,844.05,合理诉求
626.99,906.05,279.05999999999995,合理诉求
154.01,1340.23,1186.22,诉求偏高
958.92,1291.78,332.86,合理诉求
588.19,1235.74,647.55,合理诉求
18.44,568.16,549.7199999999999,诉求偏高
61.74,101.76,40.02,合理诉求
413.81,753.58,339.77000000000004,合理诉求
634.44,1196.28,561.8399999999999,合理诉求
23.64,111.85,88.21,合理诉求
142.23,784.4,642.17,诉求偏高
182.15,545.11,362.96000000000004,合理诉求
467.94,1395.14,927.2,合理诉求
187.69,511.57,323.88,合理诉求
187.92,495.88,307.96000000000004,合理诉求
315.04,895.86,580.8199999999999,合理诉求
129.21,316.2,186.98999999999998,合理诉求
291.66,2152.15,1860.49,严重超额
192.28,1150.94,958.6600000000001,诉求偏高
93.96,115.71,21.75,合理诉求
126.01,150.16,24.14999999999999,合理诉求
45.3,126.4,81.10000000000001,合理诉求
189.27,463.99,274.72,合理诉求
292.2,367.32,75.12,合理诉求
141.24,229.99,88.75,合理诉求
63.75,167.3,103.55000000000001,合理诉求
13.88,100.94,87.06,合理诉求
194.93,1595.27,1400.34,诉求偏高
308.64,665.83,357.19000000000005,合理诉求
573.75,663.13,89.38,合理诉求
96.32,412.41,316.09000000000003,合理诉求
88.46,266.06,177.60000000000002,合理诉求
658.73,966.54,307.80999999999995,合理诉求
97.4,194.15,96.75,合理诉求
163.56,733.05,569.49,合理诉求
161.85,684.18,522.3299999999999,合理诉求
91.14,217.14,125.99999999999999,合理诉求
496.12,3111.83,2615.71,严重超额
1269.19,5407.0,4137.8099999999995,诉求偏高
656.57,893.68,237.1099999999999,合理诉求
22.87,231.18,208.31,合理诉求
778.09,1295.99,517.9,合理诉求
564.51,1055.43,490.9200000000001,合理诉求
766.65,1400.45,633.8000000000001,合理诉求
1707.08,2323.66,616.5799999999999,合理诉求
377.0,2245.81,1868.81,诉求偏高
120.2,323.8,203.60000000000002,合理诉求
142.96,283.64,140.67999999999998,合理诉求
369.69,877.82,508.13000000000005,合理诉求
888.38,3796.53,2908.15,诉求偏高
210.42,289.03,78.60999999999999,合理诉求
20.32,139.22,118.9,合理诉求
86.09,144.32,58.22999999999999,合理诉求
360.43,571.2,210.77000000000004,合理诉求
52.58,182.04,129.45999999999998,合理诉求
367.87,1022.26,654.39,合理诉求
96.08,211.53,115.45,合理诉求
2.47,100.13,97.66,合理诉求
279.61,322.22,42.610000000000014,合理诉求
29.49,108.4,78.91000000000001,合理诉求
438.23,2363.04,1924.81,诉求偏高
18.98,103.54,84.56,合理诉求
198.27,599.37,401.1,合理诉求
7.55,158.44,150.89,合理诉求
1296.76,3593.44,2296.6800000000003,合理诉求
256.72,942.52,685.8,合理诉求
119.82,235.91,116.09,合理诉求
255.83,352.9,97.06999999999996,合理诉求
277.87,924.33,646.46,合理诉求
78.25,115.07,36.81999999999999,合理诉求
7.5,139.32,131.82,合理诉求
359.33,723.67,364.34,合理诉求
155.44,698.94,543.5,合理诉求
265.0,965.68,700.68,合理诉求
59.2,761.39,702.1899999999999,诉求偏高
52.14,561.2,509.06000000000006,诉求偏高
85.09,553.53,468.43999999999994,合理诉求
491.05,521.5,30.44999999999999,合理诉求
147.21,179.49,32.28,合理诉求
123.6,555.46,431.86,合理诉求
14.14,159.03,144.89,合理诉求
1053.82,2848.4,1794.5800000000002,合理诉求
98.84,209.27,110.43,合理诉求
45.86,251.47,205.61,合理诉求
296.86,340.17,43.31,合理诉求
515.51,1936.88,1421.3700000000001,合理诉求
129.05,1160.73,1031.68,诉求偏高
241.45,258.56,17.110000000000014,合理诉求
970.02,3470.74,2500.72,合理诉求
86.87,392.8,305.93,合理诉求
24.25,115.95,91.7,合理诉求
106.01,122.29,16.28,合理诉求
35.36,188.24,152.88,合理诉求
429.64,1059.78,630.14,合理诉求
408.64,1126.83,718.1899999999999,合理诉求
176.77,496.39,319.62,合理诉求
247.97,488.4,240.42999999999998,合理诉求
51.67,875.97,824.3000000000001,诉求偏高
779.41,1192.86,413.44999999999993,合理诉求
321.51,773.58,452.07000000000005,合理诉求
127.35,164.67,37.31999999999999,合理诉求
258.85,1243.71,984.86,诉求偏高
322.16,555.26,233.09999999999997,合理诉求
246.03,555.42,309.39,合理诉求
188.92,315.96,127.03999999999999,合理诉求
471.07,1443.57,972.5,合理诉求
327.31,432.05,104.74000000000001,合理诉求
127.39,502.86,375.47,合理诉求
478.43,694.78,216.34999999999997,合理诉求
75.36,159.41,84.05,合理诉求
64.23,682.44,618.21,诉求偏高
535.17,942.01,406.84000000000003,合理诉求
320.58,754.29,433.71,合理诉求
71.1,943.98,872.88,诉求偏高
159.21,520.82,361.61,合理诉求
220.55,589.21,368.66,合理诉求
103.04,549.72,446.68,合理诉求
51.89,139.36,87.47000000000001,合理诉求
69.13,392.85,323.72,合理诉求
521.72,1226.92,705.2,合理诉求
69.81,111.42,41.61,合理诉求
77.68,282.59,204.90999999999997,合理诉求
170.74,296.32,125.57999999999998,合理诉求
65.76,144.65,78.89,合理诉求
338.74,567.71,228.97000000000003,合理诉求
704.19,1502.6,798.4099999999999,合理诉求
74.73,108.41,33.67999999999999,合理诉求
184.64,315.49,130.85000000000002,合理诉求
226.42,841.86,615.44,合理诉求
10.61,119.57,108.96,合理诉求
24.37,167.64,143.26999999999998,合理诉求
155.25,350.15,194.89999999999998,合理诉求
102.72,282.73,180.01000000000002,合理诉求
13.16,113.24,100.08,合理诉求
42.72,164.64,121.91999999999999,合理诉求
87.12,161.99,74.87,合理诉求
79.5,174.99,95.49000000000001,合理诉求
84.8,332.73,247.93,合理诉求
122.69,1467.91,1345.22,严重超额
447.22,788.07,340.85,合理诉求
43.68,143.75,100.07,合理诉求
576.01,2086.43,1510.4199999999998,合理诉求
191.52,670.15,478.63,合理诉求
510.5,1735.55,1225.05,合理诉求
25.73,155.54,129.81,合理诉求
230.93,931.8,700.8699999999999,合理诉求
139.68,188.39,48.70999999999998,合理诉求
128.17,314.38,186.21,合理诉求
138.68,190.0,51.31999999999999,合理诉求
51.11,766.6,715.49,诉求偏高
26.28,105.32,79.03999999999999,合理诉求
952.18,2559.81,1607.63,合理诉求
243.89,571.13,327.24,合理诉求
137.71,143.64,5.929999999999978,合理诉求
155.45,293.55,138.10000000000002,合理诉求
198.11,1046.59,848.4799999999999,诉求偏高
609.96,2147.43,1537.4699999999998,合理诉求
636.58,717.51,80.92999999999995,合理诉求
62.38,309.24,246.86,合理诉求
389.34,1891.65,1502.3100000000002,诉求偏高
63.35,105.64,42.29,合理诉求
250.57,342.29,91.72000000000003,合理诉求
122.19,1143.46,1021.27,诉求偏高
368.19,497.39,129.2,合理诉求
1321.76,3462.59,2140.83,合理诉求
114.11,312.98,198.87,合理诉求
61.3,105.31,44.010000000000005,合理诉求
106.51,301.99,195.48000000000002,合理诉求
400.29,1463.11,1062.82,合理诉求
1148.43,2336.36,1187.93,合理诉求
120.22,644.69,524.47,合理诉求
20.19,209.91,189.72,合理诉求
315.21,642.05,326.84,合理诉求
91.32,102.89,11.570000000000007,合理诉求
281.54,992.83,711.29,合理诉求
191.07,335.17,144.10000000000002,合理诉求
39.62,388.77,349.15,合理诉求
346.22,592.89,246.66999999999996,合理诉求
102.95,115.37,12.420000000000002,合理诉求
58.97,118.32,59.349999999999994,合理诉求
284.14,308.91,24.77000000000004,合理诉求
533.68,668.4,134.72000000000003,合理诉求
147.09,424.36,277.27,合理诉求
84.13,306.11,221.98000000000002,合理诉求
55.47,259.12,203.65,合理诉求
465.54,1649.94,1184.4,合理诉求
197.84,429.9,232.05999999999997,合理诉求
33.54,151.6,118.06,合理诉求
317.39,991.15,673.76,合理诉求
54.8,270.08,215.27999999999997,合理诉求
484.17,1164.57,680.3999999999999,合理诉求
33.61,146.89,113.27999999999999,合理诉求
161.48,175.52,14.04000000000002,合理诉求
252.39,267.68,15.29000000000002,合理诉求
1353.83,3202.6,1848.77,合理诉求
107.5,180.89,73.38999999999999,合理诉求
132.13,138.18,6.050000000000011,合理诉求
131.18,696.12,564.94,合理诉求
320.58,629.48,308.90000000000003,合理诉求
227.3,656.65,429.34999999999997,合理诉求
476.28,1046.96,570.6800000000001,合理诉求
9.08,100.59,91.51,合理诉求
739.21,4068.44,3329.23,严重超额
325.94,907.42,581.48,合理诉求
42.85,133.74,90.89000000000001,合理诉求
146.83,168.16,21.329999999999984,合理诉求
445.89,969.89,524.0,合理诉求
156.21,468.3,312.09000000000003,合理诉求
164.51,408.41,243.90000000000003,合理诉求
783.99,2247.97,1463.9799999999998,合理诉求
785.0,1374.73,589.73,合理诉求
221.78,573.95,352.1700000000001,合理诉求
43.37,244.61,201.24,合理诉求
74.83,114.15,39.32000000000001,合理诉求
166.52,1854.46,1687.94,严重超额
248.08,600.02,351.93999999999994,合理诉求
27.51,172.58,145.07000000000002,合理诉求
560.72,1196.06,635.3399999999999,合理诉求
116.02,332.4,216.38,合理诉求
46.26,204.06,157.8,合理诉求
76.92,102.47,25.549999999999997,合理诉求
630.78,995.69,364.9100000000001,合理诉求
375.79,555.01,179.21999999999997,合理诉求
105.12,217.33,112.21000000000001,合理诉求
43.54,229.43,185.89000000000001,合理诉求
184.88,842.67,657.79,合理诉求
747.76,2949.64,2201.88,诉求偏高
71.3,560.16,488.85999999999996,诉求偏高
222.86,521.58,298.72,合理诉求
361.68,1500.62,1138.9399999999998,合理诉求
57.22,122.78,65.56,合理诉求
478.84,1661.02,1182.18,合理诉求
70.88,248.25,177.37,合理诉求
213.36,1742.81,1529.4499999999998,诉求偏高
358.3,980.08,621.78,合理诉求
303.52,438.81,135.29000000000002,合理诉求
199.01,805.19,606.1800000000001,合理诉求
32.78,153.55,120.77000000000001,合理诉求
5.74,104.52,98.78,合理诉求
55.55,783.76,728.21,诉求偏高
836.48,2152.03,1315.5500000000002,合理诉求
130.82,301.95,171.13,合理诉求
76.94,123.74,46.8,合理诉求
1257.32,1355.07,97.75,合理诉求
216.15,1773.21,1557.06,诉求偏高
268.02,547.41,279.39,合理诉求
153.78,1012.06,858.28,诉求偏高
37.99,160.78,122.78999999999999,合理诉求
98.45,292.2,193.75,合理诉求
6.59,140.01,133.42,合理诉求
83.77,275.48,191.71000000000004,合理诉求
66.3,146.78,80.48,合理诉求
140.64,353.46,212.82,合理诉求
364.97,675.57,310.6,合理诉求
1073.61,2241.5,1167.89,合理诉求
31.22,134.81,103.59,合理诉求
216.18,883.47,667.29,合理诉求
322.78,748.88,426.1,合理诉求
60.65,291.25,230.6,合理诉求
116.21,179.99,63.780000000000015,合理诉求
75.5,226.18,150.68,合理诉求
73.56,127.16,53.599999999999994,合理诉求
176.56,1785.2,1608.64,严重超额
222.12,671.9,449.78,合理诉求
38.6,113.8,75.19999999999999,合理诉求
604.49,1168.87,564.3799999999999,合理诉求
437.33,2864.0,2426.67,严重超额
375.62,1412.09,1036.4699999999998,合理诉求
201.97,891.37,689.4,合理诉求
664.93,1515.26,850.33,合理诉求
538.76,946.72,407.96000000000004,合理诉求
152.92,325.66,172.74000000000004,合理诉求
1055.31,1607.75,552.44,合理诉求
411.74,1309.45,897.71,合理诉求
290.47,791.67,501.19999999999993,合理诉求
329.66,971.11,641.45,合理诉求
10.21,105.79,95.58000000000001,合理诉求
881.92,3285.65,2403.73,合理诉求
959.03,1775.66,816.6300000000001,合理诉求
570.27,2361.14,1790.87,诉求偏高
133.0,220.91,87.91,合理诉求
131.48,429.39,297.90999999999997,合理诉求
13.84,115.99,102.14999999999999,合理诉求
54.15,125.84,71.69,合理诉求
372.07,766.4,394.33,合理诉求
59.78,162.83,103.05000000000001,合理诉求
563.01,879.11,316.1,合理诉求
811.09,857.42,46.32999999999993,合理诉求
70.43,281.28,210.84999999999997,合理诉求
72.27,597.88,525.61,诉求偏高
176.34,1362.39,1186.0500000000002,诉求偏高
236.82,717.99,481.17,合理诉求
238.08,1434.97,1196.89,诉求偏高
271.67,698.45,426.78000000000003,合理诉求
410.65,2629.14,2218.49,严重超额
121.07,164.44,43.370000000000005,合理诉求
302.72,871.71,568.99,合理诉求
26.2,121.1,94.89999999999999,合理诉求
72.9,166.62,93.72,合理诉求
237.01,324.83,87.82,合理诉求
8.87,111.69,102.82,合理诉求
153.95,1043.47,889.52,诉求偏高
660.52,701.18,40.65999999999997,合理诉求
244.72,1090.99,846.27,合理诉求
742.5,896.36,153.86,合理诉求
1206.53,4920.8,3714.2700000000004,诉求偏高
121.04,325.82,204.77999999999997,合理诉求
193.95,238.95,45.0,合理诉求
45.11,153.84,108.73,合理诉求
1188.87,2619.3,1430.4300000000003,合理诉求
1075.63,1169.78,94.14999999999986,合理诉求
30.59,121.59,91.0,合理诉求
45.38,178.44,133.06,合理诉求
379.31,1528.27,1148.96,合理诉求
37.14,106.98,69.84,合理诉求
774.98,1452.91,677.9300000000001,合理诉求
628.38,1495.4,867.0200000000001,合理诉求
35.48,146.19,110.71000000000001,合理诉求
498.39,808.52,310.13,合理诉求
211.74,441.21,229.46999999999997,合理诉求
537.75,884.41,346.65999999999997,合理诉求
24.45,104.75,80.3,合理诉求
124.97,1609.52,1484.55,严重超额
171.11,643.67,472.55999999999995,合理诉求
188.28,295.66,107.38000000000002,合理诉求
655.89,1765.83,1109.94,合理诉求
171.96,466.19,294.23,合理诉求
102.97,520.69,417.72,合理诉求
216.31,240.15,23.840000000000003,合理诉求
661.32,801.13,139.80999999999995,合理诉求
18.8,294.28,275.47999999999996,合理诉求
43.25,101.53,58.28,合理诉求
385.54,794.17,408.62999999999994,合理诉求
655.63,3495.95,2840.3199999999997,诉求偏高
481.45,2143.77,1662.32,诉求偏高
348.33,897.54,549.21,合理诉求
74.84,167.64,92.79999999999998,合理诉求
60.34,317.74,257.4,合理诉求
175.72,379.86,204.14000000000001,合理诉求
735.5,2203.06,1467.56,合理诉求
88.37,480.56,392.19,合理诉求
153.75,185.62,31.870000000000005,合理诉求
856.3,2626.29,1769.99,合理诉求
384.76,435.24,50.48000000000002,合理诉求
331.79,1015.73,683.94,合理诉求
155.15,571.92,416.77,合理诉求
477.67,527.91,50.23999999999995,合理诉求
256.38,558.5,302.12,合理诉求
785.28,2305.14,1519.86,合理诉求
631.44,1133.44,502.0,合理诉求
748.72,1975.17,1226.45,合理诉求
710.34,1971.02,1260.6799999999998,合理诉求
171.54,196.87,25.330000000000013,合理诉求
596.33,2128.77,1532.44,合理诉求
123.5,144.35,20.849999999999994,合理诉求
325.1,1112.77,787.67,合理诉求
454.06,1234.11,780.05,合理诉求
51.86,121.21,69.35,合理诉求
303.66,378.63,74.96999999999997,合理诉求
64.57,577.9,513.3299999999999,诉求偏高
82.48,190.84,108.36,合理诉求
172.85,207.02,34.170000000000016,合理诉求
53.17,267.89,214.71999999999997,合理诉求
43.08,116.39,73.31,合理诉求
90.04,453.57,363.53,合理诉求
450.55,1136.33,685.78,合理诉求
287.79,1738.3,1450.51,诉求偏高
209.28,828.71,619.4300000000001,合理诉求
351.49,777.51,426.02,合理诉求
9.92,100.23,90.31,合理诉求
134.59,403.01,268.41999999999996,合理诉求
169.06,1065.43,896.3700000000001,诉求偏高
33.53,357.43,323.9,合理诉求
674.66,1256.07,581.41,合理诉求
231.61,451.24,219.63,合理诉求
109.31,289.32,180.01,合理诉求
8.03,119.13,111.1,合理诉求
87.62,120.54,32.92,合理诉求
481.89,833.43,351.53999999999996,合理诉求
282.08,308.11,26.03000000000003,合理诉求
12.97,113.34,100.37,合理诉求
59.13,728.38,669.25,诉求偏高
362.57,1849.7,1487.13,诉求偏高
176.47,376.35,199.88000000000002,合理诉求
944.75,2208.45,1263.6999999999998,合理诉求
239.97,475.56,235.59,合理诉求
101.05,319.52,218.46999999999997,合理诉求
223.09,238.0,14.909999999999997,合理诉求
197.8,360.46,162.65999999999997,合理诉求
811.81,2461.87,1650.06,合理诉求
29.2,556.98,527.78,诉求偏高
259.38,620.73,361.35,合理诉求
220.89,902.23,681.34,合理诉求
540.26,840.95,300.69000000000005,合理诉求
241.66,610.06,368.4,合理诉求
318.89,607.44,288.55000000000007,合理诉求
840.1,1029.37,189.26999999999987,合理诉求
510.35,1274.28,763.93,合理诉求
851.4,3262.19,2410.79,诉求偏高
1099.67,3592.26,2492.59,合理诉求
407.09,515.32,108.23000000000008,合理诉求
156.05,177.78,21.72999999999999,合理诉求
104.04,142.27,38.230000000000004,合理诉求
170.47,230.32,59.849999999999994,合理诉求
479.84,1610.92,1131.0800000000002,合理诉求
430.62,587.6,156.98000000000002,合理诉求
41.09,489.43,448.34000000000003,诉求偏高
4.43,118.65,114.22,合理诉求
193.79,1080.93,887.1400000000001,诉求偏高
361.06,381.81,20.75,合理诉求
131.06,576.98,445.92,合理诉求
513.0,1166.53,653.53,合理诉求
445.91,540.6,94.69,合理诉求
79.01,665.17,586.16,诉求偏高
444.12,3059.31,2615.19,严重超额
77.0,542.45,465.45000000000005,诉求偏高
769.36,2092.69,1323.33,合理诉求
559.9,1466.89,906.9900000000001,合理诉求
804.61,2690.38,1885.77,合理诉求
135.25,176.3,41.05000000000001,合理诉求
115.81,164.54,48.72999999999999,合理诉求
1136.03,3610.05,2474.0200000000004,合理诉求
386.45,387.98,1.5300000000000296,合理诉求
184.99,319.06,134.07,合理诉求
389.34,1305.79,916.45,合理诉求
221.88,1452.19,1230.31,诉求偏高
4.88,103.65,98.77000000000001,合理诉求
247.57,729.87,482.3,合理诉求
470.09,1023.34,553.25,合理诉求
618.69,2082.04,1463.35,合理诉求
88.82,174.21,85.39000000000001,合理诉求
32.11,181.78,149.67000000000002,合理诉求
372.82,440.01,67.19,合理诉求
512.54,712.73,200.19000000000005,合理诉求
564.95,2231.28,1666.3300000000002,合理诉求
380.11,1797.08,1416.9699999999998,诉求偏高
719.91,1430.9,710.9900000000001,合理诉求
180.5,259.65,79.14999999999998,合理诉求
151.87,598.87,447.0,合理诉求
42.89,100.2,57.31,合理诉求
335.61,1459.54,1123.9299999999998,诉求偏高
44.62,152.08,107.46000000000001,合理诉求
252.22,415.62,163.4,合理诉求
262.16,734.23,472.07,合理诉求
145.57,857.98,712.4100000000001,诉求偏高
49.01,153.82,104.81,合理诉求
540.71,1797.17,1256.46,合理诉求
35.92,143.43,107.51,合理诉求
141.9,373.48,231.58,合理诉求
291.24,320.34,29.099999999999966,合理诉求
258.42,561.72,303.3,合理诉求
102.21,564.1,461.89000000000004,合理诉求
33.61,369.6,335.99,合理诉求
40.42,260.86,220.44,合理诉求
60.36,261.64,201.27999999999997,合理诉求
278.24,509.08,230.83999999999997,合理诉求
38.37,264.74,226.37,合理诉求
73.15,100.86,27.709999999999994,合理诉求
292.04,1796.49,1504.45,诉求偏高
843.82,3551.56,2707.74,诉求偏高
130.18,607.92,477.73999999999995,合理诉求
781.44,1706.84,925.3999999999999,合理诉求
145.59,430.14,284.54999999999995,合理诉求
236.73,355.1,118.37000000000003,合理诉求
132.41,193.59,61.18000000000001,合理诉求
144.37,334.73,190.36,合理诉求
174.72,178.32,3.5999999999999943,合理诉求
216.48,614.91,398.42999999999995,合理诉求
718.76,1399.31,680.55,合理诉求
77.27,1350.55,1273.28,严重超额
91.29,118.53,27.239999999999995,合理诉求
626.03,1416.54,790.51,合理诉求
107.9,110.24,2.339999999999989,合理诉求
9.54,105.69,96.15,合理诉求
352.27,1443.65,1091.38,合理诉求
407.93,1979.38,1571.45,诉求偏高
161.77,272.01,110.23999999999998,合理诉求
54.53,179.28,124.75,合理诉求
485.17,706.26,221.08999999999997,合理诉求
1.2,101.49,100.28999999999999,合理诉求
75.01,203.99,128.98000000000002,合理诉求
108.49,378.84,270.34999999999997,合理诉求
833.83,2440.5,1606.67,合理诉求
374.66,1241.57,866.9099999999999,合理诉求
115.61,199.58,83.97000000000001,合理诉求
239.3,256.11,16.810000000000002,合理诉求
398.92,772.61,373.69,合理诉求
907.15,2459.71,1552.56,合理诉求
844.34,2013.25,1168.9099999999999,合理诉求
238.15,1295.2,1057.05,诉求偏高
561.48,581.41,19.92999999999995,合理诉求
505.71,1415.93,910.22,合理诉求
128.07,410.62,282.55,合理诉求
428.56,1101.8,673.24,合理诉求
284.23,617.82,333.59000000000003,合理诉求
81.25,167.2,85.94999999999999,合理诉求
556.84,1526.39,969.5500000000001,合理诉求
10.94,103.4,92.46000000000001,合理诉求
15.35,132.93,117.58000000000001,合理诉求
235.14,495.68,260.54,合理诉求
111.16,450.52,339.36,合理诉求
57.71,1113.4,1055.69,严重超额
657.56,1708.27,1050.71,合理诉求
11.4,116.44,105.03999999999999,合理诉求
161.53,169.36,7.8300000000000125,合理诉求
330.86,686.73,355.87,合理诉求
752.43,1891.46,1139.0300000000002,合理诉求
900.94,1585.94,685.0,合理诉求
60.54,597.67,537.13,诉求偏高
9.11,188.27,179.16000000000003,合理诉求
570.74,1088.22,517.48,合理诉求
4.71,100.85,96.14,合理诉求
808.87,4207.48,3398.6099999999997,诉求偏高
307.97,828.91,520.9399999999999,合理诉求
192.88,268.58,75.69999999999999,合理诉求
215.23,410.77,195.54,合理诉求
72.72,516.43,443.7099999999999,合理诉求
103.76,278.35,174.59000000000003,合理诉求
233.31,310.21,76.89999999999998,合理诉求
445.87,4150.42,3704.55,严重超额
259.1,1710.15,1451.0500000000002,诉求偏高
458.14,1089.07,630.93,合理诉求
205.32,560.5,355.18,合理诉求
381.35,1959.31,1577.96,诉求偏高
282.63,1003.74,721.11,合理诉求
321.26,687.72,366.46000000000004,合理诉求
78.36,102.44,24.08,合理诉求
281.39,491.3,209.91000000000003,合理诉求
30.12,261.45,231.32999999999998,合理诉求
713.34,1943.71,1230.37,合理诉求
46.35,108.16,61.809999999999995,合理诉求
312.78,334.54,21.760000000000048,合理诉求
237.33,834.69,597.36,合理诉求
225.12,465.55,240.43,合理诉求
392.82,585.91,193.08999999999997,合理诉求
31.52,100.83,69.31,合理诉求
78.44,298.27,219.82999999999998,合理诉求
214.94,1009.46,794.52,合理诉求
620.64,1648.83,1028.19,合理诉求
20.57,211.12,190.55,合理诉求
1099.3,4131.35,3032.05,诉求偏高
1.91,101.02,99.11,合理诉求
230.31,813.71,583.4000000000001,合理诉求
17.54,105.52,87.97999999999999,合理诉求
139.24,234.1,94.85999999999999,合理诉求
299.51,437.7,138.19,合理诉求
290.4,875.82,585.4200000000001,合理诉求
282.97,815.7,532.73,合理诉求
242.06,881.94,639.8800000000001,合理诉求
37.05,217.04,179.99,合理诉求
573.46,1844.91,1271.45,合理诉求
461.7,1491.52,1029.82,合理诉求
226.58,550.08,323.5,合理诉求
908.24,2718.72,1810.4799999999998,合理诉求
142.02,355.44,213.42,合理诉求
127.43,328.36,200.93,合理诉求
429.04,871.15,442.10999999999996,合理诉求
864.94,2429.01,1564.0700000000002,合理诉求
276.36,1250.71,974.35,诉求偏高
133.23,527.59,394.36,合理诉求
112.5,649.86,537.36,合理诉求
180.26,230.3,50.04000000000002,合理诉求
277.28,416.91,139.63000000000005,合理诉求
322.56,1176.56,854.0,合理诉求
578.24,1101.06,522.8199999999999,合理诉求
252.16,415.15,162.98999999999998,合理诉求
548.37,646.16,97.78999999999996,合理诉求
4.19,158.96,154.77,合理诉求
24.92,114.26,89.34,合理诉求
199.05,647.39,448.34,合理诉求
434.96,921.59,486.63000000000005,合理诉求
123.11,172.43,49.32000000000001,合理诉求
220.1,560.65,340.54999999999995,合理诉求
431.2,598.28,167.07999999999998,合理诉求
155.17,517.16,361.99,合理诉求
1032.15,5495.73,4463.58,严重超额
109.74,249.87,140.13,合理诉求
33.62,118.62,85.0,合理诉求
23.43,110.55,87.12,合理诉求
154.43,951.83,797.4000000000001,诉求偏高
399.38,719.19,319.81000000000006,合理诉求
705.94,3225.32,2519.38,诉求偏高
996.52,996.6,0.08000000000004093,合理诉求
152.65,713.05,560.4,合理诉求
343.76,839.05,495.28999999999996,合理诉求
151.15,321.6,170.45000000000002,合理诉求
176.05,222.83,46.78,合理诉求
85.6,457.29,371.69000000000005,合理诉求
186.41,203.4,16.99000000000001,合理诉求
580.26,615.74,35.48000000000002,合理诉求
659.41,2781.47,2122.06,诉求偏高
749.58,793.84,44.25999999999999,合理诉求
677.97,3653.91,2975.9399999999996,诉求偏高
289.22,312.04,22.819999999999993,合理诉求
106.92,169.66,62.739999999999995,合理诉求
563.35,1326.41,763.0600000000001,合理诉求
93.19,454.93,361.74,合理诉求
392.61,1411.66,1019.0500000000001,合理诉求
771.21,4298.8,3527.59,严重超额
610.12,1912.27,1302.15,合理诉求
1075.25,1298.04,222.78999999999996,合理诉求
448.54,2899.23,2450.69,严重超额
336.47,790.74,454.27,合理诉求
257.28,907.57,650.2900000000001,合理诉求
20.48,395.5,375.02,诉求偏高
100.64,170.17,69.52999999999999,合理诉求
43.0,100.21,57.209999999999994,合理诉求
92.54,267.67,175.13,合理诉求
492.78,844.44,351.6600000000001,合理诉求
304.25,1191.06,886.81,合理诉求
333.35,1474.09,1140.7399999999998,诉求偏高
167.61,799.94,632.33,合理诉求
185.49,1124.97,939.48,诉求偏高
393.34,1282.88,889.5400000000002,合理诉求
450.37,1239.24,788.87,合理诉求
670.22,1421.72,751.5,合理诉求
158.99,401.0,242.01,合理诉求
139.66,287.8,148.14000000000001,合理诉求
268.29,1885.09,1616.8,诉求偏高
817.22,3174.48,2357.26,诉求偏高
62.03,103.03,41.0,合理诉求
155.7,668.7,513.0,合理诉求
794.36,1506.38,712.0200000000001,合理诉求
42.34,511.59,469.25,诉求偏高
430.22,555.02,124.79999999999995,合理诉求
183.91,1425.61,1241.6999999999998,诉求偏高
259.7,1146.32,886.6199999999999,合理诉求
384.49,571.01,186.51999999999998,合理诉求
276.41,613.86,337.45,合理诉求
243.67,411.99,168.32000000000002,合理诉求
79.38,285.45,206.07,合理诉求
72.77,175.52,102.75000000000001,合理诉求
362.36,1389.5,1027.1399999999999,合理诉求
115.34,210.71,95.37,合理诉求
307.35,2122.36,1815.0100000000002,诉求偏高
178.48,663.82,485.34000000000003,合理诉求
76.36,122.93,46.57000000000001,合理诉求
113.09,172.07,58.97999999999999,合理诉求
482.32,1183.29,700.97,合理诉求
180.93,390.35,209.42000000000002,合理诉求
168.54,2271.1,2102.56,严重超额
126.32,489.55,363.23,合理诉求
1661.19,3709.03,2047.8400000000001,合理诉求
85.35,150.95,65.6,合理诉求
547.61,748.67,201.05999999999995,合理诉求
171.47,199.8,28.330000000000013,合理诉求
732.58,2143.22,1410.6399999999999,合理诉求
20.0,111.93,91.93,合理诉求
80.99,693.68,612.6899999999999,诉求偏高
198.04,1149.52,951.48,诉求偏高
62.05,211.28,149.23000000000002,合理诉求
543.18,1622.08,1078.9,合理诉求
398.31,736.17,337.85999999999996,合理诉求
16.67,143.08,126.41000000000001,合理诉求
50.76,125.1,74.34,合理诉求
293.17,1160.0,866.8299999999999,合理诉求
86.87,253.8,166.93,合理诉求
96.16,114.11,17.950000000000003,合理诉求
874.25,1432.38,558.1300000000001,合理诉求
1036.96,2003.45,966.49,合理诉求
87.85,204.92,117.07,合理诉求
119.43,301.88,182.45,合理诉求
734.93,938.85,203.92000000000007,合理诉求
234.91,931.39,696.48,合理诉求
101.61,318.71,217.09999999999997,合理诉求
87.7,221.13,133.43,合理诉求
313.23,800.76,487.53,合理诉求
187.02,247.04,60.01999999999998,合理诉求
309.39,404.68,95.29000000000002,合理诉求
47.47,313.25,265.78,合理诉求
183.27,824.53,641.26,合理诉求
199.48,852.43,652.9499999999999,合理诉求
141.65,208.59,66.94,合理诉求
137.65,142.47,4.819999999999993,合理诉求
109.43,110.35,0.9199999999999875,合理诉求
596.36,2406.75,1810.3899999999999,诉求偏高
134.64,309.83,175.19,合理诉求
191.04,789.06,598.02,合理诉求
62.08,126.89,64.81,合理诉求
275.07,966.49,691.4200000000001,合理诉求
159.3,765.92,606.6199999999999,合理诉求
415.67,1435.56,1019.8899999999999,合理诉求
39.1,106.42,67.32,合理诉求
64.21,548.99,484.78000000000003,诉求偏高
218.11,361.1,142.99,合理诉求
129.19,955.11,825.9200000000001,诉求偏高
61.85,276.82,214.97,合理诉求
412.83,1028.08,615.25,合理诉求
429.13,953.76,524.63,合理诉求
557.8,1188.94,631.1400000000001,合理诉求
139.12,148.25,9.129999999999995,合理诉求
97.17,133.3,36.13000000000001,合理诉求
100.95,652.03,551.0799999999999,诉求偏高
283.9,746.83,462.93000000000006,合理诉求
173.87,315.98,142.11,合理诉求
110.42,235.78,125.36,合理诉求
290.06,860.3,570.24,合理诉求
27.49,228.1,200.60999999999999,合理诉求
2.25,108.06,105.81,合理诉求
2.21,100.22,98.01,合理诉求
143.46,161.17,17.70999999999998,合理诉求
258.99,732.34,473.35,合理诉求
99.31,212.2,112.88999999999999,合理诉求
370.68,1360.48,989.8,合理诉求
392.09,784.65,392.56,合理诉求
743.6,3029.72,2286.12,诉求偏高
198.24,476.82,278.58,合理诉求
14.4,126.76,112.36,合理诉求
532.05,1622.3,1090.25,合理诉求
74.39,177.38,102.99,合理诉求
149.77,261.18,111.41,合理诉求
82.7,597.0,514.3,诉求偏高
48.82,260.08,211.26,合理诉求
719.32,960.39,241.06999999999994,合理诉求
23.35,311.55,288.2,合理诉求
169.28,295.62,126.34,合理诉求
9.09,113.59,104.5,合理诉求
315.26,597.82,282.56000000000006,合理诉求
159.36,338.83,179.46999999999997,合理诉求
10.86,100.97,90.11,合理诉求
123.26,278.4,155.14,合理诉求
55.68,182.66,126.97999999999999,合理诉求
437.6,689.73,252.13,合理诉求
290.33,382.79,92.46000000000004,合理诉求
209.62,374.62,165.0,合理诉求
585.83,749.88,164.04999999999995,合理诉求
88.88,123.45,34.57000000000001,合理诉求
670.31,1032.96,362.6500000000001,合理诉求
155.85,167.01,11.159999999999997,合理诉求
173.34,484.46,311.12,合理诉求
394.92,2218.76,1823.8400000000001,诉求偏高
726.92,2066.05,1339.13,合理诉求
118.06,263.37,145.31,合理诉求
336.35,600.3,263.94999999999993,合理诉求
173.71,641.58,467.87,合理诉求
563.37,1126.14,562.7700000000001,合理诉求
224.16,672.64,448.48,合理诉求
450.41,1286.27,835.8599999999999,合理诉求
414.8,2242.84,1828.0400000000002,诉求偏高
1042.17,1695.49,653.3199999999999,合理诉求
70.77,168.12,97.35000000000001,合理诉求
243.47,577.42,333.94999999999993,合理诉求
87.28,261.02,173.73999999999998,合理诉求
756.72,1161.47,404.75,合理诉求
1307.21,2736.47,1429.2599999999998,合理诉求
62.35,358.45,296.09999999999997,合理诉求
117.83,305.45,187.62,合理诉求
240.3,760.05,519.75,合理诉求
376.9,869.7,492.80000000000007,合理诉求
149.24,252.18,102.94,合理诉求
396.05,949.94,553.8900000000001,合理诉求
433.7,961.31,527.6099999999999,合理诉求
587.52,1725.04,1137.52,合理诉求
379.31,493.31,114.0,合理诉求
222.88,370.05,147.17000000000002,合理诉求
159.68,1484.03,1324.35,诉求偏高
75.78,135.45,59.66999999999999,合理诉求
140.28,464.15,323.87,合理诉求
239.5,519.05,279.54999999999995,合理诉求
202.06,318.08,116.01999999999998,合理诉求
108.86,185.16,76.3,合理诉求
64.38,105.68,41.30000000000001,合理诉求
37.06,386.64,349.58,合理诉求
335.21,929.2,593.99,合理诉求
44.51,190.65,146.14000000000001,合理诉求
309.41,342.66,33.25,合理诉求
123.43,740.53,617.0999999999999,诉求偏高
136.43,219.1,82.66999999999999,合理诉求
589.91,945.82,355.9100000000001,合理诉求
144.75,873.76,729.01,诉求偏高
59.43,419.68,360.25,合理诉求
197.42,771.96,574.5400000000001,合理诉求
1043.12,1633.55,590.4300000000001,合理诉求
35.69,100.04,64.35000000000001,合理诉求
282.75,1647.12,1364.37,诉求偏高
784.55,1147.09,362.53999999999996,合理诉求
565.98,2937.21,2371.23,诉求偏高
314.23,576.81,262.5799999999999,合理诉求
317.18,344.31,27.129999999999995,合理诉求
61.13,175.83,114.70000000000002,合理诉求
121.81,222.03,100.22,合理诉求
168.99,587.17,418.17999999999995,合理诉求
44.69,248.11,203.42000000000002,合理诉求
227.32,452.25,224.93,合理诉求
305.77,1438.15,1132.38,诉求偏高
557.33,2242.31,1684.98,诉求偏高
754.14,1281.72,527.58,合理诉求
106.05,284.69,178.64,合理诉求
101.82,118.71,16.89,合理诉求
99.11,138.46,39.35000000000001,合理诉求
606.19,701.19,95.0,合理诉求
50.1,112.5,62.4,合理诉求
238.48,289.82,51.34,合理诉求
578.84,1103.12,524.2799999999999,合理诉求
266.33,406.29,139.96000000000004,合理诉求
232.4,379.95,147.54999999999998,合理诉求
13.32,180.29,166.97,合理诉求
15.52,102.34,86.82000000000001,合理诉求
143.41,287.91,144.50000000000003,合理诉求
871.34,1398.37,527.0299999999999,合理诉求
219.33,408.3,188.97,合理诉求
63.49,167.81,104.32,合理诉求
501.62,934.8,433.17999999999995,合理诉求
3.57,128.4,124.83000000000001,合理诉求
243.36,357.76,114.39999999999998,合理诉求
4.85,116.63,111.78,合理诉求
615.59,1034.52,418.92999999999995,合理诉求
355.04,715.01,359.96999999999997,合理诉求
750.72,990.43,239.70999999999992,合理诉求
581.82,744.45,162.63,合理诉求
588.46,3507.65,2919.19,严重超额
727.41,1846.96,1119.5500000000002,合理诉求
138.12,258.52,120.39999999999998,合理诉求
36.57,551.61,515.04,诉求偏高
719.05,2230.82,1511.7700000000002,合理诉求
153.19,159.27,6.0800000000000125,合理诉求
328.21,3223.84,2895.63,严重超额
79.8,232.3,152.5,合理诉求
248.24,656.23,407.99,合理诉求
220.05,389.23,169.18,合理诉求
501.58,819.98,318.40000000000003,合理诉求
976.0,3406.23,2430.23,合理诉求
712.91,1052.27,339.36,合理诉求
104.92,919.19,814.2700000000001,诉求偏高
259.6,517.99,258.39,合理诉求
58.95,132.27,73.32000000000001,合理诉求
790.7,1291.22,500.52,合理诉求
290.4,406.74,116.34000000000003,合理诉求
347.55,667.35,319.8,合理诉求
128.82,462.62,333.8,合理诉求
412.64,560.36,147.72000000000003,合理诉求
215.14,1655.55,1440.4099999999999,诉求偏高
203.44,244.25,40.81,合理诉求
485.16,1035.93,550.77,合理诉求
170.96,401.74,230.78,合理诉求
43.06,102.8,59.739999999999995,合理诉求
732.94,2446.17,1713.23,合理诉求
79.06,165.82,86.75999999999999,合理诉求
78.77,530.88,452.11,合理诉求
68.86,437.98,369.12,合理诉求
33.55,109.72,76.17,合理诉求
122.32,308.0,185.68,合理诉求
481.67,1155.02,673.3499999999999,合理诉求
491.15,836.82,345.6700000000001,合理诉求
175.36,295.86,120.5,合理诉求
25.59,164.92,139.32999999999998,合理诉求
431.27,1609.12,1177.85,合理诉求
227.35,369.18,141.83,合理诉求
159.03,444.71,285.67999999999995,合理诉求
356.8,2722.44,2365.64,严重超额
345.1,1115.52,770.42,合理诉求
174.44,1281.14,1106.7,诉求偏高
255.59,524.48,268.89,合理诉求
296.01,637.28,341.27,合理诉求
57.0,215.1,158.1,合理诉求
422.39,528.33,105.94000000000005,合理诉求
441.62,523.47,81.85000000000002,合理诉求
729.69,2313.26,1583.5700000000002,合理诉求
115.62,139.07,23.44999999999999,合理诉求
204.05,795.26,591.21,合理诉求
255.04,422.73,167.69000000000003,合理诉求
74.89,129.82,54.92999999999999,合理诉求
411.35,419.27,7.919999999999959,合理诉求
44.45,803.9,759.4499999999999,诉求偏高
38.25,594.51,556.26,诉求偏高
197.34,1394.6,1197.26,诉求偏高
151.23,904.48,753.25,诉求偏高
118.7,1260.55,1141.85,诉求偏高
261.21,600.15,338.94,合理诉求
190.82,721.18,530.3599999999999,合理诉求
83.25,130.66,47.41,合理诉求
54.04,318.71,264.66999999999996,合理诉求
77.79,394.13,316.34,合理诉求
319.05,329.38,10.329999999999984,合理诉求
587.52,1182.61,595.0899999999999,合理诉求
295.11,2830.41,2535.2999999999997,严重超额
233.53,740.63,507.1,合理诉求
60.32,579.66,519.3399999999999,诉求偏高
109.82,644.57,534.75,合理诉求
171.63,324.93,153.3,合理诉求
111.45,128.9,17.450000000000003,合理诉求
365.16,783.88,418.71999999999997,合理诉求
392.84,1407.89,1015.0500000000002,合理诉求
185.01,1014.89,829.88,诉求偏高
29.15,496.02,466.87,诉求偏高
157.87,484.91,327.04,合理诉求
139.74,1342.71,1202.97,诉求偏高
393.1,1895.77,1502.67,诉求偏高
19.29,104.28,84.99000000000001,合理诉求
165.59,414.69,249.1,合理诉求
35.0,121.06,86.06,合理诉求
141.69,249.45,107.75999999999999,合理诉求
59.08,185.39,126.30999999999999,合理诉求
299.33,1112.8,813.47,合理诉求
36.74,179.77,143.03,合理诉求
81.29,222.39,141.09999999999997,合理诉求
163.82,828.79,664.97,合理诉求
33.9,131.7,97.79999999999998,合理诉求
363.33,849.62,486.29,合理诉求
63.75,115.24,51.489999999999995,合理诉求
810.22,2395.31,1585.09,合理诉求
141.39,266.3,124.91000000000003,合理诉求
222.73,686.27,463.53999999999996,合理诉求
159.6,267.62,108.02000000000001,合理诉求
738.44,1299.1,560.6599999999999,合理诉求
486.32,693.23,206.91000000000003,合理诉求
64.35,525.89,461.53999999999996,诉求偏高
85.68,236.5,150.82,合理诉求
166.77,751.04,584.27,合理诉求
306.0,561.67,255.66999999999996,合理诉求
31.6,101.68,70.08000000000001,合理诉求
317.14,1924.76,1607.62,诉求偏高
94.77,143.58,48.81000000000002,合理诉求
54.04,332.13,278.09,合理诉求
146.58,461.48,314.9,合理诉求
59.71,340.98,281.27000000000004,合理诉求
36.02,213.11,177.09,合理诉求
223.0,372.67,149.67000000000002,合理诉求
1073.4,1529.26,455.8599999999999,合理诉求
290.19,1076.83,786.6399999999999,合理诉求
43.22,137.71,94.49000000000001,合理诉求
465.04,1090.07,625.03,合理诉求
31.75,276.38,244.63,合理诉求
229.83,474.92,245.09,合理诉求
347.86,489.56,141.7,合理诉求
58.03,100.53,42.5,合理诉求
94.5,253.24,158.74,合理诉求
90.3,104.66,14.36,合理诉求
207.85,255.3,47.45000000000002,合理诉求
114.07,453.01,338.94,合理诉求
192.6,429.73,237.13000000000002,合理诉求
1087.3,2219.53,1132.2300000000002,合理诉求
186.33,248.5,62.16999999999999,合理诉求
309.65,1487.82,1178.17,诉求偏高
183.23,559.68,376.44999999999993,合理诉求
876.78,1588.36,711.5799999999999,合理诉求
432.51,563.88,131.37,合理诉求
219.83,422.51,202.67999999999998,合理诉求
41.1,149.51,108.41,合理诉求
52.69,618.54,565.8499999999999,诉求偏高
296.04,573.1,277.06,合理诉求
18.27,253.53,235.26,合理诉求
72.63,120.51,47.88000000000001,合理诉求
633.91,2488.63,1854.7200000000003,诉求偏高
110.37,503.41,393.04,合理诉求
286.04,668.17,382.12999999999994,合理诉求
229.54,506.02,276.48,合理诉求
160.83,383.08,222.24999999999997,合理诉求
174.67,215.04,40.370000000000005,合理诉求
137.38,192.44,55.06,合理诉求
308.69,773.51,464.82,合理诉求
8.63,101.16,92.53,合理诉求
209.07,439.52,230.45,合理诉求
12.76,121.74,108.97999999999999,合理诉求
533.7,3152.31,2618.6099999999997,严重超额
15.63,212.41,196.78,合理诉求
890.3,4106.5,3216.2,诉求偏高
770.25,871.51,101.25999999999999,合理诉求
583.65,992.01,408.36,合理诉求
178.82,661.91,483.09,合理诉求
99.91,139.46,39.55000000000001,合理诉求
110.87,286.41,175.54000000000002,合理诉求
130.79,1209.52,1078.73,诉求偏高
33.22,109.16,75.94,合理诉求
1205.08,2452.08,1247.0,合理诉求
267.7,299.59,31.889999999999986,合理诉求
172.34,1138.43,966.09,诉求偏高
824.39,1974.87,1150.48,合理诉求
812.36,3087.6,2275.24,合理诉求
401.38,682.66,281.28,合理诉求
290.04,342.1,52.06,合理诉求
23.03,153.6,130.57,合理诉求
280.03,350.58,70.55000000000001,合理诉求
151.99,2299.71,2147.7200000000003,严重超额
369.02,1417.11,1048.09,合理诉求
7.5,497.62,490.12,诉求偏高
587.26,688.25,100.99000000000001,合理诉求
1054.95,3745.53,2690.58,合理诉求
959.6,2123.93,1164.33,合理诉求
40.25,163.83,123.58000000000001,合理诉求
885.96,3149.7,2263.74,合理诉求
104.96,367.86,262.90000000000003,合理诉求
222.74,488.38,265.64,合理诉求
189.51,405.32,215.81,合理诉求
639.94,1529.21,889.27,合理诉求
71.99,217.82,145.82999999999998,合理诉求
359.19,669.27,310.08,合理诉求
113.05,224.19,111.14,合理诉求
184.52,1481.45,1296.93,诉求偏高
65.33,184.19,118.86,合理诉求
25.34,115.5,90.16,合理诉求
774.49,1761.31,986.8199999999999,合理诉求
226.97,270.27,43.29999999999998,合理诉求
819.91,2185.55,1365.6400000000003,合理诉求
51.28,160.36,109.08000000000001,合理诉求
718.49,1445.81,727.3199999999999,合理诉求
295.3,873.19,577.8900000000001,合理诉求
236.83,347.51,110.67999999999998,合理诉求
110.39,383.11,272.72,合理诉求
506.87,660.47,153.60000000000002,合理诉求
218.77,369.35,150.58,合理诉求
491.07,636.93,145.85999999999996,合理诉求
121.06,562.41,441.34999999999997,合理诉求
97.39,105.44,8.049999999999997,合理诉求
94.07,186.33,92.26000000000002,合理诉求
421.4,1153.71,732.3100000000001,合理诉求
139.69,180.71,41.02000000000001,合理诉求
289.61,543.38,253.76999999999998,合理诉求
176.44,319.32,142.88,合理诉求
68.61,627.76,559.15,诉求偏高
23.12,119.69,96.57,合理诉求
514.97,1626.73,1111.76,合理诉求
222.83,760.48,537.65,合理诉求
332.1,630.64,298.53999999999996,合理诉求
450.52,1249.5,798.98,合理诉求
822.96,1218.13,395.1700000000001,合理诉求
382.67,571.43,188.75999999999993,合理诉求
409.04,810.99,401.95,合理诉求
921.13,2463.49,1542.3599999999997,合理诉求
392.9,1040.1,647.1999999999999,合理诉求
367.3,549.0,181.7,合理诉求
559.78,1285.71,725.9300000000001,合理诉求
770.06,1602.37,832.31,合理诉求
223.84,648.91,425.06999999999994,合理诉求
129.17,315.61,186.44000000000003,合理诉求
93.68,298.99,205.31,合理诉求
505.77,729.46,223.69000000000005,合理诉求
119.24,242.6,123.36,合理诉求
181.25,278.88,97.63,合理诉求
107.22,154.09,46.870000000000005,合理诉求
452.54,2121.83,1669.29,诉求偏高
3.52,235.93,232.41,合理诉求
144.29,244.61,100.32000000000002,合理诉求
336.39,1146.71,810.32,合理诉求
306.75,812.47,505.72,合理诉求
628.59,3417.64,2789.0499999999997,诉求偏高
581.07,1184.19,603.12,合理诉求
220.63,452.94,232.31,合理诉求
66.37,686.63,620.26,诉求偏高
81.7,159.65,77.95,合理诉求
897.17,2109.9,1212.73,合理诉求
1155.19,2527.31,1372.12,合理诉求
323.76,547.91,224.14999999999998,合理诉求
230.48,315.42,84.94000000000003,合理诉求
844.93,1198.52,353.59000000000003,合理诉求
95.94,560.56,464.61999999999995,合理诉求
263.26,570.02,306.76,合理诉求
360.07,360.55,0.4800000000000182,合理诉求
70.45,318.39,247.94,合理诉求
188.78,745.41,556.63,合理诉求
56.56,104.3,47.739999999999995,合理诉求
325.52,1273.48,947.96,合理诉求
83.36,227.88,144.51999999999998,合理诉求
275.2,964.35,689.1500000000001,合理诉求
84.61,273.03,188.41999999999996,合理诉求
591.1,1873.53,1282.4299999999998,合理诉求
339.79,480.5,140.70999999999998,合理诉求
78.0,146.73,68.72999999999999,合理诉求
34.71,101.51,66.80000000000001,合理诉求
235.16,1045.24,810.08,合理诉求
1009.59,2373.42,1363.83,合理诉求
386.41,1513.26,1126.85,合理诉求
17.73,108.29,90.56,合理诉求
49.37,260.14,210.76999999999998,合理诉求
19.9,204.96,185.06,合理诉求
534.61,740.89,206.27999999999997,合理诉求
990.04,1171.57,181.52999999999997,合理诉求
741.98,1361.17,619.19,合理诉求
223.45,230.57,7.1200000000000045,合理诉求
251.32,495.24,243.92000000000002,合理诉求
110.01,122.47,12.459999999999994,合理诉求
38.89,269.99,231.10000000000002,合理诉求
73.4,118.24,44.83999999999999,合理诉求
760.63,1458.18,697.5500000000001,合理诉求
148.7,342.88,194.18,合理诉求
126.97,189.51,62.53999999999999,合理诉求
11.43,195.98,184.54999999999998,合理诉求
917.73,3778.46,2860.73,诉求偏高
133.02,449.62,316.6,合理诉求
699.53,3142.57,2443.04,诉求偏高
3057.68,3183.0,125.32000000000016,合理诉求
193.11,1461.04,1267.9299999999998,诉求偏高
607.46,978.66,371.19999999999993,合理诉求
110.03,714.32,604.2900000000001,诉求偏高
130.03,431.96,301.92999999999995,合理诉求
245.71,262.33,16.619999999999976,合理诉求
56.1,152.45,96.35,合理诉求
377.01,604.67,227.65999999999997,合理诉求
534.83,2589.21,2054.38,诉求偏高
128.31,439.52,311.21,合理诉求
353.71,916.38,562.6700000000001,合理诉求
257.17,434.57,177.39999999999998,合理诉求
270.38,1352.36,1081.98,诉求偏高
157.08,746.12,589.04,合理诉求
852.11,2187.37,1335.2599999999998,合理诉求
418.06,1276.44,858.3800000000001,合理诉求
634.89,823.18,188.28999999999996,合理诉求
669.23,1096.62,427.3899999999999,合理诉求
785.35,795.51,10.159999999999968,合理诉求
118.43,399.51,281.08,合理诉求
252.93,625.05,372.11999999999995,合理诉求
73.17,101.89,28.72,合理诉求
601.22,670.88,69.65999999999997,合理诉求
217.54,1098.38,880.8400000000001,诉求偏高
365.83,720.33,354.50000000000006,合理诉求
233.48,1415.98,1182.5,诉求偏高
305.31,765.71,460.40000000000003,合理诉求
26.67,155.35,128.68,合理诉求
440.5,573.07,132.57000000000005,合理诉求
41.17,212.3,171.13,合理诉求
75.94,159.59,83.65,合理诉求
127.15,152.78,25.629999999999995,合理诉求
8.67,101.25,92.58,合理诉求
53.17,125.47,72.3,合理诉求
154.38,1322.33,1167.9499999999998,诉求偏高
468.99,1296.8,827.81,合理诉求
53.86,119.73,65.87,合理诉求
387.7,950.8,563.0999999999999,合理诉求
192.91,372.38,179.47,合理诉求
688.94,1879.89,1190.95,合理诉求
266.27,449.29,183.02000000000004,合理诉求
105.21,413.46,308.25,合理诉求
62.48,261.21,198.73,合理诉求
44.75,101.21,56.459999999999994,合理诉求
94.97,520.05,425.0799999999999,合理诉求
79.39,310.84,231.45,合理诉求
876.87,2488.75,1611.88,合理诉求
278.76,337.35,58.59000000000003,合理诉求
153.33,231.3,77.97,合理诉求
188.13,412.76,224.63,合理诉求
323.9,2854.29,2530.39,严重超额
125.64,1513.07,1387.4299999999998,严重超额
237.73,389.08,151.35,合理诉求
420.51,1291.49,870.98,合理诉求
190.36,1140.31,949.9499999999999,诉求偏高
240.61,1335.43,1094.8200000000002,诉求偏高
254.32,283.23,28.910000000000025,合理诉求
455.94,531.57,75.63000000000005,合理诉求
51.35,205.18,153.83,合理诉求
7.13,106.41,99.28,合理诉求
75.94,794.85,718.9100000000001,诉求偏高
137.39,314.61,177.22000000000003,合理诉求
388.93,1710.6,1321.6699999999998,诉求偏高
54.17,131.05,76.88000000000001,合理诉求
304.38,372.36,67.98000000000002,合理诉求
1069.95,2641.03,1571.0800000000002,合理诉求
63.88,326.31,262.43,合理诉求
355.75,1157.7,801.95,合理诉求
133.21,143.04,9.829999999999984,合理诉求
498.79,1318.19,819.4000000000001,合理诉求
40.82,125.26,84.44,合理诉求
492.84,2469.52,1976.68,诉求偏高
197.13,204.78,7.650000000000006,合理诉求
398.98,1424.42,1025.44,合理诉求
164.18,241.95,77.76999999999998,合理诉求
23.91,216.49,192.58,合理诉求
127.32,207.34,80.02000000000001,合理诉求
85.42,249.85,164.43,合理诉求
556.08,3197.92,2641.84,诉求偏高
1096.47,1434.7,338.23,合理诉求
778.28,803.57,25.290000000000077,合理诉求
111.2,122.49,11.289999999999992,合理诉求
31.78,317.94,286.15999999999997,合理诉求
154.23,223.9,69.67000000000002,合理诉求
439.48,1485.94,1046.46,合理诉求
364.49,1235.4,870.9100000000001,合理诉求
45.66,297.42,251.76000000000002,合理诉求
517.18,1148.79,631.61,合理诉求
387.87,1093.61,705.7399999999999,合理诉求
44.54,110.5,65.96000000000001,合理诉求
227.35,340.22,112.87000000000003,合理诉求
303.49,353.79,50.30000000000001,合理诉求
1014.69,4656.81,3642.1200000000003,诉求偏高
578.12,2051.47,1473.35,合理诉求
120.85,413.87,293.02,合理诉求
374.17,1435.49,1061.32,合理诉求
118.37,130.07,11.699999999999989,合理诉求
372.65,953.63,580.98,合理诉求
19.13,131.75,112.62,合理诉求
1216.87,2192.68,975.81,合理诉求
193.38,194.71,1.3300000000000125,合理诉求
420.46,1106.7,686.24,合理诉求
152.82,299.96,147.14,合理诉求
165.34,177.89,12.549999999999983,合理诉求
73.24,202.13,128.89,合理诉求
56.7,180.57,123.86999999999999,合理诉求
655.62,684.13,28.50999999999999,合理诉求
92.32,176.31,83.99000000000001,合理诉求
293.8,475.01,181.20999999999998,合理诉求
453.34,888.57,435.2300000000001,合理诉求
283.53,372.43,88.90000000000003,合理诉求
68.98,353.66,284.68,合理诉求
182.27,199.51,17.23999999999998,合理诉求
52.7,303.94,251.24,合理诉求
316.16,780.97,464.81,合理诉求
316.6,1290.71,974.11,合理诉求
1033.78,3852.03,2818.25,合理诉求
38.17,204.38,166.20999999999998,合理诉求
84.14,413.09,328.95,合理诉求
307.42,438.85,131.43,合理诉求
194.39,1095.61,901.2199999999999,诉求偏高
527.82,908.76,380.93999999999994,合理诉求
329.78,475.93,146.15000000000003,合理诉求
123.15,158.0,34.849999999999994,合理诉求
105.12,351.43,246.31,合理诉求
626.15,2438.26,1812.1100000000001,合理诉求
86.61,246.63,160.01999999999998,合理诉求
139.11,162.4,23.289999999999992,合理诉求
54.01,123.86,69.85,合理诉求
193.04,1133.54,940.5,诉求偏高
378.4,438.06,59.660000000000025,合理诉求
176.43,968.69,792.26,诉求偏高
12.37,370.88,358.51,诉求偏高
404.94,428.43,23.49000000000001,合理诉求
39.59,157.76,118.16999999999999,合理诉求
1157.69,2348.09,1190.4,合理诉求
107.94,137.38,29.439999999999998,合理诉求
80.52,662.49,581.97,诉求偏高
497.07,587.28,90.20999999999998,合理诉求
23.67,150.27,126.60000000000001,合理诉求
189.67,410.4,220.73,合理诉求
106.5,245.17,138.67,合理诉求
475.69,1181.17,705.48,合理诉求
123.45,207.76,84.30999999999999,合理诉求
4.46,119.9,115.44000000000001,合理诉求
273.56,1114.46,840.9000000000001,合理诉求
103.02,223.08,120.06000000000002,合理诉求
186.86,776.36,589.5,合理诉求
658.45,3655.35,2996.8999999999996,诉求偏高
593.25,1198.66,605.4100000000001,合理诉求
374.81,501.47,126.66000000000003,合理诉求
74.57,149.65,75.08000000000001,合理诉求
386.79,1004.24,617.45,合理诉求
166.38,380.02,213.64,合理诉求
335.69,1180.58,844.8899999999999,合理诉求
25.45,117.45,92.0,合理诉求
316.19,1268.39,952.2,合理诉求
489.62,527.34,37.72000000000003,合理诉求
473.83,1266.48,792.6500000000001,合理诉求
102.89,350.6,247.71000000000004,合理诉求
15.11,225.59,210.48000000000002,合理诉求
183.29,559.29,376.0,合理诉求
90.81,101.41,10.599999999999994,合理诉求
790.63,1719.42,928.7900000000001,合理诉求
225.11,1949.27,1724.1599999999999,严重超额
252.98,467.8,214.82000000000002,合理诉求
276.17,1042.21,766.04,合理诉求
1320.91,2318.36,997.45,合理诉求
638.88,1687.14,1048.2600000000002,合理诉求
634.91,3846.79,3211.88,严重超额
29.69,100.8,71.11,合理诉求
52.48,195.7,143.22,合理诉求
19.95,552.86,532.91,诉求偏高
892.38,1424.78,532.4,合理诉求
295.27,301.7,6.430000000000007,合理诉求
57.85,205.94,148.09,合理诉求
1294.76,1305.91,11.150000000000091,合理诉求
432.32,2683.02,2250.7,诉求偏高
12.12,105.65,93.53,合理诉求
129.48,429.46,299.98,合理诉求
114.38,861.03,746.65,诉求偏高
472.22,721.67,249.44999999999993,合理诉求
490.39,2041.57,1551.1799999999998,诉求偏高
41.04,110.5,69.46000000000001,合理诉求
54.05,109.06,55.010000000000005,合理诉求
973.57,4349.87,3376.2999999999997,诉求偏高
171.62,357.47,185.85000000000002,合理诉求
740.04,857.88,117.84000000000003,合理诉求
751.41,2739.46,1988.0500000000002,合理诉求
42.39,131.14,88.74999999999999,合理诉求
568.91,1181.52,612.61,合理诉求
88.6,709.77,621.17,诉求偏高
95.02,114.74,19.72,合理诉求
104.68,1504.2,1399.52,严重超额
127.1,1233.12,1106.02,诉求偏高
2.96,100.04,97.08000000000001,合理诉求
78.42,1591.84,1513.4199999999998,严重超额
179.64,421.95,242.31,合理诉求
54.65,140.58,85.93,合理诉求
216.92,469.24,252.32000000000002,合理诉求
947.84,3379.42,2431.58,合理诉求
291.01,859.92,568.91,合理诉求
228.7,1045.84,817.1399999999999,合理诉求
208.95,337.62,128.67000000000002,合理诉求
56.32,192.17,135.85,合理诉求
47.4,123.62,76.22,合理诉求
146.59,838.31,691.7199999999999,诉求偏高
117.91,1287.95,1170.04,诉求偏高
723.55,1545.86,822.31,合理诉求
176.88,298.18,121.30000000000001,合理诉求
84.98,311.31,226.32999999999998,合理诉求
660.74,2069.22,1408.4799999999998,合理诉求
833.16,902.99,69.83000000000004,合理诉求
500.21,615.01,114.80000000000001,合理诉求
312.62,354.23,41.610000000000014,合理诉求
60.71,910.61,849.9,诉求偏高
372.23,459.32,87.08999999999997,合理诉求
87.33,546.86,459.53000000000003,合理诉求
898.38,3866.29,2967.91,诉求偏高
404.27,459.93,55.660000000000025,合理诉求
232.4,323.81,91.41,合理诉求
496.17,627.79,131.61999999999995,合理诉求
32.06,125.8,93.74,合理诉求
406.62,1001.37,594.75,合理诉求
354.84,752.54,397.7,合理诉求
149.44,545.0,395.56,合理诉求
152.8,172.77,19.97,合理诉求
280.12,474.73,194.61,合理诉求
494.58,1099.49,604.9100000000001,合理诉求
701.87,2808.12,2106.25,诉求偏高
760.75,3595.56,2834.81,诉求偏高
452.05,1176.89,724.8400000000001,合理诉求
259.21,1103.06,843.8499999999999,合理诉求
281.9,284.69,2.7900000000000205,合理诉求
431.43,857.89,426.46,合理诉求
5.79,123.82,118.02999999999999,合理诉求
281.54,1241.36,959.8199999999999,合理诉求
68.65,266.48,197.83,合理诉求
35.11,151.99,116.88000000000001,合理诉求
998.29,1293.7,295.4100000000001,合理诉求
115.89,189.85,73.96,合理诉求
78.28,146.0,67.72,合理诉求
518.62,848.82,330.20000000000005,合理诉求
332.42,2027.71,1695.29,诉求偏高
13.85,276.27,262.41999999999996,合理诉求
212.24,566.81,354.56999999999994,合理诉求
1119.18,3228.27,2109.09,合理诉求
1107.17,1948.87,841.6999999999998,合理诉求
13.72,137.28,123.56,合理诉求
316.52,570.36,253.84000000000003,合理诉求
81.22,112.64,31.42,合理诉求
257.82,302.01,44.19,合理诉求
18.52,100.01,81.49000000000001,合理诉求
91.08,254.53,163.45,合理诉求
724.62,2022.52,1297.9,合理诉求
463.45,648.3,184.84999999999997,合理诉求
146.61,632.0,485.39,合理诉求
265.45,355.3,89.85000000000002,合理诉求
174.59,677.98,503.39,合理诉求
82.97,453.38,370.40999999999997,合理诉求
378.35,577.27,198.91999999999996,合理诉求
444.7,581.41,136.70999999999998,合理诉求
141.39,536.1,394.71000000000004,合理诉求
119.33,522.06,402.72999999999996,合理诉求
283.31,318.87,35.56,合理诉求
425.41,444.72,19.310000000000002,合理诉求
101.59,225.19,123.6,合理诉求
3.74,100.01,96.27000000000001,合理诉求
209.65,354.31,144.66,合理诉求
179.32,452.66,273.34000000000003,合理诉求
161.34,364.28,202.93999999999997,合理诉求
251.72,376.33,124.60999999999999,合理诉求
112.25,129.3,17.05000000000001,合理诉求
560.35,1421.46,861.11,合理诉求
15.52,156.93,141.41,合理诉求
181.63,504.29,322.66,合理诉求
15.04,100.22,85.18,合理诉求
510.3,2569.91,2059.6099999999997,诉求偏高
168.88,1620.31,1451.4299999999998,严重超额
409.1,1207.66,798.5600000000001,合理诉求
840.88,1796.75,955.87,合理诉求
150.45,782.11,631.6600000000001,合理诉求
774.58,1793.85,1019.2699999999999,合理诉求
11.27,146.5,135.23,合理诉求
270.65,540.87,270.22,合理诉求
437.67,1127.8,690.1299999999999,合理诉求
336.22,1298.41,962.19,合理诉求
444.84,974.73,529.8900000000001,合理诉求
306.29,503.08,196.78999999999996,合理诉求
322.96,496.93,173.97000000000003,合理诉求
170.82,332.52,161.7,合理诉求
771.0,2583.15,1812.15,合理诉求
104.67,181.19,76.52,合理诉求
140.75,244.27,103.52000000000001,合理诉求
751.51,1767.06,1015.55,合理诉求
32.84,100.69,67.85,合理诉求
312.71,1503.2,1190.49,诉求偏高
260.69,450.02,189.32999999999998,合理诉求
154.04,246.87,92.83000000000001,合理诉求
48.93,369.28,320.34999999999997,合理诉求
166.25,272.75,106.5,合理诉求
252.37,1024.74,772.37,合理诉求
967.25,1633.17,665.9200000000001,合理诉求
540.31,1581.66,1041.3500000000001,合理诉求
219.59,224.68,5.090000000000003,合理诉求
113.35,391.69,278.34000000000003,合理诉求
65.66,232.51,166.85,合理诉求
414.86,2562.42,2147.56,诉求偏高
200.43,530.74,330.31,合理诉求
753.13,2963.02,2209.89,诉求偏高
293.36,2575.3,2281.94,严重超额
44.1,200.94,156.84,合理诉求
47.6,128.11,80.51000000000002,合理诉求
53.89,254.76,200.87,合理诉求
10.48,298.8,288.32,合理诉求
108.61,657.23,548.62,诉求偏高
131.5,276.3,144.8,合理诉求
78.12,100.27,22.14999999999999,合理诉求
101.63,167.75,66.12,合理诉求
1977.1,3101.9,1124.8000000000002,合理诉求
534.18,3796.9,3262.7200000000003,严重超额
268.89,1570.35,1301.46,诉求偏高
1002.03,4055.01,3052.9800000000005,诉求偏高
375.32,1512.02,1136.7,合理诉求
25.67,154.71,129.04000000000002,合理诉求
78.84,164.96,86.12,合理诉求
132.5,593.5,461.0,合理诉求
181.78,396.73,214.95000000000002,合理诉求
15.58,119.44,103.86,合理诉求
797.14,3721.23,2924.09,诉求偏高
313.64,966.29,652.65,合理诉求
1428.11,3035.28,1607.1700000000003,合理诉求
211.13,538.5,327.37,合理诉求
203.32,608.86,405.54,合理诉求
66.0,1157.46,1091.46,严重超额
390.48,2571.57,2181.09,严重超额
4.34,146.86,142.52,合理诉求
92.88,316.1,223.22000000000003,合理诉求
1646.22,3002.11,1355.89,合理诉求
842.22,3460.98,2618.76,诉求偏高
53.95,200.45,146.5,合理诉求
341.68,351.53,9.849999999999966,合理诉求
19.66,102.54,82.88000000000001,合理诉求
195.88,877.83,681.95,合理诉求
314.22,951.1,636.88,合理诉求
442.1,2251.08,1808.98,诉求偏高
214.46,477.07,262.61,合理诉求
142.31,758.78,616.47,合理诉求
433.55,1355.17,921.6200000000001,合理诉求
106.51,638.37,531.86,诉求偏高
210.59,510.31,299.72,合理诉求
105.63,107.1,1.4699999999999989,合理诉求
603.88,832.55,228.66999999999996,合理诉求
399.84,576.47,176.63000000000005,合理诉求
51.02,177.82,126.79999999999998,合理诉求
471.8,2472.69,2000.89,诉求偏高
113.44,612.05,498.60999999999996,合理诉求
623.77,846.11,222.34000000000003,合理诉求
154.11,917.5,763.39,诉求偏高
116.89,758.84,641.95,诉求偏高
35.09,115.83,80.74,合理诉求
396.53,1491.16,1094.63,合理诉求
221.22,391.35,170.13000000000002,合理诉求
147.16,642.75,495.59000000000003,合理诉求
322.89,2645.58,2322.69,严重超额
90.18,399.07,308.89,合理诉求
32.05,100.15,68.10000000000001,合理诉求
1062.77,2715.76,1652.9900000000002,合理诉求
9.67,148.41,138.74,合理诉求
383.65,1285.51,901.86,合理诉求
132.42,254.01,121.59,合理诉求
864.05,1924.91,1060.8600000000001,合理诉求
68.97,190.37,121.4,合理诉求
1267.18,4937.87,3670.6899999999996,诉求偏高
201.1,584.44,383.34000000000003,合理诉求
190.45,199.68,9.230000000000018,合理诉求
31.07,115.84,84.77000000000001,合理诉求
104.68,157.49,52.81,合理诉求
450.71,1115.73,665.02,合理诉求
120.69,172.87,52.18000000000001,合理诉求
678.96,1622.55,943.5899999999999,合理诉求
30.13,163.64,133.51,合理诉求
1070.28,2549.54,1479.26,合理诉求
780.6,1227.47,446.87,合理诉求
32.58,113.17,80.59,合理诉求
785.6,1436.11,650.5099999999999,合理诉求
301.26,1686.87,1385.61,诉求偏高
81.74,729.55,647.81,诉求偏高
403.87,461.22,57.35000000000002,合理诉求
304.38,1491.53,1187.15,诉求偏高
250.32,339.02,88.69999999999999,合理诉求
86.46,191.47,105.01,合理诉求
28.74,180.57,151.82999999999998,合理诉求
763.01,1557.13,794.1200000000001,合理诉求
241.21,373.69,132.48,合理诉求
49.98,317.83,267.84999999999997,合理诉求
304.73,834.24,529.51,合理诉求
389.38,619.9,230.51999999999998,合理诉求
234.36,806.23,571.87,合理诉求
240.75,336.73,95.98000000000002,合理诉求
305.85,717.89,412.03999999999996,合理诉求
143.24,462.59,319.34999999999997,合理诉求
141.25,1565.13,1423.88,严重超额
60.69,107.74,47.05,合理诉求
156.88,444.24,287.36,合理诉求
333.59,872.99,539.4000000000001,合理诉求
117.01,1229.43,1112.42,诉求偏高
97.89,245.94,148.05,合理诉求
44.24,129.81,85.57,合理诉求
102.66,255.82,153.16,合理诉求
529.74,759.53,229.78999999999996,合理诉求
539.84,1095.6,555.7599999999999,合理诉求
358.04,683.88,325.84,合理诉求
120.33,269.39,149.06,合理诉求
129.89,186.24,56.35000000000002,合理诉求
247.72,577.58,329.86,合理诉求
292.59,620.1,327.51000000000005,合理诉求
542.7,1283.83,741.1299999999999,合理诉求
171.38,475.8,304.42,合理诉求
197.2,213.64,16.439999999999998,合理诉求
231.76,381.52,149.76,合理诉求
69.54,192.0,122.46,合理诉求
859.57,1993.76,1134.19,合理诉求
20.67,136.43,115.76,合理诉求
149.09,308.68,159.59,合理诉求
736.95,2053.01,1316.0600000000002,合理诉求
315.23,1639.95,1324.72,诉求偏高
40.28,105.64,65.36,合理诉求
20.83,170.11,149.28000000000003,合理诉求
29.95,188.07,158.12,合理诉求
835.08,1717.72,882.64,合理诉求
321.58,1598.52,1276.94,诉求偏高
6.27,109.79,103.52000000000001,合理诉求
335.81,1043.24,707.4300000000001,合理诉求
131.2,318.71,187.51,合理诉求
334.67,396.56,61.889999999999986,合理诉求
140.36,550.65,410.28999999999996,合理诉求
765.39,2017.69,1252.3000000000002,合理诉求
115.05,170.77,55.72000000000001,合理诉求
187.96,252.57,64.60999999999999,合理诉求
231.99,421.69,189.7,合理诉求
16.88,104.47,87.59,合理诉求
116.73,177.61,60.88000000000001,合理诉求
319.07,841.87,522.8,合理诉求
95.0,1244.66,1149.66,诉求偏高
545.06,2176.47,1631.4099999999999,诉求偏高
56.02,176.18,120.16,合理诉求
262.88,739.46,476.58000000000004,合理诉求
171.48,899.26,727.78,诉求偏高
97.57,303.92,206.35000000000002,合理诉求
46.06,606.49,560.4300000000001,诉求偏高
412.82,546.54,133.71999999999997,合理诉求
13.73,453.87,440.14,诉求偏高
16.41,105.0,88.59,合理诉求
55.21,368.07,312.86,合理诉求
134.09,205.32,71.22999999999999,合理诉求
464.29,795.95,331.66,合理诉求
158.2,1096.24,938.04,诉求偏高
1049.32,2167.09,1117.7700000000002,合理诉求
309.36,813.53,504.16999999999996,合理诉求
49.61,349.36,299.75,合理诉求
313.67,541.45,227.78000000000003,合理诉求
272.83,1139.46,866.6300000000001,合理诉求
13.78,181.24,167.46,合理诉求
118.31,120.37,2.0600000000000023,合理诉求
1156.11,2321.49,1165.3799999999999,合理诉求
320.28,781.82,461.5400000000001,合理诉求
165.55,174.78,9.22999999999999,合理诉求
269.94,692.03,422.09,合理诉求
18.44,568.16,549.7199999999999,诉求偏高
229.53,984.84,755.3100000000001,合理诉求
58.07,1114.78,1056.71,严重超额
471.9,1179.85,707.9499999999999,合理诉求
234.46,343.07,108.60999999999999,合理诉求
44.46,128.08,83.62,合理诉求
10.12,117.65,107.53,合理诉求
622.98,636.27,13.289999999999964,合理诉求
64.65,119.22,54.56999999999999,合理诉求
111.05,337.46,226.40999999999997,合理诉求
99.72,287.94,188.22,合理诉求
82.88,529.79,446.90999999999997,合理诉求
624.72,656.17,31.449999999999932,合理诉求
85.68,153.74,68.06,合理诉求
79.19,103.93,24.74000000000001,合理诉求
217.4,787.75,570.35,合理诉求
68.12,691.56,623.4399999999999,诉求偏高
545.18,1027.08,481.9,合理诉求
377.2,1307.58,930.3799999999999,合理诉求
134.77,613.46,478.69000000000005,合理诉求
17.22,100.15,82.93,合理诉求
125.97,554.25,428.28,合理诉求
144.54,313.13,168.59,合理诉求
637.97,984.45,346.48,合理诉求
130.14,450.22,320.08000000000004,合理诉求
468.05,2186.94,1718.89,诉求偏高
219.76,328.12,108.36000000000001,合理诉求
88.5,608.7,520.2,诉求偏高
59.57,276.16,216.59000000000003,合理诉求
75.22,378.0,302.78,合理诉求
322.32,704.37,382.05,合理诉求
51.64,142.08,90.44000000000001,合理诉求
806.05,1737.37,931.3199999999999,合理诉求
186.52,651.42,464.9,合理诉求
155.18,160.74,5.560000000000002,合理诉求
12.88,104.75,91.87,合理诉求
223.56,835.79,612.23,合理诉求
266.22,1020.31,754.0899999999999,合理诉求
281.31,2796.2,2514.89,严重超额
157.76,340.99,183.23000000000002,合理诉求
179.85,320.4,140.54999999999998,合理诉求
95.79,138.06,42.269999999999996,合理诉求
976.7,1686.69,709.99,合理诉求
462.54,2423.78,1961.2400000000002,诉求偏高
511.91,770.99,259.08,合理诉求
341.3,640.64,299.34,合理诉求
53.28,452.76,399.48,诉求偏高
49.21,602.63,553.42,诉求偏高
746.02,2930.05,2184.03,诉求偏高
66.81,246.37,179.56,合理诉求
619.85,956.27,336.41999999999996,合理诉求
139.59,209.37,69.78,合理诉求
120.94,365.2,244.26,合理诉求
599.93,1906.4,1306.4700000000003,合理诉求
377.88,1138.12,760.2399999999999,合理诉求
787.93,1489.42,701.4900000000001,合理诉求
582.79,1568.92,986.1300000000001,合理诉求
131.79,180.15,48.360000000000014,合理诉求
349.23,1376.17,1026.94,合理诉求
562.13,1127.62,565.4899999999999,合理诉求
200.05,453.6,253.55,合理诉求
86.75,181.91,95.16,合理诉求
105.81,127.49,21.679999999999993,合理诉求
134.3,294.42,160.12,合理诉求
286.33,1102.82,816.49,合理诉求
62.07,172.0,109.93,合理诉求
1.82,131.76,129.94,合理诉求
482.79,607.14,124.34999999999997,合理诉求
244.68,344.43,99.75,合理诉求
178.73,1440.34,1261.61,诉求偏高
505.64,1320.53,814.89,合理诉求
82.23,373.46,291.22999999999996,合理诉求
609.43,3134.78,2525.3500000000004,诉求偏高
56.44,122.06,65.62,合理诉求
619.85,2583.4,1963.5500000000002,诉求偏高
179.58,1592.22,1412.64,诉求偏高
154.78,479.7,324.91999999999996,合理诉求
364.0,367.45,3.4499999999999886,合理诉求
486.27,840.8,354.53,合理诉求
4.11,100.96,96.85,合理诉求
559.9,1717.12,1157.2199999999998,合理诉求
1581.23,3291.48,1710.25,合理诉求
508.37,1235.25,726.88,合理诉求
244.78,637.95,393.1700000000001,合理诉求
690.07,1246.73,556.66,合理诉求
89.29,133.41,44.11999999999999,合理诉求
135.76,627.7,491.94000000000005,合理诉求
493.37,722.98,229.61,合理诉求
77.65,157.12,79.47,合理诉求
729.87,1534.68,804.8100000000001,合理诉求
41.76,314.5,272.74,合理诉求
58.19,175.6,117.41,合理诉求
5.95,102.79,96.84,合理诉求
89.88,128.62,38.74000000000001,合理诉求
454.87,1289.37,834.4999999999999,合理诉求
417.62,1169.08,751.4599999999999,合理诉求
277.0,1885.38,1608.38,诉求偏高
39.44,342.67,303.23,合理诉求
81.41,597.09,515.6800000000001,诉求偏高
570.37,633.33,62.960000000000036,合理诉求
7.35,100.48,93.13000000000001,合理诉求
171.12,528.88,357.76,合理诉求
1140.23,1714.68,574.45,合理诉求
210.65,1009.79,799.14,诉求偏高
364.07,369.24,5.170000000000016,合理诉求
443.47,1105.45,661.98,合理诉求
365.44,987.53,622.0899999999999,合理诉求
572.75,1209.13,636.3800000000001,合理诉求
132.82,485.1,352.28000000000003,合理诉求
270.58,731.29,460.71,合理诉求
151.54,201.21,49.670000000000016,合理诉求
546.29,991.99,445.70000000000005,合理诉求
337.28,1410.27,1072.99,合理诉求
278.72,656.65,377.92999999999995,合理诉求
552.04,2567.49,2015.4499999999998,诉求偏高
240.72,1578.76,1338.04,诉求偏高
68.17,184.14,115.96999999999998,合理诉求
702.55,1655.18,952.6300000000001,合理诉求
178.19,617.88,439.69,合理诉求
363.82,531.15,167.32999999999998,合理诉求
111.09,891.79,780.6999999999999,诉求偏高
45.58,190.53,144.95,合理诉求
513.33,1968.52,1455.19,合理诉求
42.03,179.26,137.23,合理诉求
21.98,177.32,155.34,合理诉求
46.18,265.66,219.48000000000002,合理诉求
90.45,109.43,18.980000000000004,合理诉求
393.09,833.38,440.29,合理诉求
135.18,147.23,12.049999999999983,合理诉求
169.24,633.83,464.59000000000003,合理诉求
111.93,953.04,841.1099999999999,诉求偏高
804.09,1798.78,994.6899999999999,合理诉求
226.67,389.66,162.99000000000004,合理诉求
19.86,102.7,82.84,合理诉求
258.39,664.79,406.4,合理诉求
163.38,284.77,121.38999999999999,合理诉求
23.51,281.94,258.43,合理诉求
299.16,516.18,217.01999999999992,合理诉求
629.81,1249.92,620.1100000000001,合理诉求
254.55,309.68,55.129999999999995,合理诉求
362.18,836.23,474.05,合理诉求
681.03,1179.45,498.4200000000001,合理诉求
323.79,713.6,389.81,合理诉求
120.66,154.75,34.09,合理诉求
937.86,2014.99,1077.13,合理诉求
47.32,105.2,57.88,合理诉求
384.34,496.28,111.94,合理诉求
57.28,169.54,112.25999999999999,合理诉求
103.51,118.68,15.170000000000002,合理诉求
220.41,347.22,126.81000000000003,合理诉求
389.31,636.63,247.32,合理诉求
334.59,503.11,168.52000000000004,合理诉求
9.84,127.43,117.59,合理诉求
22.64,100.31,77.67,合理诉求
114.77,895.19,780.4200000000001,诉求偏高
202.9,845.38,642.48,合理诉求
36.38,124.16,87.78,合理诉求
258.5,654.74,396.24,合理诉求
232.82,359.87,127.05000000000001,合理诉求
50.55,137.52,86.97000000000001,合理诉求
16.34,111.54,95.2,合理诉求
300.0,320.7,20.69999999999999,合理诉求
50.25,176.56,126.31,合理诉求
164.83,1024.3,859.4699999999999,诉求偏高
546.06,809.63,263.57000000000005,合理诉求
84.79,886.54,801.75,诉求偏高
355.93,673.85,317.92,合理诉求
138.18,423.56,285.38,合理诉求
30.13,182.6,152.47,合理诉求
111.07,1085.91,974.8400000000001,诉求偏高
423.19,989.08,565.8900000000001,合理诉求
259.63,292.21,32.579999999999984,合理诉求
757.65,2618.76,1861.1100000000001,合理诉求
474.27,665.6,191.33000000000004,合理诉求
77.94,208.15,130.21,合理诉求
73.31,142.45,69.13999999999999,合理诉求
140.6,810.4,669.8,诉求偏高
487.37,1023.8,536.43,合理诉求
4.62,142.85,138.23,合理诉求
1.36,100.93,99.57000000000001,合理诉求
220.86,545.86,325.0,合理诉求
61.57,835.17,773.5999999999999,诉求偏高
311.75,670.09,358.34000000000003,合理诉求
239.47,2017.07,1777.6,严重超额
105.45,610.0,504.55,合理诉求
321.04,1661.45,1340.41,诉求偏高
301.72,2001.21,1699.49,诉求偏高
62.86,123.85,60.989999999999995,合理诉求
238.82,362.89,124.07,合理诉求
350.16,1157.43,807.27,合理诉求
434.1,750.65,316.54999999999995,合理诉求
62.74,116.16,53.419999999999995,合理诉求
702.39,1194.55,492.15999999999997,合理诉求
178.17,415.93,237.76000000000002,合理诉求
72.42,284.79,212.37,合理诉求
506.01,2539.85,2033.84,诉求偏高
86.52,612.94,526.4200000000001,诉求偏高
282.71,669.74,387.03000000000003,合理诉求
248.83,496.53,247.69999999999996,合理诉求
227.78,321.33,93.54999999999998,合理诉求
258.44,572.51,314.07,合理诉求
500.43,1906.43,1406.0,合理诉求
256.48,373.14,116.65999999999997,合理诉求
48.43,281.12,232.69,合理诉求
60.04,122.65,62.61000000000001,合理诉求
82.81,108.54,25.730000000000004,合理诉求
232.15,339.52,107.36999999999998,合理诉求
24.88,119.35,94.47,合理诉求
14.96,168.1,153.14,合理诉求
296.15,644.73,348.58000000000004,合理诉求
396.67,1197.2,800.53,合理诉求
139.1,736.48,597.38,合理诉求
745.18,1558.07,812.89,合理诉求
173.79,207.55,33.76000000000002,合理诉求
278.04,680.73,402.69,合理诉求
363.22,510.35,147.13,合理诉求
194.82,246.08,51.26000000000002,合理诉求
266.05,295.61,29.560000000000002,合理诉求
777.12,2207.61,1430.4900000000002,合理诉求
188.13,396.82,208.69,合理诉求
178.14,251.41,73.27000000000001,合理诉求
601.92,2370.16,1768.2399999999998,诉求偏高
281.28,2066.88,1785.6000000000001,严重超额
75.12,146.2,71.07999999999998,合理诉求
172.46,539.08,366.62,合理诉求
1270.65,2618.71,1348.06,合理诉求
135.28,1433.87,1298.59,严重超额
797.15,3327.14,2529.99,诉求偏高
341.04,424.14,83.09999999999997,合理诉求
53.23,107.42,54.190000000000005,合理诉求
90.84,1332.1,1241.26,严重超额
56.67,106.22,49.55,合理诉求
126.28,365.91,239.63000000000002,合理诉求
294.58,661.41,366.83,合理诉求
493.04,1826.47,1333.43,合理诉求
234.52,290.49,55.97,合理诉求
162.68,409.53,246.84999999999997,合理诉求
206.39,774.5,568.11,合理诉求
1669.68,3060.73,1391.05,合理诉求
29.81,104.07,74.25999999999999,合理诉求
837.3,3088.93,2251.63,合理诉求
16.62,234.99,218.37,合理诉求
142.3,245.86,103.56,合理诉求
215.14,363.28,148.14,合理诉求
182.19,369.61,187.42000000000002,合理诉求
575.17,855.57,280.4000000000001,合理诉求
627.85,768.41,140.55999999999995,合理诉求
116.26,221.38,105.11999999999999,合理诉求
689.64,867.36,177.72000000000003,合理诉求
217.19,370.84,153.64999999999998,合理诉求
569.83,1005.89,436.05999999999995,合理诉求
345.41,584.73,239.32,合理诉求
94.71,548.5,453.79,合理诉求
1454.71,3548.3,2093.59,合理诉求
242.88,457.01,214.13,合理诉求
434.34,478.18,43.84000000000003,合理诉求
319.47,465.41,145.94,合理诉求
54.54,220.01,165.47,合理诉求
42.85,113.77,70.91999999999999,合理诉求
473.18,1567.47,1094.29,合理诉求
488.55,1666.96,1178.41,合理诉求
504.55,1910.21,1405.66,合理诉求
455.63,1274.32,818.6899999999999,合理诉求
439.58,524.2,84.62000000000006,合理诉求
114.56,917.29,802.73,诉求偏高
20.69,107.6,86.91,合理诉求
167.67,606.28,438.61,合理诉求
269.4,331.01,61.610000000000014,合理诉求
549.97,872.6,322.63,合理诉求
342.39,1401.73,1059.3400000000001,合理诉求
288.45,995.32,706.8700000000001,合理诉求
228.87,271.81,42.94,合理诉求
77.17,333.71,256.53999999999996,合理诉求
754.39,1527.08,772.6899999999999,合理诉求
49.86,287.45,237.58999999999997,合理诉求
344.1,545.42,201.31999999999994,合理诉求
68.23,131.01,62.77999999999999,合理诉求
134.51,505.16,370.65000000000003,合理诉求
441.37,944.3,502.92999999999995,合理诉求
55.24,321.58,266.34,合理诉求
520.38,2893.6,2373.22,诉求偏高
54.67,136.32,81.64999999999999,合理诉求
674.39,1465.92,791.5300000000001,合理诉求
432.89,659.21,226.32000000000005,合理诉求
187.19,413.71,226.51999999999998,合理诉求
107.22,189.46,82.24000000000001,合理诉求
156.61,500.55,343.94,合理诉求
102.76,988.87,886.11,诉求偏高
20.79,102.97,82.18,合理诉求
142.07,657.26,515.19,合理诉求
43.84,218.67,174.82999999999998,合理诉求
37.38,419.87,382.49,诉求偏高
466.74,648.16,181.41999999999996,合理诉求
441.49,496.41,54.920000000000016,合理诉求
23.74,333.5,309.76,合理诉求
164.86,605.96,441.1,合理诉求
3.27,102.45,99.18,合理诉求
574.76,1534.45,959.69,合理诉求
126.42,208.6,82.17999999999999,合理诉求
400.54,537.51,136.96999999999997,合理诉求
246.91,434.25,187.34,合理诉求
336.29,1146.17,809.8800000000001,合理诉求
154.19,621.01,466.82,合理诉求
419.85,734.61,314.76,合理诉求
105.41,291.27,185.85999999999999,合理诉求
303.77,1131.86,828.0899999999999,合理诉求
425.18,847.56,422.37999999999994,合理诉求
119.96,191.23,71.27,合理诉求
242.3,805.76,563.46,合理诉求
404.67,458.71,54.039999999999964,合理诉求
658.97,2284.9,1625.93,合理诉求
46.28,101.49,55.209999999999994,合理诉求
70.47,177.69,107.22,合理诉求
43.74,446.39,402.65,诉求偏高
31.49,196.94,165.45,合理诉求
300.56,827.29,526.73,合理诉求
562.87,956.34,393.47,合理诉求
28.19,130.89,102.69999999999999,合理诉求
45.62,223.48,177.85999999999999,合理诉求
25.6,132.34,106.74000000000001,合理诉求
425.65,1701.86,1276.21,合理诉求
39.7,409.12,369.42,诉求偏高
327.47,501.49,174.01999999999998,合理诉求
333.48,407.96,74.47999999999996,合理诉求
36.11,126.2,90.09,合理诉求
562.18,2570.4,2008.2200000000003,诉求偏高
365.32,1003.15,637.8299999999999,合理诉求
324.6,822.73,498.13,合理诉求
199.27,342.89,143.61999999999998,合理诉求
333.37,1293.11,959.7399999999999,合理诉求
184.98,386.97,201.99000000000004,合理诉求
283.62,795.38,511.76,合理诉求
80.04,184.77,104.73,合理诉求
232.63,801.35,568.72,合理诉求
509.5,2532.26,2022.7600000000002,诉求偏高
715.58,3062.9,2347.32,诉求偏高
103.43,122.69,19.25999999999999,合理诉求
396.72,1443.43,1046.71,合理诉求
309.05,541.54,232.48999999999995,合理诉求
107.46,514.5,407.04,合理诉求
144.07,267.05,122.98000000000002,合理诉求
323.72,1910.71,1586.99,诉求偏高
295.98,1150.87,854.8899999999999,合理诉求
103.84,1189.04,1085.2,诉求偏高
369.53,762.79,393.26,合理诉求
243.5,1949.58,1706.08,严重超额
91.4,187.21,95.81,合理诉求
588.35,2143.11,1554.7600000000002,合理诉求
89.99,359.63,269.64,合理诉求
519.19,961.37,442.17999999999995,合理诉求
90.12,205.64,115.51999999999998,合理诉求
111.5,116.67,5.170000000000002,合理诉求
618.73,2648.55,2029.8200000000002,诉求偏高
683.03,1388.95,705.9200000000001,合理诉求
264.78,1499.0,1234.22,诉求偏高
193.72,296.16,102.44000000000003,合理诉求
680.11,1634.32,954.2099999999999,合理诉求
156.44,1157.94,1001.5,诉求偏高
337.17,2218.52,1881.35,诉求偏高
725.57,3424.6,2699.0299999999997,诉求偏高
385.26,1180.18,794.9200000000001,合理诉求
136.65,306.6,169.95000000000002,合理诉求
83.45,498.48,415.03000000000003,合理诉求
1002.87,3057.79,2054.92,合理诉求
7.02,104.34,97.32000000000001,合理诉求
701.42,3626.59,2925.17,诉求偏高
845.01,938.34,93.33000000000004,合理诉求
122.28,338.25,215.97,合理诉求
528.26,1135.53,607.27,合理诉求
982.61,1566.06,583.4499999999999,合理诉求
64.59,248.45,183.85999999999999,合理诉求
52.28,103.45,51.17,合理诉求
40.52,101.83,61.309999999999995,合理诉求
186.03,455.93,269.9,合理诉求
182.77,1043.25,860.48,诉求偏高
51.83,250.89,199.06,合理诉求
35.68,144.8,109.12,合理诉求
176.6,767.65,591.05,合理诉求
25.79,359.71,333.91999999999996,诉求偏高
142.66,439.21,296.54999999999995,合理诉求
61.64,140.91,79.27,合理诉求
116.41,1438.06,1321.6499999999999,严重超额
76.48,909.03,832.55,诉求偏高
191.21,635.07,443.86,合理诉求
90.9,236.98,146.07999999999998,合理诉求
574.09,1411.19,837.1,合理诉求
232.52,312.63,80.10999999999999,合理诉求
424.15,952.69,528.5400000000001,合理诉求
340.49,920.16,579.67,合理诉求
156.3,637.88,481.58,合理诉求
185.8,204.53,18.72999999999999,合理诉求
63.19,280.2,217.01,合理诉求
820.97,3597.41,2776.4399999999996,诉求偏高
69.25,142.07,72.82,合理诉求
161.91,1051.24,889.33,诉求偏高
120.9,185.97,65.07,合理诉求
367.89,631.96,264.07000000000005,合理诉求
190.64,812.1,621.46,合理诉求
8.62,101.02,92.39999999999999,合理诉求
121.76,725.55,603.79,诉求偏高
323.65,331.95,8.300000000000011,合理诉求
95.6,136.14,40.53999999999999,合理诉求
127.29,763.53,636.24,诉求偏高
192.65,355.55,162.9,合理诉求
413.58,415.13,1.5500000000000114,合理诉求
342.35,502.59,160.23999999999995,合理诉求
106.72,429.06,322.34000000000003,合理诉求
510.54,1250.62,740.0799999999999,合理诉求
23.18,156.39,133.20999999999998,合理诉求
853.97,1394.07,540.0999999999999,合理诉求
238.98,562.47,323.49,合理诉求
35.61,153.7,118.08999999999999,合理诉求
124.69,294.54,169.85000000000002,合理诉求
362.34,880.67,518.3299999999999,合理诉求
358.44,1131.67,773.23,合理诉求
684.8,3253.25,2568.45,诉求偏高
895.97,2486.6,1590.6299999999999,合理诉求
425.77,978.86,553.09,合理诉求
84.57,275.83,191.26,合理诉求
284.79,663.85,379.06,合理诉求
566.11,1281.72,715.61,合理诉求
284.53,2016.92,1732.39,诉求偏高
281.62,837.4,555.78,合理诉求
135.48,240.35,104.87,合理诉求
207.61,260.5,52.889999999999986,合理诉求
305.74,711.88,406.14,合理诉求
263.69,429.38,165.69,合理诉求
53.19,803.65,750.46,诉求偏高
276.8,338.62,61.81999999999999,合理诉求
108.41,162.66,54.25,合理诉求
1023.29,4385.19,3361.8999999999996,诉求偏高
406.84,1526.31,1119.47,合理诉求
152.01,390.66,238.65000000000003,合理诉求
86.76,266.03,179.26999999999998,合理诉求
70.57,173.02,102.45000000000002,合理诉求
197.09,624.21,427.12,合理诉求
530.24,1662.42,1132.18,合理诉求
188.61,509.92,321.31,合理诉求
457.32,1123.19,665.8700000000001,合理诉求
220.03,404.32,184.29,合理诉求
45.38,101.67,56.29,合理诉求
566.02,667.62,101.60000000000002,合理诉求
231.75,670.77,439.02,合理诉求
224.79,350.41,125.62000000000003,合理诉求
973.74,4212.14,3238.4000000000005,诉求偏高
67.56,100.47,32.91,合理诉求
110.45,258.75,148.3,合理诉求
891.68,1533.07,641.39,合理诉求
114.19,261.32,147.13,合理诉求
197.41,772.38,574.97,合理诉求
323.3,552.18,228.87999999999994,合理诉求
358.5,775.3,416.79999999999995,合理诉求
35.08,172.76,137.68,合理诉求
478.79,899.9,421.10999999999996,合理诉求
278.53,1744.18,1465.65,诉求偏高
59.08,224.98,165.89999999999998,合理诉求
46.64,137.09,90.45,合理诉求
122.24,444.06,321.82,合理诉求
19.31,116.65,97.34,合理诉求
153.99,184.87,30.879999999999995,合理诉求
168.5,316.28,147.77999999999997,合理诉求
402.1,528.9,126.79999999999995,合理诉求
681.03,3165.81,2484.7799999999997,诉求偏高
926.55,1312.99,386.44000000000005,合理诉求
57.8,109.52,51.72,合理诉求
222.33,479.71,257.38,合理诉求
321.66,1437.27,1115.61,诉求偏高
490.99,774.89,283.9,合理诉求
365.74,834.91,469.16999999999996,合理诉求
303.84,639.3,335.46,合理诉求
63.04,107.11,44.07,合理诉求
69.7,137.74,68.04,合理诉求
274.84,641.04,366.2,合理诉求
777.94,1318.48,540.54,合理诉求
498.59,2756.76,2258.17,诉求偏高
465.8,896.35,430.55,合理诉求
152.68,382.52,229.83999999999997,合理诉求
730.61,1568.08,837.4699999999999,合理诉求
142.0,634.23,492.23,合理诉求
156.27,900.36,744.09,诉求偏高
179.37,327.14,147.76999999999998,合理诉求
608.76,1171.12,562.3599999999999,合理诉求
525.07,1421.56,896.4899999999999,合理诉求
171.75,689.99,518.24,合理诉求
48.4,194.82,146.42,合理诉求
221.85,557.42,335.56999999999994,合理诉求
44.85,421.93,377.08,诉求偏高
57.51,313.36,255.85000000000002,合理诉求
2.68,100.67,97.99,合理诉求
197.76,306.08,108.32,合理诉求
140.14,430.87,290.73,合理诉求
58.8,702.27,643.47,诉求偏高
512.91,792.64,279.73,合理诉求
41.73,228.74,187.01000000000002,合理诉求
251.35,425.18,173.83,合理诉求
101.84,294.48,192.64000000000001,合理诉求
609.92,1199.66,589.7400000000001,合理诉求
30.1,209.28,179.18,合理诉求
612.99,732.09,119.10000000000002,合理诉求
12.85,101.65,88.80000000000001,合理诉求
282.73,1097.45,814.72,合理诉求
211.43,620.79,409.35999999999996,合理诉求
498.67,2067.37,1568.6999999999998,诉求偏高
394.36,1265.6,871.2399999999999,合理诉求
411.24,1298.61,887.3699999999999,合理诉求
624.35,2193.03,1568.6800000000003,合理诉求
412.08,1336.35,924.27,合理诉求
206.46,306.41,99.95000000000002,合理诉求
398.25,578.51,180.26,合理诉求
80.62,241.38,160.76,合理诉求
535.59,802.87,267.28,合理诉求
309.64,693.14,383.5,合理诉求
113.03,1306.06,1193.03,诉求偏高
397.63,592.47,194.84000000000003,合理诉求
46.67,222.47,175.8,合理诉求
662.3,1241.62,579.3199999999999,合理诉求
626.68,786.62,159.94000000000005,合理诉求
374.67,525.26,150.58999999999997,合理诉求
117.57,820.13,702.56,诉求偏高
77.23,120.83,43.599999999999994,合理诉求
223.8,352.26,128.45999999999998,合理诉求
109.94,249.53,139.59,合理诉求
316.86,1105.83,788.9699999999999,合理诉求
294.77,2067.09,1772.3200000000002,诉求偏高
312.37,439.79,127.42000000000002,合理诉求
692.95,1033.47,340.52,合理诉求
128.33,577.17,448.8399999999999,合理诉求
426.74,484.64,57.89999999999998,合理诉求
196.42,298.14,101.72,合理诉求
1218.38,5062.83,3844.45,诉求偏高
368.39,692.34,323.95000000000005,合理诉求
31.25,129.29,98.03999999999999,合理诉求
106.01,436.28,330.27,合理诉求
139.43,647.18,507.74999999999994,合理诉求
418.88,639.85,220.97000000000003,合理诉求
307.9,1664.31,1356.4099999999999,诉求偏高
105.92,641.32,535.4000000000001,诉求偏高
901.48,4006.37,3104.89,诉求偏高
358.17,591.89,233.71999999999997,合理诉求
585.48,679.01,93.52999999999997,合理诉求
476.43,769.37,292.94,合理诉求
33.45,214.62,181.17000000000002,合理诉求
566.86,2034.04,1467.1799999999998,合理诉求
100.0,139.27,39.27000000000001,合理诉求
459.31,1211.5,752.19,合理诉求
99.0,289.84,190.83999999999997,合理诉求
172.93,1496.56,1323.6299999999999,诉求偏高
887.44,1595.78,708.3399999999999,合理诉求
52.16,117.8,65.64,合理诉求
795.39,2150.7,1355.31,合理诉求
108.69,292.18,183.49,合理诉求
35.83,393.02,357.19,诉求偏高
229.42,288.08,58.66,合理诉求
471.29,1089.38,618.0900000000001,合理诉求
27.27,112.74,85.47,合理诉求
936.59,1769.78,833.1899999999999,合理诉求
932.75,953.03,20.279999999999973,合理诉求
65.04,1088.49,1023.45,诉求偏高
400.25,1313.6,913.3499999999999,合理诉求
24.1,234.77,210.67000000000002,合理诉求
218.36,916.7,698.34,合理诉求
203.75,627.81,424.05999999999995,合理诉求
313.8,1231.56,917.76,合理诉求
42.81,102.51,59.7,合理诉求
44.58,100.9,56.32000000000001,合理诉求
51.08,100.22,49.14,合理诉求
235.36,610.48,375.12,合理诉求
104.67,338.19,233.51999999999998,合理诉求
73.43,131.37,57.94,合理诉求
99.33,251.22,151.89,合理诉求
10.81,155.27,144.46,合理诉求
562.22,2396.94,1834.72,诉求偏高
357.24,668.97,311.73,合理诉求
139.27,1893.5,1754.23,严重超额
712.95,739.52,26.569999999999936,合理诉求
1181.26,5389.44,4208.179999999999,诉求偏高
573.71,2276.2,1702.4899999999998,诉求偏高
201.59,304.69,103.1,合理诉求
454.58,1463.67,1009.0900000000001,合理诉求
319.9,1280.34,960.4399999999999,合理诉求
574.09,1464.55,890.4599999999999,合理诉求
261.35,376.12,114.76999999999998,合理诉求
338.46,1795.57,1457.11,诉求偏高
129.19,307.04,177.85000000000002,合理诉求
49.37,127.43,78.06,合理诉求
134.99,287.37,152.38,合理诉求
470.67,768.99,298.32,合理诉求
172.55,412.57,240.01999999999998,合理诉求
366.87,423.38,56.50999999999999,合理诉求
1468.31,1937.73,469.4200000000001,合理诉求
684.14,2082.04,1397.9,合理诉求
194.29,357.38,163.09,合理诉求
31.83,226.52,194.69,合理诉求
763.13,1291.56,528.43,合理诉求
243.97,529.07,285.1,合理诉求
510.84,773.75,262.91,合理诉求
240.9,259.82,18.919999999999987,合理诉求
121.69,581.66,459.96999999999997,合理诉求
581.46,673.28,91.81999999999994,合理诉求
26.76,382.61,355.85,诉求偏高
430.28,630.87,200.59000000000003,合理诉求
717.49,1944.77,1227.28,合理诉求
36.01,448.65,412.64,诉求偏高
239.75,372.74,132.99,合理诉求
52.28,184.46,132.18,合理诉求
552.91,625.62,72.71000000000004,合理诉求
296.86,730.72,433.86,合理诉求
1269.93,3736.85,2466.92,合理诉求
93.6,829.48,735.88,诉求偏高
167.31,564.23,396.92,合理诉求
130.95,354.32,223.37,合理诉求
321.83,1566.32,1244.49,诉求偏高
27.37,136.57,109.19999999999999,合理诉求
644.19,1313.82,669.6299999999999,合理诉求
165.52,336.75,171.23,合理诉求
163.42,885.94,722.5200000000001,诉求偏高
423.04,1474.92,1051.88,合理诉求
235.81,269.92,34.110000000000014,合理诉求
361.31,454.65,93.33999999999997,合理诉求
920.51,2426.63,1506.1200000000001,合理诉求
219.53,1166.83,947.3,诉求偏高
370.1,2200.04,1829.94,诉求偏高
2.85,245.84,242.99,合理诉求
652.96,837.42,184.45999999999992,合理诉求
102.84,146.45,43.609999999999985,合理诉求
193.69,456.23,262.54,合理诉求
232.29,513.49,281.20000000000005,合理诉求
281.02,900.14,619.12,合理诉求
118.4,663.08,544.6800000000001,合理诉求
56.36,404.66,348.3,合理诉求
242.34,332.65,90.30999999999997,合理诉求
85.14,234.76,149.62,合理诉求
404.9,2374.5,1969.6,诉求偏高
537.32,1637.28,1099.96,合理诉求
115.87,1780.4,1664.5300000000002,严重超额
127.42,138.87,11.450000000000003,合理诉求
51.98,970.71,918.73,诉求偏高
521.77,773.01,251.24,合理诉求
63.14,981.22,918.08,诉求偏高
91.46,263.56,172.10000000000002,合理诉求
91.79,156.74,64.95,合理诉求
164.54,203.59,39.05000000000001,合理诉求
318.29,579.29,260.99999999999994,合理诉求
158.99,439.9,280.90999999999997,合理诉求
257.91,319.36,61.44999999999999,合理诉求
29.12,130.54,101.41999999999999,合理诉求
291.15,319.47,28.32000000000005,合理诉求
180.39,926.56,746.17,诉求偏高
321.35,389.93,68.57999999999998,合理诉求
37.63,157.44,119.81,合理诉求
34.31,182.37,148.06,合理诉求
319.37,1069.24,749.87,合理诉求
106.55,152.88,46.33,合理诉求
12.86,105.43,92.57000000000001,合理诉求
152.32,778.94,626.6200000000001,合理诉求
187.99,862.08,674.09,合理诉求
38.67,100.36,61.69,合理诉求
343.79,876.95,533.1600000000001,合理诉求
128.44,330.72,202.28000000000003,合理诉求
97.26,194.64,97.37999999999998,合理诉求
137.66,179.5,41.84,合理诉求
448.95,1182.77,733.8199999999999,合理诉求
42.12,109.67,67.55000000000001,合理诉求
275.4,544.07,268.6700000000001,合理诉求
867.17,2124.63,1257.46,合理诉求
448.03,932.02,483.99,合理诉求
186.67,628.52,441.85,合理诉求
26.62,103.41,76.78999999999999,合理诉求
813.43,1790.49,977.0600000000001,合理诉求
61.08,189.91,128.82999999999998,合理诉求
184.38,819.96,635.58,合理诉求
161.97,273.0,111.03,合理诉求
197.43,573.94,376.51000000000005,合理诉求
254.44,1400.57,1146.1299999999999,诉求偏高
780.48,2293.15,1512.67,合理诉求
119.81,333.03,213.21999999999997,合理诉求
53.19,298.37,245.18,合理诉求
86.75,231.3,144.55,合理诉求
190.86,579.18,388.31999999999994,合理诉求
44.24,530.98,486.74,诉求偏高
149.96,1759.46,1609.5,严重超额
112.39,247.67,135.27999999999997,合理诉求
47.35,114.09,66.74000000000001,合理诉求
901.25,2449.72,1548.4699999999998,合理诉求
169.14,367.76,198.62,合理诉求
185.47,781.47,596.0,合理诉求
397.3,663.42,266.11999999999995,合理诉求
85.13,483.29,398.16,合理诉求
516.87,1621.12,1104.25,合理诉求
478.07,1038.47,560.4000000000001,合理诉求
316.84,400.18,83.34000000000003,合理诉求
632.42,1268.24,635.82,合理诉求
862.85,1434.48,571.63,合理诉求
20.98,105.36,84.38,合理诉求
149.71,234.09,84.38,合理诉求
384.7,640.62,255.92000000000002,合理诉求
248.4,280.92,32.52000000000001,合理诉求
344.15,597.76,253.61,合理诉求
661.05,2551.01,1889.9600000000003,合理诉求
46.61,144.9,98.29,合理诉求
1234.83,2393.92,1159.0900000000001,合理诉求
66.71,823.46,756.75,诉求偏高
594.71,754.69,159.98000000000002,合理诉求
193.83,475.69,281.86,合理诉求
112.37,400.25,287.88,合理诉求
103.8,205.99,102.19000000000001,合理诉求
617.95,2281.25,1663.3,合理诉求
102.05,108.92,6.8700000000000045,合理诉求
276.26,658.46,382.20000000000005,合理诉求
43.15,133.67,90.51999999999998,合理诉求
286.8,1565.03,1278.23,诉求偏高
141.75,166.1,24.349999999999994,合理诉求
1328.81,2144.26,815.4500000000003,合理诉求
55.83,340.49,284.66,合理诉求
104.09,184.37,80.28,合理诉求
277.38,1072.62,795.2399999999999,合理诉求
192.7,523.91,331.21,合理诉求
272.51,284.87,12.360000000000014,合理诉求
434.81,2804.35,2369.54,严重超额
134.21,451.29,317.08000000000004,合理诉求
64.31,146.62,82.31,合理诉求
311.73,447.76,136.02999999999997,合理诉求
529.09,650.32,121.23000000000002,合理诉求
447.79,1966.68,1518.89,诉求偏高
1509.66,1789.82,280.15999999999985,合理诉求
198.29,342.53,144.23999999999998,合理诉求
97.17,127.24,30.069999999999993,合理诉求
518.06,1134.71,616.6500000000001,合理诉求
375.49,1322.69,947.2,合理诉求
83.7,377.14,293.44,合理诉求
121.22,1248.52,1127.3,诉求偏高
58.47,140.77,82.30000000000001,合理诉求
228.57,546.98,318.41,合理诉求
524.3,563.0,38.700000000000045,合理诉求
1083.02,4338.06,3255.0400000000004,诉求偏高
465.72,1351.55,885.8299999999999,合理诉求
37.99,262.39,224.39999999999998,合理诉求
116.54,123.92,7.3799999999999955,合理诉求
156.05,462.78,306.72999999999996,合理诉求
40.79,294.57,253.78,合理诉求
610.88,2305.52,1694.6399999999999,合理诉求
222.32,905.79,683.47,合理诉求
607.74,1322.68,714.94,合理诉求
271.09,1033.71,762.6200000000001,合理诉求
496.59,875.14,378.55,合理诉求
189.88,295.33,105.44999999999999,合理诉求
827.92,1093.71,265.7900000000001,合理诉求
176.59,649.72,473.13,合理诉求
612.78,1078.35,465.56999999999994,合理诉求
316.34,843.36,527.02,合理诉求
767.28,1033.8,266.52,合理诉求
141.14,641.07,499.93000000000006,合理诉求
454.74,630.95,176.21000000000004,合理诉求
356.6,853.25,496.65,合理诉求
35.92,104.88,68.96,合理诉求
177.68,229.64,51.95999999999998,合理诉求
61.24,120.43,59.190000000000005,合理诉求
521.49,870.23,348.74,合理诉求
513.0,1530.49,1017.49,合理诉求
56.7,123.68,66.98,合理诉求
491.11,2088.76,1597.65,诉求偏高
229.31,343.0,113.69,合理诉求
836.23,1573.55,737.3199999999999,合理诉求
132.59,985.36,852.77,诉求偏高
407.44,963.72,556.28,合理诉求
39.54,134.08,94.54000000000002,合理诉求
25.82,103.78,77.96000000000001,合理诉求
286.67,813.16,526.49,合理诉求
411.45,842.74,431.29,合理诉求
629.4,1899.46,1270.06,合理诉求
142.84,721.32,578.48,合理诉求
600.95,1938.08,1337.1299999999999,合理诉求
821.83,1856.65,1034.8200000000002,合理诉求
39.83,132.63,92.8,合理诉求
187.83,346.14,158.30999999999997,合理诉求
374.61,1460.08,1085.4699999999998,合理诉求
236.64,265.15,28.50999999999999,合理诉求
9.66,989.42,979.76,严重超额
340.28,807.95,467.6700000000001,合理诉求
6.39,538.33,531.94,诉求偏高
91.16,124.2,33.040000000000006,合理诉求
443.96,570.41,126.44999999999999,合理诉求
686.01,1429.47,743.46,合理诉求
42.83,120.91,78.08,合理诉求
2.74,103.76,101.02000000000001,合理诉求
115.68,1618.81,1503.1299999999999,严重超额
91.11,469.55,378.44,合理诉求
78.21,540.01,461.8,诉求偏高
142.78,385.39,242.60999999999999,合理诉求
528.85,1970.28,1441.4299999999998,合理诉求
330.71,588.38,257.67,合理诉求
570.69,752.7,182.01,合理诉求
312.21,1098.34,786.1299999999999,合理诉求
273.44,924.79,651.3499999999999,合理诉求
63.14,958.8,895.66,诉求偏高
94.3,182.72,88.42,合理诉求
152.36,305.75,153.39,合理诉求
143.28,620.48,477.20000000000005,合理诉求
363.71,687.37,323.66,合理诉求
93.85,467.16,373.31000000000006,合理诉求
318.91,450.58,131.66999999999996,合理诉求
274.43,550.25,275.82,合理诉求
320.74,1087.15,766.4100000000001,合理诉求
60.34,235.24,174.9,合理诉求
221.76,323.62,101.86000000000001,合理诉求
133.53,776.04,642.51,诉求偏高
659.79,2716.09,2056.3,诉求偏高
286.36,506.26,219.89999999999998,合理诉求
354.89,1455.7,1100.81,合理诉求
85.17,1214.99,1129.82,严重超额
95.97,139.55,43.58000000000001,合理诉求
251.51,697.31,445.79999999999995,合理诉求
355.79,959.04,603.25,合理诉求
1146.82,2216.15,1069.3300000000002,合理诉求
15.97,137.16,121.19,合理诉求
109.85,256.23,146.38000000000002,合理诉求
753.89,1057.86,303.9699999999999,合理诉求
848.14,1789.67,941.5300000000001,合理诉求
150.73,237.95,87.22,合理诉求
386.54,849.68,463.13999999999993,合理诉求
381.51,634.39,252.88,合理诉求
95.35,123.37,28.02000000000001,合理诉求
794.24,1541.13,746.8900000000001,合理诉求
605.43,1017.06,411.63,合理诉求
24.91,258.21,233.29999999999998,合理诉求
540.17,1060.78,520.61,合理诉求
363.35,400.93,37.579999999999984,合理诉求
153.17,1148.79,995.62,诉求偏高
165.04,428.04,263.0,合理诉求
319.12,457.96,138.83999999999997,合理诉求
130.93,150.1,19.169999999999987,合理诉求
884.58,1132.33,247.7499999999999,合理诉求
490.43,1218.84,728.4099999999999,合理诉求
288.03,1918.07,1630.04,诉求偏高
576.06,1409.98,833.9200000000001,合理诉求
202.79,386.81,184.02,合理诉求
841.27,3159.44,2318.17,合理诉求
120.87,974.25,853.38,诉求偏高
689.22,994.99,305.77,合理诉求
173.66,318.41,144.75000000000003,合理诉求
4.29,104.19,99.89999999999999,合理诉求
139.05,388.99,249.94,合理诉求
118.2,494.78,376.58,合理诉求
65.64,418.73,353.09000000000003,合理诉求
710.08,1699.76,989.68,合理诉求
24.75,106.7,81.95,合理诉求
134.82,426.35,291.53000000000003,合理诉求
337.71,1236.53,898.8199999999999,合理诉求
87.22,897.07,809.85,诉求偏高
83.28,447.06,363.78,合理诉求
435.46,1544.42,1108.96,合理诉求
1089.75,1894.13,804.3800000000001,合理诉求
8.27,168.71,160.44,合理诉求
42.74,104.91,62.169999999999995,合理诉求
338.63,809.25,470.62,合理诉求
363.0,529.26,166.26,合理诉求
239.2,345.8,106.60000000000002,合理诉求
275.54,496.94,221.39999999999998,合理诉求
425.58,1022.88,597.3,合理诉求
46.86,270.33,223.46999999999997,合理诉求
190.86,485.67,294.81,合理诉求
16.52,215.16,198.64,合理诉求
679.85,850.23,170.38,合理诉求
1091.93,1905.48,813.55,合理诉求
46.84,388.7,341.86,合理诉求
243.63,706.64,463.01,合理诉求
277.6,289.83,12.229999999999961,合理诉求
139.89,177.22,37.33000000000001,合理诉求
582.1,1211.1,628.9999999999999,合理诉求
322.33,897.97,575.6400000000001,合理诉求
279.86,372.67,92.81,合理诉求
411.07,1538.91,1127.8400000000001,合理诉求
739.76,1428.62,688.8599999999999,合理诉求
79.51,274.41,194.90000000000003,合理诉求
37.82,254.83,217.01000000000002,合理诉求
61.73,155.26,93.53,合理诉求
214.34,304.49,90.15,合理诉求
438.19,1736.62,1298.4299999999998,合理诉求
229.87,1025.1,795.2299999999999,合理诉求
236.53,980.91,744.38,合理诉求
124.39,319.4,195.01,合理诉求
85.82,350.42,264.6,合理诉求
250.9,400.89,149.98999999999998,合理诉求
411.78,665.03,253.25,合理诉求
327.53,487.7,160.17000000000002,合理诉求
18.43,292.11,273.68,合理诉求
89.72,259.92,170.20000000000002,合理诉求
280.7,322.43,41.73000000000002,合理诉求
893.85,2416.7,1522.85,合理诉求
134.95,979.82,844.8700000000001,诉求偏高
219.29,232.98,13.689999999999998,合理诉求
176.86,713.02,536.16,合理诉求
188.51,717.1,528.59,合理诉求
26.87,103.72,76.85,合理诉求
401.15,882.45,481.30000000000007,合理诉求
207.18,888.02,680.8399999999999,合理诉求
312.79,1395.03,1082.24,诉求偏高
235.77,484.62,248.85,合理诉求
161.88,260.29,98.41000000000003,合理诉求
692.44,981.35,288.90999999999997,合理诉求
400.57,770.7,370.13000000000005,合理诉求
279.84,618.04,338.2,合理诉求
1727.13,2719.49,992.3599999999997,合理诉求
423.07,717.94,294.87000000000006,合理诉求
39.47,265.46,225.98999999999998,合理诉求
217.02,1095.69,878.6700000000001,诉求偏高
40.66,106.69,66.03,合理诉求
268.82,356.14,87.32,合理诉求
270.13,335.14,65.00999999999999,合理诉求
552.96,1898.02,1345.06,合理诉求
49.48,1048.02,998.54,诉求偏高
15.21,110.44,95.22999999999999,合理诉求
709.63,1181.96,472.33000000000004,合理诉求
29.88,107.02,77.14,合理诉求
152.83,798.03,645.1999999999999,诉求偏高
106.64,220.3,113.66000000000001,合理诉求
101.36,143.34,41.980000000000004,合理诉求
164.59,411.29,246.70000000000002,合理诉求
22.15,157.64,135.48999999999998,合理诉求
607.14,1009.63,402.49,合理诉求
673.65,1225.56,551.91,合理诉求
73.73,322.41,248.68,合理诉求
482.1,1769.43,1287.33,合理诉求
104.45,109.26,4.810000000000002,合理诉求
24.39,106.53,82.14,合理诉求
19.18,135.9,116.72,合理诉求
241.31,242.34,1.0300000000000011,合理诉求
706.73,1005.6,298.87,合理诉求
219.25,772.2,552.95,合理诉求
241.54,590.72,349.18000000000006,合理诉求
32.18,185.84,153.66,合理诉求
1117.6,4935.53,3817.93,诉求偏高
649.88,756.23,106.35000000000002,合理诉求
291.54,1249.89,958.3500000000001,合理诉求
62.87,192.1,129.23,合理诉求
119.33,187.28,67.95,合理诉求
279.6,634.76,355.15999999999997,合理诉求
122.11,129.42,7.309999999999988,合理诉求
30.15,194.82,164.67,合理诉求
1246.54,5202.3,3955.76,诉求偏高
298.58,384.65,86.07,合理诉求
551.9,859.09,307.19000000000005,合理诉求
93.95,416.23,322.28000000000003,合理诉求
92.73,222.69,129.95999999999998,合理诉求
236.97,363.44,126.47,合理诉求
1297.82,5498.77,4200.950000000001,诉求偏高
68.17,387.85,319.68,合理诉求
756.26,1846.74,1090.48,合理诉求
148.91,431.49,282.58000000000004,合理诉求
113.59,846.6,733.01,诉求偏高
221.5,1057.19,835.69,诉求偏高
623.37,1215.7,592.33,合理诉求
541.19,1993.75,1452.56,合理诉求
230.21,1140.43,910.22,诉求偏高
34.2,194.13,159.93,合理诉求
248.39,673.96,425.57000000000005,合理诉求
294.86,1914.89,1620.0300000000002,诉求偏高
72.22,170.81,98.59,合理诉求
350.32,451.78,101.45999999999998,合理诉求
288.64,629.42,340.78,合理诉求
843.89,997.14,153.25,合理诉求
58.18,243.6,185.42,合理诉求
29.35,109.42,80.07,合理诉求
211.86,326.11,114.25,合理诉求
227.45,952.16,724.71,合理诉求
3.32,101.43,98.11000000000001,合理诉求
45.92,589.2,543.2800000000001,诉求偏高
891.42,2297.15,1405.73,合理诉求
116.81,647.45,530.6400000000001,合理诉求
93.18,385.25,292.07,合理诉求
98.8,762.19,663.3900000000001,诉求偏高
119.43,152.91,33.47999999999999,合理诉求
44.73,112.68,67.95000000000002,合理诉求
92.74,135.72,42.980000000000004,合理诉求
29.08,167.42,138.33999999999997,合理诉求
247.6,790.59,542.99,合理诉求
609.15,1016.01,406.86,合理诉求
225.43,535.52,310.09,合理诉求
100.05,410.7,310.65,合理诉求
70.86,140.74,69.88000000000001,合理诉求
439.97,1222.07,782.0999999999999,合理诉求
36.66,118.02,81.36,合理诉求
1114.6,1537.7,423.10000000000014,合理诉求
768.27,1981.12,1212.85,合理诉求
186.73,450.27,263.53999999999996,合理诉求
164.13,462.1,297.97,合理诉求
500.44,1045.41,544.97,合理诉求
712.41,737.23,24.82000000000005,合理诉求
400.07,512.08,112.01000000000005,合理诉求
215.57,917.93,702.3599999999999,合理诉求
80.74,1582.64,1501.9,严重超额
271.52,1319.77,1048.25,诉求偏高
227.15,316.41,89.26000000000002,合理诉求
216.97,721.69,504.72,合理诉求
142.37,347.81,205.44,合理诉求
146.92,1390.86,1243.9399999999998,诉求偏高
337.07,1377.51,1040.44,合理诉求
8.14,175.05,166.91000000000003,合理诉求
314.21,574.65,260.44,合理诉求
482.5,710.04,227.53999999999996,合理诉求
85.02,451.63,366.61,合理诉求
53.05,211.03,157.98000000000002,合理诉求
17.18,224.91,207.73,合理诉求
392.29,403.04,10.75,合理诉求
32.99,107.19,74.19999999999999,合理诉求
132.01,1142.15,1010.1400000000001,诉求偏高
224.02,512.78,288.76,合理诉求
841.76,4541.87,3700.1099999999997,严重超额
23.94,107.29,83.35000000000001,合理诉求
149.35,166.49,17.140000000000015,合理诉求
111.78,594.87,483.09000000000003,合理诉求
153.3,695.14,541.8399999999999,合理诉求
220.7,493.76,273.06,合理诉求
258.59,375.97,117.38000000000005,合理诉求
171.48,710.26,538.78,合理诉求
13.63,131.77,118.14000000000001,合理诉求
136.62,290.14,153.51999999999998,合理诉求
213.22,527.75,314.53,合理诉求
83.45,239.97,156.51999999999998,合理诉求
908.51,1538.29,629.78,合理诉求
115.42,149.33,33.91000000000001,合理诉求
295.1,531.27,236.16999999999996,合理诉求
132.4,225.43,93.03,合理诉求
45.56,124.71,79.14999999999999,合理诉求
104.54,179.48,74.93999999999998,合理诉求
100.58,349.23,248.65000000000003,合理诉求
66.96,534.0,467.04,诉求偏高
548.4,563.66,15.259999999999991,合理诉求
89.17,964.71,875.5400000000001,诉求偏高
210.41,806.08,595.6700000000001,合理诉求
111.81,163.06,51.25,合理诉求
138.44,533.84,395.40000000000003,合理诉求
709.98,1795.31,1085.33,合理诉求
523.14,771.61,248.47000000000003,合理诉求
295.81,1092.8,796.99,合理诉求
671.38,1077.34,405.9599999999999,合理诉求
31.47,100.23,68.76,合理诉求
447.19,832.98,385.79,合理诉求
1057.49,4482.11,3424.62,诉求偏高
150.37,638.19,487.82000000000005,合理诉求
373.03,656.92,283.89,合理诉求
127.96,569.53,441.57,合理诉求
67.36,307.7,240.33999999999997,合理诉求
762.9,1355.76,592.86,合理诉求
193.48,446.25,252.77,合理诉求
606.04,829.51,223.47000000000003,合理诉求
6.79,215.9,209.11,合理诉求
119.73,365.6,245.87,合理诉求
56.58,135.08,78.50000000000001,合理诉求
482.0,872.09,390.09000000000003,合理诉求
297.01,1288.82,991.81,合理诉求
575.59,906.45,330.86,合理诉求
193.43,371.54,178.11,合理诉求
108.97,390.47,281.5,合理诉求
455.66,1154.39,698.73,合理诉求
461.62,1319.98,858.36,合理诉求
300.3,647.13,346.83,合理诉求
65.93,123.25,57.31999999999999,合理诉求
153.92,565.08,411.1600000000001,合理诉求
144.2,358.54,214.34000000000003,合理诉求
128.39,395.71,267.32,合理诉求
745.6,3341.83,2596.23,诉求偏高
307.14,475.02,167.88,合理诉求
25.47,308.89,283.41999999999996,合理诉求
524.2,1053.8,529.5999999999999,合理诉求
15.28,133.9,118.62,合理诉求
31.72,113.49,81.77,合理诉求
218.86,380.4,161.53999999999996,合理诉求
274.99,1007.7,732.71,合理诉求
196.05,282.25,86.19999999999999,合理诉求
375.75,735.85,360.1,合理诉求
409.99,632.59,222.60000000000002,合理诉求
62.57,144.93,82.36000000000001,合理诉求
609.87,766.69,156.82000000000005,合理诉求
575.17,2132.02,1556.85,合理诉求
464.04,772.47,308.43,合理诉求
226.26,694.96,468.70000000000005,合理诉求
45.46,101.37,55.910000000000004,合理诉求
1017.01,4151.25,3134.24,诉求偏高
130.46,430.4,299.93999999999994,合理诉求
659.97,1115.07,455.0999999999999,合理诉求
236.53,386.86,150.33,合理诉求
91.33,288.42,197.09000000000003,合理诉求
195.32,678.77,483.45,合理诉求
900.24,2256.05,1355.8100000000002,合理诉求
345.58,494.56,148.98000000000002,合理诉求
559.18,801.07,241.8900000000001,合理诉求
421.31,492.64,71.32999999999998,合理诉求
744.92,783.46,38.54000000000008,合理诉求
478.14,518.28,40.139999999999986,合理诉求
248.31,2691.53,2443.2200000000003,严重超额
428.84,568.0,139.16000000000003,合理诉求
296.5,304.83,8.329999999999984,合理诉求
64.59,132.41,67.82,合理诉求
69.86,101.35,31.489999999999995,合理诉求
146.88,1222.66,1075.7800000000002,诉求偏高
280.02,351.39,71.37,合理诉求
43.39,110.0,66.61,合理诉求
571.98,2010.49,1438.51,合理诉求
35.12,162.64,127.51999999999998,合理诉求
65.14,113.43,48.290000000000006,合理诉求
738.57,2387.0,1648.4299999999998,合理诉求
255.94,425.74,169.8,合理诉求
217.3,506.99,289.69,合理诉求
809.19,1053.69,244.5,合理诉求
128.32,1131.82,1003.5,诉求偏高
41.41,101.61,60.2,合理诉求
132.23,817.23,685.0,诉求偏高
32.69,100.27,67.58,合理诉求
664.91,3674.43,3009.52,诉求偏高
210.99,1040.33,829.3399999999999,诉求偏高
835.34,1745.9,910.5600000000001,合理诉求
243.54,352.69,109.15,合理诉求
327.3,363.8,36.5,合理诉求
177.8,414.4,236.59999999999997,合理诉求
10.65,190.49,179.84,合理诉求
715.55,1529.05,813.5,合理诉求
41.69,260.39,218.7,合理诉求
450.07,609.73,159.66000000000003,合理诉求
168.97,518.45,349.48,合理诉求
217.36,1026.07,808.7099999999999,诉求偏高
100.32,273.74,173.42000000000002,合理诉求
512.94,1448.43,935.49,合理诉求
340.31,858.03,517.72,合理诉求
216.22,776.28,560.06,合理诉求
33.51,229.11,195.60000000000002,合理诉求
888.84,1365.16,476.32000000000005,合理诉求
1077.27,1563.77,486.5,合理诉求
84.63,465.66,381.03000000000003,合理诉求
204.4,2152.48,1948.08,严重超额
565.2,1914.54,1349.34,合理诉求
58.76,102.67,43.910000000000004,合理诉求
273.6,518.05,244.44999999999993,合理诉求
328.75,750.08,421.33000000000004,合理诉求
119.53,287.13,167.6,合理诉求
582.85,1836.39,1253.54,合理诉求
455.33,839.21,383.88000000000005,合理诉求
153.63,616.26,462.63,合理诉求
129.35,1478.48,1349.13,严重超额
1.76,122.74,120.97999999999999,合理诉求
11.63,104.5,92.87,合理诉求
135.79,262.11,126.32000000000002,合理诉求
21.86,205.56,183.7,合理诉求
109.82,116.52,6.700000000000003,合理诉求
311.24,606.75,295.51,合理诉求
301.04,572.02,270.97999999999996,合理诉求
243.0,399.0,156.0,合理诉求
224.69,459.28,234.58999999999997,合理诉求
132.76,180.26,47.5,合理诉求
670.81,1566.79,895.98,合理诉求
36.99,112.86,75.87,合理诉求
664.5,1210.08,545.5799999999999,合理诉求
28.76,141.54,112.77999999999999,合理诉求
59.42,564.43,505.00999999999993,诉求偏高
195.22,310.84,115.61999999999998,合理诉求
727.45,1245.5,518.05,合理诉求
5.75,158.99,153.24,合理诉求
305.53,1821.66,1516.13,诉求偏高
212.71,397.13,184.42,合理诉求
213.9,387.52,173.61999999999998,合理诉求
996.58,1988.89,992.3100000000001,合理诉求
458.85,833.11,374.26,合理诉求
156.2,238.86,82.66000000000003,合理诉求
149.18,830.46,681.28,诉求偏高
482.82,2613.85,2131.0299999999997,诉求偏高
155.3,949.51,794.21,诉求偏高
415.73,660.43,244.69999999999993,合理诉求
117.87,259.33,141.45999999999998,合理诉求
230.02,416.91,186.89000000000001,合理诉求
17.03,102.51,85.48,合理诉求
67.44,159.18,91.74000000000001,合理诉求
33.23,374.61,341.38,合理诉求
50.58,175.66,125.08,合理诉求
146.77,244.12,97.35,合理诉求
873.14,1097.2,224.06000000000006,合理诉求
31.77,676.58,644.8100000000001,诉求偏高
377.87,695.55,317.67999999999995,合理诉求
190.16,462.66,272.5,合理诉求
356.97,914.94,557.97,合理诉求
5.68,112.57,106.88999999999999,合理诉求
326.03,483.18,157.15000000000003,合理诉求
318.7,1085.81,767.1099999999999,合理诉求
671.29,894.66,223.37,合理诉求
350.06,1129.85,779.79,合理诉求
326.89,1177.39,850.5000000000001,合理诉求
569.81,953.92,384.11,合理诉求
54.44,195.88,141.44,合理诉求
289.16,582.8,293.63999999999993,合理诉求
475.93,895.16,419.22999999999996,合理诉求
108.41,134.53,26.120000000000005,合理诉求
45.83,152.53,106.7,合理诉求
60.62,343.25,282.63,合理诉求
95.54,163.06,67.52,合理诉求
592.91,2998.75,2405.84,诉求偏高
581.18,765.39,184.21000000000004,合理诉求
7.76,100.08,92.32,合理诉求
305.58,703.56,397.97999999999996,合理诉求
241.7,337.93,96.23000000000002,合理诉求
628.56,768.63,140.07000000000005,合理诉求
43.91,100.18,56.27000000000001,合理诉求
7.97,100.69,92.72,合理诉求
28.78,224.79,196.01,合理诉求
384.67,637.06,252.38999999999993,合理诉求
126.42,245.21,118.79,合理诉求
146.06,253.72,107.66,合理诉求
1381.26,2783.65,1402.39,合理诉求
191.17,791.18,600.01,合理诉求
64.9,131.73,66.82999999999998,合理诉求
74.61,218.2,143.58999999999997,合理诉求
300.74,1390.71,1089.97,诉求偏高
355.63,813.89,458.26,合理诉求
102.08,1651.53,1549.45,严重超额
0.96,100.01,99.05000000000001,合理诉求
12.7,117.2,104.5,合理诉求
186.92,471.77,284.85,合理诉求
39.1,115.49,76.38999999999999,合理诉求
182.05,659.05,476.99999999999994,合理诉求
205.73,600.16,394.42999999999995,合理诉求
204.36,228.11,23.75,合理诉求
937.3,4352.09,3414.79,诉求偏高
51.93,121.41,69.47999999999999,合理诉求
716.69,1264.11,547.4199999999998,合理诉求
59.97,107.93,47.96000000000001,合理诉求
434.49,996.73,562.24,合理诉求
43.34,286.69,243.35,合理诉求
98.51,199.65,101.14,合理诉求
1.7,100.58,98.88,合理诉求
95.51,637.63,542.12,诉求偏高
191.13,1095.91,904.7800000000001,诉求偏高
385.11,763.61,378.5,合理诉求
467.63,709.05,241.41999999999996,合理诉求
989.68,2166.34,1176.6600000000003,合理诉求
267.22,831.57,564.35,合理诉求
654.24,854.67,200.42999999999995,合理诉求
262.23,1986.91,1724.68,严重超额
85.39,116.61,31.22,合理诉求
472.42,930.8,458.37999999999994,合理诉求
56.69,311.5,254.81,合理诉求
139.53,360.92,221.39000000000001,合理诉求
251.55,272.3,20.75,合理诉求
34.98,110.27,75.28999999999999,合理诉求
453.08,3298.81,2845.73,严重超额
521.84,1577.84,1056.0,合理诉求
182.83,198.4,15.569999999999993,合理诉求
127.26,433.64,306.38,合理诉求
176.47,347.53,171.05999999999997,合理诉求
158.07,1317.31,1159.24,诉求偏高
62.17,115.9,53.730000000000004,合理诉求
188.05,1328.95,1140.9,诉求偏高
246.91,326.89,79.97999999999999,合理诉求
189.15,749.74,560.59,合理诉求
286.68,1288.89,1002.21,诉求偏高
129.87,159.54,29.669999999999987,合理诉求
231.54,543.74,312.20000000000005,合理诉求
215.3,672.72,457.42,合理诉求
707.03,2065.77,1358.74,合理诉求
90.43,368.15,277.71999999999997,合理诉求
291.85,655.08,363.23,合理诉求
330.79,944.83,614.04,合理诉求
353.2,917.14,563.94,合理诉求
319.21,1060.68,741.47,合理诉求
487.08,941.36,454.28000000000003,合理诉求
297.03,1985.63,1688.6000000000001,诉求偏高
641.02,1192.81,551.79,合理诉求
159.76,213.15,53.390000000000015,合理诉求
37.62,126.66,89.03999999999999,合理诉求
1083.29,1767.76,684.47,合理诉求
165.65,684.73,519.08,合理诉求
279.95,665.37,385.42,合理诉求
9.06,347.73,338.67,诉求偏高
49.78,184.78,135.0,合理诉求
301.76,641.95,340.19000000000005,合理诉求
547.08,1144.23,597.15,合理诉求
156.14,291.49,135.35000000000002,合理诉求
214.7,416.1,201.40000000000003,合理诉求
25.92,157.19,131.26999999999998,合理诉求
195.59,539.63,344.03999999999996,合理诉求
253.63,585.84,332.21000000000004,合理诉求
147.86,788.91,641.05,诉求偏高
295.89,371.82,75.93,合理诉求
327.06,1197.05,869.99,合理诉求
253.69,836.45,582.76,合理诉求
70.5,243.99,173.49,合理诉求
258.43,1519.94,1261.51,诉求偏高
72.29,156.93,84.64,合理诉求
248.79,802.65,553.86,合理诉求
78.24,113.22,34.980000000000004,合理诉求
712.1,1254.16,542.0600000000001,合理诉求
1164.82,2815.97,1651.1499999999999,合理诉求
304.73,391.18,86.44999999999999,合理诉求
243.27,257.35,14.080000000000013,合理诉求
172.66,2300.24,2127.58,严重超额
333.21,1083.12,749.9099999999999,合理诉求
53.99,187.05,133.06,合理诉求
66.55,201.59,135.04000000000002,合理诉求
129.83,168.51,38.67999999999998,合理诉求
116.18,830.51,714.3299999999999,诉求偏高
72.91,259.78,186.86999999999998,合理诉求
124.06,147.23,23.169999999999987,合理诉求
247.7,356.47,108.77000000000004,合理诉求
622.32,1132.29,509.9699999999999,合理诉求
338.95,420.06,81.11000000000001,合理诉求
22.48,634.79,612.31,诉求偏高
237.3,378.12,140.82,合理诉求
546.63,1045.12,498.4899999999999,合理诉求
170.22,176.97,6.75,合理诉求
127.32,402.84,275.52,合理诉求
138.51,521.15,382.64,合理诉求
51.32,106.87,55.550000000000004,合理诉求
675.48,798.03,122.54999999999995,合理诉求
307.9,490.23,182.33000000000004,合理诉求
98.19,363.82,265.63,合理诉求
33.39,247.77,214.38,合理诉求
207.94,879.69,671.75,合理诉求
124.33,232.2,107.86999999999999,合理诉求
297.16,621.2,324.04,合理诉求
92.63,192.79,100.16,合理诉求
385.21,940.04,554.8299999999999,合理诉求
152.17,389.16,236.99000000000004,合理诉求
109.74,176.83,67.09000000000002,合理诉求
196.67,1122.66,925.9900000000001,诉求偏高
67.56,282.12,214.56,合理诉求
71.8,335.09,263.28999999999996,合理诉求
618.19,1281.3,663.1099999999999,合理诉求
15.2,100.92,85.72,合理诉求
451.4,894.92,443.52,合理诉求
205.52,456.02,250.49999999999997,合理诉求
426.6,745.12,318.52,合理诉求
626.85,3036.65,2409.8,诉求偏高
459.71,818.28,358.57,合理诉求
679.98,2759.32,2079.34,诉求偏高
234.64,599.44,364.80000000000007,合理诉求
260.48,1431.76,1171.28,诉求偏高
196.44,327.33,130.89,合理诉求
430.57,1255.12,824.55,合理诉求
493.18,1049.7,556.52,合理诉求
1252.1,2240.47,988.3699999999999,合理诉求
19.5,108.31,88.81,合理诉求
127.55,146.9,19.35000000000001,合理诉求
202.08,323.59,121.50999999999996,合理诉求
42.72,314.78,272.05999999999995,合理诉求
277.83,797.53,519.7,合理诉求
286.63,1816.8,1530.17,诉求偏高
364.8,1603.32,1238.52,诉求偏高
145.79,442.12,296.33000000000004,合理诉求
418.54,791.92,373.37999999999994,合理诉求
1333.03,3463.74,2130.71,合理诉求
58.21,373.28,315.07,合理诉求
61.84,125.07,63.22999999999999,合理诉求
197.26,646.14,448.88,合理诉求
42.43,104.38,61.949999999999996,合理诉求
1367.83,1401.97,34.1400000000001,合理诉求
200.56,1705.29,1504.73,诉求偏高
455.57,721.16,265.59,合理诉求
114.0,1343.01,1229.01,严重超额
114.98,175.39,60.40999999999998,合理诉求
333.47,515.29,181.81999999999994,合理诉求
144.96,201.59,56.629999999999995,合理诉求
501.11,619.01,117.89999999999998,合理诉求
147.3,382.76,235.45999999999998,合理诉求
222.34,346.47,124.13000000000002,合理诉求
130.68,281.18,150.5,合理诉求
233.28,897.46,664.1800000000001,合理诉求
577.32,630.54,53.219999999999914,合理诉求
912.96,1502.57,589.6099999999999,合理诉求
181.88,881.5,699.62,合理诉求
154.74,567.61,412.87,合理诉求
732.46,944.61,212.14999999999998,合理诉求
563.13,2114.9,1551.77,合理诉求
353.51,433.4,79.88999999999999,合理诉求
228.27,369.27,140.99999999999997,合理诉求
357.9,858.87,500.97,合理诉求
94.47,959.09,864.62,诉求偏高
440.03,1107.07,667.04,合理诉求
246.82,484.32,237.5,合理诉求
843.8,1572.47,728.6700000000001,合理诉求
160.51,350.67,190.16000000000003,合理诉求
440.6,1144.56,703.9599999999999,合理诉求
104.31,217.44,113.13,合理诉求
695.85,2484.1,1788.25,合理诉求
342.77,545.3,202.52999999999997,合理诉求
342.63,624.81,282.17999999999995,合理诉求
285.28,485.88,200.60000000000002,合理诉求
520.32,2394.84,1874.52,诉求偏高
48.58,101.96,53.379999999999995,合理诉求
231.86,262.89,31.029999999999973,合理诉求
15.09,239.92,224.82999999999998,合理诉求
243.12,369.43,126.31,合理诉求
1497.38,3168.86,1671.48,合理诉求
201.9,990.41,788.51,诉求偏高
816.28,3235.84,2419.5600000000004,诉求偏高
2.12,100.57,98.44999999999999,合理诉求
146.5,477.15,330.65,合理诉求
265.33,430.6,165.27000000000004,合理诉求
180.69,698.7,518.01,合理诉求
287.49,869.8,582.31,合理诉求
73.68,117.61,43.92999999999999,合理诉求
60.52,152.23,91.70999999999998,合理诉求
409.97,1101.6,691.6299999999999,合理诉求
369.64,649.34,279.70000000000005,合理诉求
197.5,930.86,733.36,合理诉求
108.07,484.89,376.82,合理诉求
44.54,184.09,139.55,合理诉求
105.07,166.69,61.620000000000005,合理诉求
819.94,2603.03,1783.0900000000001,合理诉求
22.57,178.5,155.93,合理诉求
44.99,306.61,261.62,合理诉求
169.67,214.16,44.49000000000001,合理诉求
362.02,2001.79,1639.77,诉求偏高
611.97,2110.87,1498.8999999999999,合理诉求
630.11,1295.13,665.0200000000001,合理诉求
299.2,331.36,32.160000000000025,合理诉求
175.58,639.86,464.28,合理诉求
59.93,344.97,285.04,合理诉求
75.45,103.34,27.89,合理诉求
89.58,215.38,125.8,合理诉求
464.74,3343.29,2878.55,严重超额
178.31,273.4,95.08999999999997,合理诉求
110.73,127.69,16.959999999999994,合理诉求
114.56,1271.98,1157.42,诉求偏高
199.99,577.45,377.46000000000004,合理诉求
64.91,511.44,446.53,诉求偏高
149.86,729.75,579.89,合理诉求
33.8,143.31,109.51,合理诉求
650.73,1826.59,1175.86,合理诉求
958.1,2403.76,1445.6600000000003,合理诉求
52.41,111.35,58.94,合理诉求
171.57,1130.91,959.3400000000001,诉求偏高
184.24,740.07,555.83,合理诉求
54.17,151.51,97.33999999999999,合理诉求
284.07,866.29,582.22,合理诉求
1177.04,2364.37,1187.33,合理诉求
94.85,140.73,45.879999999999995,合理诉求
73.51,123.49,49.97999999999999,合理诉求
294.55,2026.78,1732.23,诉求偏高
13.69,103.73,90.04,合理诉求
76.09,213.34,137.25,合理诉求
39.19,101.18,61.99000000000001,合理诉求
682.81,1245.87,563.06,合理诉求
70.94,160.26,89.32,合理诉求
219.9,973.94,754.0400000000001,合理诉求
185.32,421.87,236.55,合理诉求
840.56,3561.28,2720.7200000000003,诉求偏高
407.83,760.55,352.71999999999997,合理诉求
283.9,553.02,269.12,合理诉求
634.72,2525.74,1891.0199999999998,诉求偏高
1170.66,2764.66,1593.9999999999998,合理诉求
197.43,197.7,0.2699999999999818,合理诉求
407.25,2613.67,2206.42,严重超额
305.45,776.8,471.34999999999997,合理诉求
130.71,845.33,714.62,诉求偏高
14.84,101.93,87.09,合理诉求
44.19,111.47,67.28,合理诉求
93.85,1203.05,1109.2,诉求偏高
1099.33,2227.76,1128.4300000000003,合理诉求
63.56,162.21,98.65,合理诉求
304.78,619.82,315.0400000000001,合理诉求
419.62,782.35,362.73,合理诉求
156.59,401.79,245.20000000000002,合理诉求
215.35,771.91,556.56,合理诉求
236.34,316.41,80.07000000000002,合理诉求
1263.04,1904.33,641.29,合理诉求
504.91,505.38,0.46999999999997044,合理诉求
58.19,221.36,163.17000000000002,合理诉求
391.08,568.55,177.46999999999997,合理诉求
23.86,103.1,79.24,合理诉求
122.02,897.39,775.37,诉求偏高
35.69,128.28,92.59,合理诉求
199.54,683.61,484.07000000000005,合理诉求
412.93,610.76,197.82999999999998,合理诉求
531.03,2995.3,2464.2700000000004,诉求偏高
245.29,1205.53,960.24,诉求偏高
16.83,127.46,110.63,合理诉求
85.09,270.63,185.54,合理诉求
89.68,229.83,140.15,合理诉求
371.18,665.27,294.09,合理诉求
184.16,350.33,166.17,合理诉求
529.47,1315.08,785.6099999999999,合理诉求
121.82,439.75,317.93,合理诉求
99.8,466.28,366.47999999999996,合理诉求
744.48,3524.59,2780.11,诉求偏高
34.38,107.16,72.78,合理诉求
37.92,105.76,67.84,合理诉求
66.39,100.32,33.92999999999999,合理诉求
31.23,406.52,375.28999999999996,诉求偏高
1131.71,2285.2,1153.4899999999998,合理诉求
491.11,491.66,0.5500000000000114,合理诉求
251.88,298.19,46.31,合理诉求
104.99,1840.61,1735.62,严重超额
429.23,815.45,386.22,合理诉求
346.35,563.44,217.09000000000003,合理诉求
101.74,316.87,215.13,合理诉求
391.96,582.66,190.7,合理诉求
621.74,2956.75,2335.01,诉求偏高
21.48,100.43,78.95,合理诉求
12.5,137.11,124.61000000000001,合理诉求
832.04,2248.7,1416.6599999999999,合理诉求
39.98,103.5,63.52,合理诉求
399.2,1230.04,830.8399999999999,合理诉求
123.15,276.14,152.98999999999998,合理诉求
110.94,130.65,19.710000000000008,合理诉求
80.69,229.18,148.49,合理诉求
260.51,268.57,8.060000000000002,合理诉求
1005.03,1023.31,18.279999999999973,合理诉求
481.16,722.64,241.47999999999996,合理诉求
160.61,359.27,198.65999999999997,合理诉求
204.97,638.67,433.69999999999993,合理诉求
190.94,630.14,439.2,合理诉求
93.05,355.42,262.37,合理诉求
846.59,2127.06,1280.4699999999998,合理诉求
1124.05,1159.88,35.830000000000155,合理诉求
220.01,485.83,265.82,合理诉求
200.4,208.85,8.449999999999989,合理诉求
382.53,2044.75,1662.22,诉求偏高
65.07,345.84,280.77,合理诉求
152.53,453.2,300.66999999999996,合理诉求
37.35,388.6,351.25,合理诉求
162.45,213.24,50.79000000000002,合理诉求
68.76,202.12,133.36,合理诉求
18.4,119.03,100.63,合理诉求
46.18,134.56,88.38,合理诉求
162.34,421.27,258.92999999999995,合理诉求
56.26,106.15,49.89000000000001,合理诉求
402.76,450.78,48.01999999999998,合理诉求
372.69,1513.23,1140.54,合理诉求
879.18,1490.8,611.62,合理诉求
128.25,165.94,37.69,合理诉求
66.88,941.18,874.3,诉求偏高
328.88,334.48,5.600000000000023,合理诉求
62.9,112.07,49.169999999999995,合理诉求
124.91,316.04,191.13000000000002,合理诉求
48.87,148.79,99.91999999999999,合理诉求
12.71,131.0,118.28999999999999,合理诉求
285.04,415.52,130.47999999999996,合理诉求
156.34,291.86,135.52,合理诉求
575.18,1689.2,1114.02,合理诉求
432.59,445.15,12.560000000000002,合理诉求
518.67,2346.64,1827.9699999999998,诉求偏高
13.74,109.69,95.95,合理诉求
15.86,100.63,84.77,合理诉求
186.02,458.53,272.51,合理诉求
49.29,288.24,238.95000000000002,合理诉求
32.88,131.78,98.9,合理诉求
218.03,278.13,60.099999999999994,合理诉求
76.98,107.43,30.450000000000003,合理诉求
530.82,933.55,402.7299999999999,合理诉求
263.43,758.42,494.98999999999995,合理诉求
153.23,543.26,390.03,合理诉求
827.99,1776.78,948.79,合理诉求
298.42,413.99,115.57,合理诉求
1068.77,1164.83,96.05999999999995,合理诉求
777.08,1605.35,828.2699999999999,合理诉求
165.87,439.15,273.28,合理诉求
164.38,178.84,14.460000000000008,合理诉求
113.07,731.93,618.8599999999999,诉求偏高
491.71,776.08,284.37000000000006,合理诉求
603.02,815.69,212.67000000000007,合理诉求
438.88,765.76,326.88,合理诉求
167.54,1462.71,1295.17,诉求偏高
160.94,164.01,3.069999999999993,合理诉求
178.81,190.77,11.960000000000008,合理诉求
138.87,529.6,390.73,合理诉求
107.06,191.1,84.03999999999999,合理诉求
128.85,1114.91,986.0600000000001,诉求偏高
325.17,782.91,457.73999999999995,合理诉求
75.86,1148.63,1072.7700000000002,诉求偏高
618.82,1358.74,739.92,合理诉求
60.67,100.1,39.42999999999999,合理诉求
43.71,1629.63,1585.92,严重超额
99.06,244.69,145.63,合理诉求
78.85,531.05,452.19999999999993,合理诉求
146.19,307.95,161.76,合理诉求
588.6,2110.34,1521.7400000000002,合理诉求
890.83,3963.15,3072.32,诉求偏高
420.15,1421.43,1001.2800000000001,合理诉求
319.69,872.8,553.1099999999999,合理诉求
76.94,201.99,125.05000000000001,合理诉求
114.46,774.07,659.61,诉求偏高
342.4,617.12,274.72,合理诉求
62.48,118.48,56.00000000000001,合理诉求
268.34,363.79,95.45000000000005,合理诉求
382.78,736.23,353.45000000000005,合理诉求
45.43,298.89,253.45999999999998,合理诉求
97.29,147.16,49.86999999999999,合理诉求
314.04,1046.89,732.8500000000001,合理诉求
23.62,215.43,191.81,合理诉求
297.04,1246.84,949.8,合理诉求
356.36,942.48,586.12,合理诉求
26.95,101.49,74.53999999999999,合理诉求
149.75,309.71,159.95999999999998,合理诉求
7.03,100.9,93.87,合理诉求
183.29,345.75,162.46,合理诉求
885.86,2718.83,1832.9699999999998,合理诉求
170.95,631.28,460.33,合理诉求
51.7,121.4,69.7,合理诉求
709.51,2534.65,1825.14,合理诉求
1086.73,2151.51,1064.7800000000002,合理诉求
180.12,259.05,78.93,合理诉求
343.12,1285.8,942.68,合理诉求
195.99,302.97,106.98000000000002,合理诉求
22.94,100.09,77.15,合理诉求
491.26,1335.85,844.5899999999999,合理诉求
443.37,1233.84,790.4699999999999,合理诉求
676.56,2593.79,1917.23,合理诉求
253.39,1015.81,762.42,合理诉求
266.23,416.95,150.71999999999997,合理诉求
759.33,2046.71,1287.38,合理诉求
839.65,3616.91,2777.2599999999998,诉求偏高
374.27,501.6,127.33000000000004,合理诉求
616.72,655.46,38.74000000000001,合理诉求
89.74,465.67,375.93,合理诉求
833.1,2047.37,1214.27,合理诉求
363.28,399.46,36.18000000000001,合理诉求
788.01,914.09,126.08000000000004,合理诉求
116.67,159.33,42.66000000000001,合理诉求
510.43,1759.91,1249.48,合理诉求
49.75,106.34,56.59,合理诉求
262.91,895.28,632.3699999999999,合理诉求
29.85,100.09,70.24000000000001,合理诉求
446.2,1699.98,1253.78,合理诉求
56.03,746.91,690.88,诉求偏高
631.92,1617.92,986.0000000000001,合理诉求
84.97,421.38,336.40999999999997,合理诉求
183.49,647.63,464.14,合理诉求
865.8,1537.84,672.04,合理诉求
826.9,1466.86,639.9599999999999,合理诉求
300.4,360.09,59.69,合理诉求
216.69,465.45,248.76,合理诉求
151.98,407.37,255.39000000000001,合理诉求
455.3,797.69,342.39000000000004,合理诉求
192.47,1638.95,1446.48,诉求偏高
198.77,473.64,274.87,合理诉求
17.56,371.05,353.49,诉求偏高
490.33,3191.24,2700.91,严重超额
319.33,718.67,399.34,合理诉求
54.4,126.92,72.52000000000001,合理诉求
249.76,518.72,268.96000000000004,合理诉求
213.67,1693.75,1480.08,诉求偏高
331.59,1332.28,1000.69,合理诉求
92.1,103.29,11.190000000000012,合理诉求
263.22,2213.95,1950.7299999999998,严重超额
233.99,235.34,1.3499999999999943,合理诉求
298.2,882.72,584.52,合理诉求
221.48,340.94,119.46000000000001,合理诉求
142.69,176.71,34.02000000000001,合理诉求
182.01,1003.49,821.48,诉求偏高
642.1,893.3,251.19999999999993,合理诉求
268.26,378.39,110.13,合理诉求
49.55,110.27,60.72,合理诉求
917.54,3047.09,2129.55,合理诉求
173.18,1275.12,1101.9399999999998,诉求偏高
337.29,711.29,373.99999999999994,合理诉求
112.05,230.34,118.29,合理诉求
550.71,696.4,145.68999999999994,合理诉求
1145.23,2026.09,880.8599999999999,合理诉求
76.81,104.91,28.099999999999994,合理诉求
127.35,689.53,562.18,合理诉求
227.17,1093.1,865.93,诉求偏高
164.81,517.64,352.83,合理诉求
802.23,1030.45,228.22000000000003,合理诉求
349.39,532.27,182.88,合理诉求
268.57,1565.86,1297.29,诉求偏高
55.7,149.17,93.46999999999998,合理诉求
104.53,269.24,164.71,合理诉求
354.77,595.43,240.65999999999997,合理诉求
365.96,449.3,83.34000000000003,合理诉求
80.61,164.76,84.14999999999999,合理诉求
839.08,2724.66,1885.58,合理诉求
68.55,198.97,130.42000000000002,合理诉求
95.71,115.42,19.710000000000008,合理诉求
147.47,574.12,426.65,合理诉求
225.22,987.16,761.9399999999999,合理诉求
10.62,100.32,89.69999999999999,合理诉求
593.62,1662.08,1068.46,合理诉求
445.57,977.06,531.49,合理诉求
59.98,340.28,280.29999999999995,合理诉求
96.18,224.14,127.95999999999998,合理诉求
1204.6,3186.61,1982.0100000000002,合理诉求
1020.76,2466.06,1445.3,合理诉求
217.96,583.8,365.8399999999999,合理诉求
366.82,869.87,503.05,合理诉求
255.45,371.41,115.96000000000004,合理诉求
305.9,359.42,53.52000000000004,合理诉求
390.03,555.54,165.51,合理诉求
183.76,289.03,105.26999999999998,合理诉求
36.14,173.39,137.25,合理诉求
34.85,100.26,65.41,合理诉求
265.95,425.68,159.73000000000002,合理诉求
362.74,389.79,27.05000000000001,合理诉求
470.62,747.46,276.84000000000003,合理诉求
450.58,2240.18,1789.6,诉求偏高
513.06,1237.71,724.6500000000001,合理诉求
198.11,662.26,464.15,合理诉求
197.93,822.65,624.72,合理诉求
715.37,1819.26,1103.8899999999999,合理诉求
356.11,909.59,553.48,合理诉求
43.24,176.64,133.39999999999998,合理诉求
531.49,880.17,348.67999999999995,合理诉求
518.23,1657.53,1139.3,合理诉求
50.12,138.44,88.32,合理诉求
129.23,387.47,258.24,合理诉求
914.79,2328.33,1413.54,合理诉求
450.7,2227.02,1776.32,诉求偏高
319.97,929.75,609.78,合理诉求
38.67,230.51,191.83999999999997,合理诉求
215.38,342.94,127.56,合理诉求
70.5,121.08,50.58,合理诉求
612.36,1108.54,496.17999999999995,合理诉求
826.37,841.65,15.279999999999973,合理诉求
161.57,1024.06,862.49,诉求偏高
183.87,450.76,266.89,合理诉求
29.55,176.8,147.25,合理诉求
426.74,1269.96,843.22,合理诉求
87.61,858.67,771.06,诉求偏高
763.56,2187.91,1424.35,合理诉求
636.68,1876.7,1240.02,合理诉求
168.35,752.52,584.17,合理诉求
104.51,168.94,64.42999999999999,合理诉求
64.8,187.9,123.10000000000001,合理诉求
947.97,3689.38,2741.41,诉求偏高
137.84,416.69,278.85,合理诉求
172.53,250.55,78.02000000000001,合理诉求
29.56,101.11,71.55,合理诉求
560.6,1965.6,1405.0,合理诉求
1055.95,2494.62,1438.6699999999998,合理诉求
74.85,309.44,234.59,合理诉求
143.91,155.08,11.170000000000016,合理诉求
732.3,1518.95,786.6500000000001,合理诉求
568.53,1920.95,1352.42,合理诉求
69.23,199.07,129.83999999999997,合理诉求
333.13,546.7,213.57000000000005,合理诉求
397.74,1000.51,602.77,合理诉求
54.95,362.28,307.33,合理诉求
142.36,371.63,229.26999999999998,合理诉求
323.98,423.15,99.16999999999996,合理诉求
561.06,667.57,106.5100000000001,合理诉求
124.39,672.3,547.91,合理诉求
270.8,2207.74,1936.9399999999998,严重超额
138.34,443.55,305.21000000000004,合理诉求
135.44,1060.55,925.1099999999999,诉求偏高
154.04,465.33,311.28999999999996,合理诉求
175.16,307.17,132.01000000000002,合理诉求
127.59,355.07,227.48,合理诉求
84.21,402.78,318.57,合理诉求
594.31,1069.57,475.26,合理诉求
200.94,652.55,451.60999999999996,合理诉求
146.34,645.57,499.23,合理诉求
779.99,4287.99,3508.0,严重超额
226.27,284.3,58.03,合理诉求
371.01,1217.75,846.74,合理诉求
580.26,1780.7,1200.44,合理诉求
680.49,1652.47,971.98,合理诉求
493.75,1006.95,513.2,合理诉求
227.33,559.0,331.66999999999996,合理诉求
109.19,137.12,27.930000000000007,合理诉求
642.13,1514.5,872.37,合理诉求
789.14,1288.53,499.39,合理诉求
55.09,215.56,160.47,合理诉求
262.76,978.76,716.0,合理诉求
1088.06,1194.18,106.12000000000012,合理诉求
140.83,196.98,56.14999999999998,合理诉求
35.82,153.44,117.62,合理诉求
469.65,3303.62,2833.97,严重超额
19.2,109.64,90.44,合理诉求
728.96,1433.55,704.5899999999999,合理诉求
127.1,286.01,158.91,合理诉求
67.41,782.14,714.73,诉求偏高
363.12,1974.23,1611.1100000000001,诉求偏高
154.74,831.29,676.55,诉求偏高
168.78,388.12,219.34,合理诉求
289.1,619.73,330.63,合理诉求
97.97,351.12,253.15,合理诉求
311.03,404.45,93.42000000000002,合理诉求
216.93,217.48,0.549999999999983,合理诉求
686.69,840.8,154.1099999999999,合理诉求
115.41,493.89,378.48,合理诉求
213.56,531.96,318.40000000000003,合理诉求
325.37,358.15,32.77999999999997,合理诉求
295.65,328.72,33.07000000000005,合理诉求
656.85,2115.92,1459.0700000000002,合理诉求
671.68,1931.52,1259.8400000000001,合理诉求
308.68,1162.52,853.8399999999999,合理诉求
189.1,702.63,513.53,合理诉求
90.5,848.65,758.15,诉求偏高
202.86,397.44,194.57999999999998,合理诉求
531.53,663.59,132.06000000000006,合理诉求
327.96,592.8,264.84,合理诉求
359.09,521.17,162.07999999999998,合理诉求
94.08,109.12,15.040000000000006,合理诉求
661.29,4387.28,3725.99,严重超额
363.0,843.39,480.39,合理诉求
377.04,1472.79,1095.75,合理诉求
43.27,261.41,218.14000000000001,合理诉求
838.1,2050.42,1212.3200000000002,合理诉求
156.55,189.05,32.5,合理诉求
166.14,736.06,569.92,合理诉求
104.71,433.52,328.81,合理诉求
281.94,997.4,715.46,合理诉求
428.74,595.17,166.42999999999995,合理诉求
224.91,455.35,230.44000000000003,合理诉求
595.62,671.32,75.70000000000005,合理诉求
260.48,484.22,223.74,合理诉求
186.5,301.5,115.0,合理诉求
190.76,797.86,607.1,合理诉求
86.79,368.6,281.81,合理诉求
315.01,556.87,241.86,合理诉求
651.07,2209.61,1558.54,合理诉求
166.64,991.5,824.86,诉求偏高
156.06,275.82,119.75999999999999,合理诉求
34.51,155.24,120.73000000000002,合理诉求
122.42,450.05,327.63,合理诉求
249.93,988.14,738.21,合理诉求
63.41,192.48,129.07,合理诉求
135.6,556.82,421.22,合理诉求
73.13,183.09,109.96000000000001,合理诉求
577.78,1267.11,689.3299999999999,合理诉求
467.52,483.89,16.370000000000005,合理诉求
192.62,1525.98,1333.3600000000001,诉求偏高
687.3,1414.21,726.9100000000001,合理诉求
174.23,223.22,48.99000000000001,合理诉求
462.02,535.29,73.26999999999998,合理诉求
550.71,1429.7,878.99,合理诉求
390.14,1187.28,797.14,合理诉求
493.95,1509.43,1015.48,合理诉求
527.17,601.17,74.0,合理诉求
191.84,341.82,149.98,合理诉求
177.91,245.44,67.53,合理诉求
186.63,680.45,493.82000000000005,合理诉求
70.03,251.79,181.76,合理诉求
756.12,2164.82,1408.7000000000003,合理诉求
309.23,781.54,472.30999999999995,合理诉求
88.29,293.81,205.51999999999998,合理诉求
672.69,738.66,65.96999999999991,合理诉求
212.28,1483.27,1270.99,诉求偏高
27.33,124.58,97.25,合理诉求
172.04,929.3,757.26,诉求偏高
290.12,500.74,210.62,合理诉求
152.94,343.51,190.57,合理诉求
3.65,129.6,125.94999999999999,合理诉求
224.03,594.25,370.22,合理诉求
566.25,971.89,405.64,合理诉求
132.5,271.45,138.95,合理诉求
1513.8,2630.11,1116.3100000000002,合理诉求
31.84,247.35,215.51,合理诉求
614.66,1722.76,1108.1,合理诉求
765.4,2522.98,1757.58,合理诉求
373.84,392.75,18.910000000000025,合理诉求
164.18,423.05,258.87,合理诉求
127.21,1215.46,1088.25,诉求偏高
492.79,1566.53,1073.74,合理诉求
124.93,482.81,357.88,合理诉求
21.75,136.33,114.58000000000001,合理诉求
28.33,103.03,74.7,合理诉求
66.26,232.96,166.7,合理诉求
162.52,510.56,348.03999999999996,合理诉求
89.42,304.26,214.83999999999997,合理诉求
265.22,607.06,341.8399999999999,合理诉求
123.3,232.64,109.33999999999999,合理诉求
53.96,104.73,50.77,合理诉求
775.97,1816.28,1040.31,合理诉求
511.89,570.71,58.82000000000005,合理诉求
56.77,271.78,215.00999999999996,合理诉求
464.29,957.78,493.48999999999995,合理诉求
787.03,2002.33,1215.3,合理诉求
628.34,677.41,49.069999999999936,合理诉求
176.94,1097.73,920.79,诉求偏高
393.08,855.82,462.74000000000007,合理诉求
71.84,419.78,347.93999999999994,合理诉求
182.73,411.47,228.74000000000004,合理诉求
264.4,2874.17,2609.77,严重超额
379.49,1347.56,968.0699999999999,合理诉求
160.97,256.67,95.70000000000002,合理诉求
158.49,406.5,248.01,合理诉求
352.73,859.41,506.67999999999995,合理诉求
152.36,592.82,440.46000000000004,合理诉求
371.0,708.02,337.02,合理诉求
14.39,138.65,124.26,合理诉求
700.87,3409.85,2708.98,诉求偏高
232.71,685.84,453.13,合理诉求
255.94,312.81,56.870000000000005,合理诉求
457.34,1060.93,603.5900000000001,合理诉求
55.3,162.48,107.17999999999999,合理诉求
135.9,517.45,381.55000000000007,合理诉求
372.1,559.79,187.68999999999994,合理诉求
301.81,371.76,69.94999999999999,合理诉求
147.47,1357.28,1209.81,诉求偏高
39.0,249.78,210.78,合理诉求
57.02,162.67,105.64999999999998,合理诉求
12.32,100.52,88.19999999999999,合理诉求
306.38,443.34,136.95999999999998,合理诉求
173.35,660.19,486.84000000000003,合理诉求
268.35,365.79,97.44,合理诉求
348.69,1026.61,677.9199999999998,合理诉求
163.81,256.65,92.83999999999997,合理诉求
120.07,258.23,138.16000000000003,合理诉求
340.49,585.24,244.75,合理诉求
642.96,2120.62,1477.6599999999999,合理诉求
98.4,393.35,294.95000000000005,合理诉求
953.29,962.21,8.920000000000073,合理诉求
49.77,106.24,56.46999999999999,合理诉求
211.23,2082.87,1871.6399999999999,严重超额
88.04,877.2,789.1600000000001,诉求偏高
1.1,111.07,109.97,合理诉求
370.54,594.36,223.82,合理诉求
891.49,1748.23,856.74,合理诉求
238.47,1172.13,933.6600000000001,诉求偏高
477.17,1043.08,565.9099999999999,合理诉求
121.79,220.98,99.18999999999998,合理诉求
212.51,1066.34,853.8299999999999,诉求偏高
317.16,521.76,204.59999999999997,合理诉求
590.39,1429.29,838.9,合理诉求
58.29,100.89,42.6,合理诉求
137.51,627.27,489.76,合理诉求
117.4,157.6,40.19999999999999,合理诉求
91.01,149.59,58.58,合理诉求
300.5,396.71,96.20999999999998,合理诉求
70.18,219.35,149.17,合理诉求
114.15,311.39,197.23999999999998,合理诉求
15.66,115.13,99.47,合理诉求
92.87,119.89,27.019999999999996,合理诉求
942.18,1744.84,802.66,合理诉求
16.19,139.99,123.80000000000001,合理诉求
35.23,218.27,183.04000000000002,合理诉求
32.19,158.77,126.58000000000001,合理诉求
174.71,813.05,638.3399999999999,合理诉求
44.85,200.09,155.24,合理诉求
135.84,216.19,80.35,合理诉求
739.84,1143.48,403.64,合理诉求
17.77,174.31,156.54,合理诉求
470.33,1669.78,1199.45,合理诉求
685.88,1947.68,1261.8000000000002,合理诉求
84.63,467.41,382.78000000000003,合理诉求
324.71,366.6,41.89000000000004,合理诉求
1188.67,2439.08,1250.4099999999999,合理诉求
76.67,529.84,453.17,合理诉求
170.9,952.59,781.69,诉求偏高
60.59,830.95,770.36,诉求偏高
283.06,432.83,149.76999999999998,合理诉求
136.8,429.53,292.72999999999996,合理诉求
257.42,606.37,348.95,合理诉求
134.58,1287.31,1152.73,诉求偏高
455.8,1174.75,718.95,合理诉求
726.88,3321.07,2594.19,诉求偏高
361.29,674.41,313.11999999999995,合理诉求
122.09,1423.93,1301.8400000000001,严重超额
105.05,319.99,214.94,合理诉求
381.83,1044.98,663.1500000000001,合理诉求
73.4,238.6,165.2,合理诉求
75.3,153.53,78.23,合理诉求
348.67,610.53,261.85999999999996,合理诉求
138.41,1724.6,1586.1899999999998,严重超额
114.26,446.22,331.96000000000004,合理诉求
128.17,129.63,1.460000000000008,合理诉求
225.77,1515.42,1289.65,诉求偏高
480.85,1332.79,851.9399999999999,合理诉求
13.23,112.66,99.42999999999999,合理诉求
116.16,198.09,81.93,合理诉求
645.15,2086.9,1441.75,合理诉求
377.24,1460.69,1083.45,合理诉求
21.01,118.67,97.66,合理诉求
268.07,326.86,58.79000000000002,合理诉求
431.99,822.5,390.51,合理诉求
70.38,172.07,101.69,合理诉求
26.08,112.4,86.32000000000001,合理诉求
265.7,398.8,133.10000000000002,合理诉求
553.95,2006.26,1452.31,合理诉求
212.24,269.24,57.0,合理诉求
614.13,864.92,250.78999999999996,合理诉求
25.31,129.82,104.50999999999999,合理诉求
203.1,1110.47,907.37,诉求偏高
633.98,746.42,112.43999999999994,合理诉求
798.18,982.81,184.63,合理诉求
379.53,420.96,41.43000000000001,合理诉求
279.49,632.51,353.02,合理诉求
91.84,123.46,31.61999999999999,合理诉求
75.48,325.67,250.19,合理诉求
162.23,363.12,200.89000000000001,合理诉求
496.48,586.97,90.49000000000001,合理诉求
278.33,479.79,201.46000000000004,合理诉求
172.12,557.38,385.26,合理诉求
146.91,957.36,810.45,诉求偏高
590.4,1450.37,859.9699999999999,合理诉求
508.13,1364.17,856.0400000000001,合理诉求
82.23,1020.9,938.67,诉求偏高
120.37,2122.23,2001.8600000000001,严重超额
195.2,274.66,79.46000000000004,合理诉求
248.05,1160.97,912.9200000000001,诉求偏高
106.13,393.02,286.89,合理诉求
394.93,593.53,198.59999999999997,合理诉求
39.77,107.83,68.06,合理诉求
647.96,2221.04,1573.08,合理诉求
677.64,2282.87,1605.23,合理诉求
283.89,717.66,433.77,合理诉求
189.69,990.77,801.0799999999999,诉求偏高
215.92,802.78,586.86,合理诉求
133.93,214.37,80.44,合理诉求
153.47,447.17,293.70000000000005,合理诉求
5.72,103.4,97.68,合理诉求
139.01,302.72,163.71000000000004,合理诉求
10.44,156.47,146.03,合理诉求
258.22,707.94,449.72,合理诉求
161.29,414.71,253.42,合理诉求
396.31,1376.81,980.5,合理诉求
211.24,587.06,375.81999999999994,合理诉求
115.4,118.8,3.3999999999999915,合理诉求
237.54,2105.8,1868.2600000000002,严重超额
221.74,928.27,706.53,合理诉求
85.84,973.37,887.53,诉求偏高
48.93,128.77,79.84,合理诉求
72.72,389.28,316.55999999999995,合理诉求
513.07,1572.83,1059.7599999999998,合理诉求
309.74,665.55,355.80999999999995,合理诉求
129.47,190.13,60.66,合理诉求
755.82,1688.05,932.2299999999999,合理诉求
5.58,103.79,98.21000000000001,合理诉求
206.92,1578.96,1372.04,诉求偏高
305.24,1781.47,1476.23,诉求偏高
38.36,104.45,66.09,合理诉求
964.35,1992.26,1027.9099999999999,合理诉求
627.23,3511.68,2884.45,诉求偏高
66.6,512.79,446.18999999999994,诉求偏高
294.74,334.87,40.129999999999995,合理诉求
1032.02,4025.82,2993.8,诉求偏高
7.86,133.44,125.58,合理诉求
404.4,648.54,244.14,合理诉求
3.98,100.08,96.1,合理诉求
33.74,251.39,217.64999999999998,合理诉求
600.99,1591.09,990.0999999999999,合理诉求
882.68,2383.1,1500.42,合理诉求
4.37,107.86,103.49,合理诉求
880.54,2511.37,1630.83,合理诉求
789.1,974.97,185.87,合理诉求
442.56,772.1,329.54,合理诉求
426.08,755.75,329.67,合理诉求
99.91,170.32,70.41,合理诉求
258.01,398.7,140.69,合理诉求
52.39,100.99,48.599999999999994,合理诉求
852.87,1317.53,464.65999999999997,合理诉求
887.12,2191.67,1304.5500000000002,合理诉求
444.17,537.85,93.68,合理诉求
80.46,185.1,104.64,合理诉求
163.34,266.66,103.32000000000002,合理诉求
86.98,292.13,205.14999999999998,合理诉求
41.33,144.12,102.79,合理诉求
190.27,629.37,439.1,合理诉求
195.93,1405.71,1209.78,诉求偏高
67.33,167.2,99.86999999999999,合理诉求
541.72,1022.29,480.56999999999994,合理诉求
375.07,675.09,300.02000000000004,合理诉求
57.64,111.23,53.59,合理诉求
180.51,243.73,63.22,合理诉求
1078.75,1472.15,393.4000000000001,合理诉求
1911.47,3513.76,1602.2900000000002,合理诉求
1014.87,1940.7,925.83,合理诉求
105.26,338.72,233.46000000000004,合理诉求
101.55,732.49,630.94,诉求偏高
180.92,808.87,627.95,合理诉求
84.44,130.51,46.06999999999999,合理诉求
170.98,219.37,48.390000000000015,合理诉求
27.41,243.27,215.86,合理诉求
8.9,105.94,97.03999999999999,合理诉求
19.21,119.1,99.88999999999999,合理诉求
610.25,965.59,355.34000000000003,合理诉求
90.38,101.49,11.11,合理诉求
137.01,174.95,37.94,合理诉求
389.52,854.98,465.46000000000004,合理诉求
520.14,860.17,340.03,合理诉求
561.51,758.05,196.53999999999996,合理诉求
103.26,110.25,6.989999999999995,合理诉求
681.7,1353.87,672.1699999999998,合理诉求
101.36,120.41,19.049999999999997,合理诉求
695.0,1704.32,1009.3199999999999,合理诉求
91.6,379.65,288.04999999999995,合理诉求
38.33,113.99,75.66,合理诉求
82.69,113.84,31.150000000000006,合理诉求
97.45,119.37,21.92,合理诉求
113.51,180.04,66.52999999999999,合理诉求
380.46,524.05,143.58999999999997,合理诉求
114.76,314.97,200.21000000000004,合理诉求
95.59,103.32,7.72999999999999,合理诉求
6.73,116.84,110.11,合理诉求
595.07,1937.58,1342.5099999999998,合理诉求
585.39,1281.45,696.0600000000001,合理诉求
302.47,314.79,12.319999999999993,合理诉求
244.15,308.73,64.58000000000001,合理诉求
395.17,579.93,184.75999999999993,合理诉求
1188.72,2170.09,981.3700000000001,合理诉求
272.98,1250.75,977.77,诉求偏高
174.87,707.91,533.04,合理诉求
3.24,126.48,123.24000000000001,合理诉求
191.63,536.69,345.06000000000006,合理诉求
14.75,125.77,111.02,合理诉求
410.06,918.09,508.03000000000003,合理诉求
566.77,803.26,236.49,合理诉求
35.86,470.7,434.84,诉求偏高
672.73,807.13,134.39999999999998,合理诉求
573.44,1468.01,894.5699999999999,合理诉求
727.79,1275.33,547.54,合理诉求
620.64,1231.67,611.0300000000001,合理诉求
4.66,101.47,96.81,合理诉求
687.01,1722.03,1035.02,合理诉求
65.01,778.78,713.77,诉求偏高
25.46,147.01,121.54999999999998,合理诉求
71.82,120.4,48.58000000000001,合理诉求
258.17,996.29,738.1199999999999,合理诉求
1064.51,2075.51,1011.0000000000002,合理诉求
30.16,105.57,75.41,合理诉求
38.45,101.73,63.28,合理诉求
253.84,774.87,521.03,合理诉求
21.41,106.75,85.34,合理诉求
631.81,1206.03,574.22,合理诉求
500.83,983.46,482.63000000000005,合理诉求
98.64,353.39,254.75,合理诉求
49.27,113.34,64.07,合理诉求
47.11,100.02,52.91,合理诉求
123.15,255.8,132.65,合理诉求
83.58,169.91,86.33,合理诉求
219.68,942.56,722.8799999999999,合理诉求
454.38,1838.39,1384.0100000000002,合理诉求
474.09,833.23,359.14000000000004,合理诉求
511.04,933.03,421.98999999999995,合理诉求
233.39,805.17,571.78,合理诉求
229.6,404.89,175.29,合理诉求
486.0,1748.52,1262.52,合理诉求
236.55,354.06,117.50999999999999,合理诉求
58.15,482.8,424.65000000000003,诉求偏高
79.51,905.64,826.13,诉求偏高
505.3,506.35,1.0500000000000114,合理诉求
166.89,295.21,128.32,合理诉求
300.07,368.48,68.41000000000003,合理诉求
19.41,111.14,91.73,合理诉求
48.85,186.38,137.53,合理诉求
573.11,2063.85,1490.7399999999998,合理诉求
132.85,653.81,520.9599999999999,合理诉求
852.69,1346.02,493.3299999999999,合理诉求
476.85,600.64,123.78999999999996,合理诉求
207.01,660.6,453.59000000000003,合理诉求
458.75,855.99,397.24,合理诉求
817.68,937.93,120.25,合理诉求
147.85,690.98,543.13,合理诉求
837.11,932.28,95.16999999999996,合理诉求
256.03,368.05,112.02000000000004,合理诉求
525.2,732.71,207.51,合理诉求
321.59,399.06,77.47000000000003,合理诉求
170.38,464.07,293.69,合理诉求
294.99,1086.31,791.3199999999999,合理诉求
42.71,100.81,58.1,合理诉求
416.6,1890.19,1473.5900000000001,诉求偏高
20.17,294.52,274.34999999999997,合理诉求
24.29,218.54,194.25,合理诉求
117.36,233.91,116.55,合理诉求
97.97,230.76,132.79,合理诉求
114.44,199.37,84.93,合理诉求
93.13,156.38,63.25,合理诉求
365.55,1248.55,883.0,合理诉求
349.79,527.09,177.3,合理诉求
57.86,924.36,866.5,诉求偏高
106.12,136.2,30.079999999999984,合理诉求
70.32,473.2,402.88,合理诉求
348.69,1017.99,669.3,合理诉求
354.24,1416.74,1062.5,合理诉求
171.26,216.21,44.95000000000002,合理诉求
230.24,418.94,188.7,合理诉求
55.4,196.49,141.09,合理诉求
528.16,1296.28,768.12,合理诉求
147.44,733.9,586.46,合理诉求
4.3,149.92,145.61999999999998,合理诉求
23.18,107.26,84.08000000000001,合理诉求
4.47,100.38,95.91,合理诉求
15.37,101.62,86.25,合理诉求
544.92,1788.48,1243.56,合理诉求
772.1,3904.78,3132.6800000000003,诉求偏高
275.07,382.75,107.68,合理诉求
52.76,105.04,52.28000000000001,合理诉求
480.75,1007.48,526.73,合理诉求
993.42,1476.93,483.5100000000001,合理诉求
53.14,246.86,193.72000000000003,合理诉求
409.78,996.71,586.9300000000001,合理诉求
118.37,782.65,664.28,诉求偏高
50.88,731.03,680.15,诉求偏高
54.56,248.05,193.49,合理诉求
207.07,367.35,160.28000000000003,合理诉求
39.74,100.78,61.04,合理诉求
104.56,1384.99,1280.43,严重超额
312.36,459.15,146.78999999999996,合理诉求
42.83,114.73,71.9,合理诉求
241.33,630.37,389.03999999999996,合理诉求
333.29,1153.69,820.4000000000001,合理诉求
350.87,2829.51,2478.6400000000003,严重超额
189.58,386.52,196.93999999999997,合理诉求
153.52,1186.61,1033.09,诉求偏高
81.85,270.51,188.66,合理诉求
620.22,1061.08,440.8599999999999,合理诉求
357.9,857.91,500.01,合理诉求
94.17,473.04,378.87,合理诉求
107.45,367.74,260.29,合理诉求
291.38,694.38,403.0,合理诉求
76.25,328.2,251.95,合理诉求
250.82,670.81,419.98999999999995,合理诉求
94.15,125.48,31.33,合理诉求
305.62,762.35,456.73,合理诉求
733.18,1359.89,626.7100000000002,合理诉求
212.29,1381.18,1168.89,诉求偏高
142.09,269.99,127.9,合理诉求
75.67,501.21,425.53999999999996,合理诉求
40.22,190.09,149.87,合理诉求
201.23,374.46,173.23,合理诉求
18.0,112.87,94.87,合理诉求
628.69,1248.61,619.9199999999998,合理诉求
144.76,304.8,160.04000000000002,合理诉求
187.91,803.42,615.51,合理诉求
17.84,196.27,178.43,合理诉求
79.32,987.41,908.0899999999999,诉求偏高
136.05,315.79,179.74,合理诉求
16.55,188.26,171.70999999999998,合理诉求
594.86,1391.66,796.8000000000001,合理诉求
334.06,642.54,308.47999999999996,合理诉求
270.43,608.81,338.37999999999994,合理诉求
1043.87,1756.24,712.3700000000001,合理诉求
90.23,595.94,505.71000000000004,诉求偏高
102.49,1287.04,1184.55,诉求偏高
135.12,187.95,52.829999999999984,合理诉求
1317.21,2093.56,776.3499999999999,合理诉求
437.4,1242.27,804.87,合理诉求
783.17,1680.52,897.35,合理诉求
645.41,2653.31,2007.9,诉求偏高
267.29,459.87,192.57999999999998,合理诉求
106.02,157.24,51.22000000000001,合理诉求
19.46,132.69,113.22999999999999,合理诉求
75.32,164.64,89.32,合理诉求
559.93,1070.69,510.7600000000001,合理诉求
21.04,138.56,117.52000000000001,合理诉求
62.53,796.35,733.82,诉求偏高
57.78,833.55,775.77,诉求偏高
124.03,746.68,622.65,诉求偏高
524.36,1278.45,754.09,合理诉求
633.02,668.87,35.85000000000002,合理诉求
314.97,403.82,88.84999999999997,合理诉求
608.96,2040.0,1431.04,合理诉求
137.33,836.57,699.24,诉求偏高
1138.4,5146.6,4008.2000000000003,诉求偏高
153.79,255.09,101.30000000000001,合理诉求
59.75,134.97,75.22,合理诉求
101.77,139.68,37.91000000000001,合理诉求
484.79,1445.14,960.3500000000001,合理诉求
160.1,482.68,322.58000000000004,合理诉求
505.69,1077.07,571.3799999999999,合理诉求
50.22,259.84,209.61999999999998,合理诉求
606.47,666.78,60.309999999999945,合理诉求
136.84,726.31,589.4699999999999,合理诉求
445.43,1194.94,749.51,合理诉求
240.52,682.02,441.5,合理诉求
250.03,326.0,75.97,合理诉求
47.13,104.24,57.10999999999999,合理诉求
559.6,1032.07,472.4699999999999,合理诉求
156.83,2346.12,2189.29,严重超额
241.88,786.15,544.27,合理诉求
1415.85,3591.29,2175.44,合理诉求
371.43,1435.53,1064.1,合理诉求
115.17,316.4,201.22999999999996,合理诉求
572.1,1786.83,1214.73,合理诉求
246.41,1056.59,810.18,合理诉求
24.03,142.84,118.81,合理诉求
195.29,259.8,64.51000000000002,合理诉求
118.3,166.96,48.66000000000001,合理诉求
622.27,2105.67,1483.4,合理诉求
491.31,603.84,112.53000000000003,合理诉求
69.83,150.24,80.41000000000001,合理诉求
634.38,834.24,199.86,合理诉求
1191.65,2290.35,1098.6999999999998,合理诉求
470.32,2698.33,2228.0099999999998,诉求偏高
32.63,152.26,119.63,合理诉求
78.51,174.47,95.96,合理诉求
127.89,436.96,309.07,合理诉求
112.54,136.11,23.570000000000007,合理诉求
95.61,191.04,95.42999999999999,合理诉求
295.89,550.06,254.16999999999996,合理诉求
59.55,130.21,70.66000000000001,合理诉求
425.63,1136.81,711.18,合理诉求
122.79,275.59,152.79999999999995,合理诉求
30.68,189.13,158.45,合理诉求
92.87,162.2,69.32999999999998,合理诉求
689.03,2825.26,2136.2300000000005,诉求偏高
36.92,136.37,99.45,合理诉求
44.74,100.88,56.13999999999999,合理诉求
559.4,1802.93,1243.5300000000002,合理诉求
92.22,689.7,597.48,诉求偏高
321.42,484.59,163.16999999999996,合理诉求
203.25,553.06,349.80999999999995,合理诉求
6.3,100.09,93.79,合理诉求
241.04,631.53,390.49,合理诉求
265.2,430.88,165.68,合理诉求
247.88,669.01,421.13,合理诉求
1149.55,1679.16,529.6100000000001,合理诉求
207.94,824.58,616.6400000000001,合理诉求
416.97,2376.52,1959.55,诉求偏高
155.4,167.93,12.530000000000001,合理诉求
294.38,943.68,649.3,合理诉求
54.47,877.06,822.5899999999999,诉求偏高
76.06,100.96,24.89999999999999,合理诉求
158.84,570.05,411.2099999999999,合理诉求
1599.13,3735.42,2136.29,合理诉求
109.58,397.0,287.42,合理诉求
1382.23,1872.14,489.9100000000001,合理诉求
178.06,676.31,498.24999999999994,合理诉求
24.49,106.15,81.66000000000001,合理诉求
57.75,149.68,91.93,合理诉求
363.16,735.24,372.08,合理诉求
362.81,1109.89,747.0800000000002,合理诉求
199.72,460.84,261.12,合理诉求
642.19,1478.43,836.24,合理诉求
156.94,232.4,75.46000000000001,合理诉求
70.35,495.64,425.28999999999996,合理诉求
86.12,141.23,55.109999999999985,合理诉求
214.92,1951.35,1736.4299999999998,严重超额
223.21,523.22,300.01,合理诉求
1044.44,1397.68,353.24,合理诉求
846.68,1380.35,533.67,合理诉求
406.26,988.25,581.99,合理诉求
200.66,235.12,34.46000000000001,合理诉求
513.38,1118.75,605.37,合理诉求
1228.7,2786.62,1557.9199999999998,合理诉求
122.85,210.04,87.19,合理诉求
43.72,150.89,107.16999999999999,合理诉求
193.66,248.34,54.68000000000001,合理诉求
283.37,913.38,630.01,合理诉求
308.49,340.4,31.909999999999968,合理诉求
348.72,1203.25,854.53,合理诉求
265.91,877.25,611.3399999999999,合理诉求
412.66,1560.46,1147.8,合理诉求
44.26,150.86,106.60000000000002,合理诉求
42.62,114.94,72.32,合理诉求
1236.72,3380.08,2143.3599999999997,合理诉求
42.26,103.53,61.27,合理诉求
375.72,421.88,46.15999999999997,合理诉求
63.1,265.23,202.13000000000002,合理诉求
129.48,1566.85,1437.37,严重超额
244.66,2481.26,2236.6000000000004,严重超额
46.98,136.71,89.73000000000002,合理诉求
1049.55,1119.58,70.02999999999997,合理诉求
221.46,463.24,241.78,合理诉求
218.44,365.53,147.08999999999997,合理诉求
454.83,1204.63,749.8000000000002,合理诉求
341.62,888.63,547.01,合理诉求
536.71,663.19,126.48000000000002,合理诉求
420.52,1014.84,594.32,合理诉求
71.89,344.27,272.38,合理诉求
118.2,1007.58,889.38,诉求偏高
80.52,177.44,96.92,合理诉求
387.46,998.06,610.5999999999999,合理诉求
14.99,117.12,102.13000000000001,合理诉求
176.39,778.01,601.62,合理诉求
37.64,601.92,564.28,诉求偏高
269.32,634.87,365.55,合理诉求
87.72,191.31,103.59,合理诉求
608.32,634.37,26.049999999999955,合理诉求
107.89,170.72,62.83,合理诉求
199.19,559.97,360.78000000000003,合理诉求
1097.27,2271.41,1174.1399999999999,合理诉求
42.62,111.07,68.44999999999999,合理诉求
3.94,119.16,115.22,合理诉求
577.72,986.65,408.92999999999995,合理诉求
189.71,422.6,232.89000000000001,合理诉求
143.34,244.74,101.4,合理诉求
7.29,103.89,96.6,合理诉求
53.36,163.1,109.74,合理诉求
2.99,100.5,97.51,合理诉求
38.83,133.38,94.55,合理诉求
420.51,981.98,561.47,合理诉求
1419.04,1451.77,32.73000000000002,合理诉求
138.78,985.43,846.65,诉求偏高
167.01,179.09,12.080000000000013,合理诉求
13.08,150.76,137.67999999999998,合理诉求
125.56,366.42,240.86,合理诉求
72.28,327.23,254.95000000000002,合理诉求
546.69,884.79,338.0999999999999,合理诉求
41.72,269.38,227.66,合理诉求
107.1,134.16,27.060000000000002,合理诉求
140.91,219.61,78.70000000000002,合理诉求
83.89,268.09,184.2,合理诉求
1271.65,2691.24,1419.5899999999997,合理诉求
261.45,857.02,595.5699999999999,合理诉求
421.11,710.91,289.79999999999995,合理诉求
101.15,378.51,277.36,合理诉求
186.87,804.96,618.09,合理诉求
741.57,1602.34,860.7699999999999,合理诉求
80.98,278.85,197.87,合理诉求
87.51,200.73,113.21999999999998,合理诉求
98.33,257.23,158.90000000000003,合理诉求
394.07,609.93,215.85999999999996,合理诉求
905.5,4194.93,3289.4300000000003,诉求偏高
334.9,2163.32,1828.42,诉求偏高
55.45,836.06,780.6099999999999,诉求偏高
604.13,699.87,95.74000000000001,合理诉求
73.58,554.41,480.83,诉求偏高
576.64,882.56,305.91999999999996,合理诉求
228.0,767.36,539.36,合理诉求
168.24,667.1,498.86,合理诉求
68.02,949.13,881.11,诉求偏高
697.28,2168.69,1471.41,合理诉求
91.01,718.31,627.3,诉求偏高
76.99,183.91,106.92,合理诉求
76.74,195.14,118.39999999999999,合理诉求
172.61,393.05,220.44,合理诉求
244.18,454.96,210.77999999999997,合理诉求
128.37,202.11,73.74000000000001,合理诉求
143.71,150.74,7.030000000000001,合理诉求
341.55,839.96,498.41,合理诉求
310.1,871.69,561.59,合理诉求
130.21,370.47,240.26000000000002,合理诉求
160.9,196.43,35.53,合理诉求
160.43,324.24,163.81,合理诉求
210.42,887.38,676.96,合理诉求
766.18,2318.49,1552.31,合理诉求
163.59,428.26,264.66999999999996,合理诉求
43.52,153.0,109.47999999999999,合理诉求
34.44,159.35,124.91,合理诉求
109.7,319.19,209.49,合理诉求
620.32,721.94,101.62,合理诉求
117.36,968.38,851.02,诉求偏高
134.93,519.43,384.49999999999994,合理诉求
218.47,621.53,403.05999999999995,合理诉求
201.11,1550.58,1349.4699999999998,诉求偏高
54.3,774.22,719.9200000000001,诉求偏高
245.69,291.61,45.920000000000016,合理诉求
91.98,116.08,24.099999999999994,合理诉求
418.71,1063.22,644.51,合理诉求
289.22,743.98,454.76,合理诉求
712.93,1836.93,1124.0,合理诉求
110.4,124.69,14.289999999999992,合理诉求
120.52,278.17,157.65000000000003,合理诉求
87.4,108.89,21.489999999999995,合理诉求
427.92,1354.26,926.3399999999999,合理诉求
67.75,187.62,119.87,合理诉求
377.99,1019.21,641.22,合理诉求
14.52,114.4,99.88000000000001,合理诉求
82.52,100.34,17.820000000000007,合理诉求
153.66,728.44,574.7800000000001,合理诉求
224.49,242.38,17.889999999999986,合理诉求
340.6,379.22,38.620000000000005,合理诉求
155.01,832.04,677.03,诉求偏高
18.5,100.7,82.2,合理诉求
117.11,555.24,438.13,合理诉求
344.01,581.01,237.0,合理诉求
12.06,125.09,113.03,合理诉求
66.33,209.86,143.53000000000003,合理诉求
529.03,3819.45,3290.42,严重超额
135.05,362.34,227.28999999999996,合理诉求
73.13,194.13,121.0,合理诉求
157.17,434.94,277.77,合理诉求
214.44,889.81,675.3699999999999,合理诉求
284.06,461.36,177.3,合理诉求
2.46,147.2,144.73999999999998,合理诉求
174.24,1394.44,1220.2,诉求偏高
185.3,988.7,803.4000000000001,诉求偏高
503.44,983.69,480.25000000000006,合理诉求
148.68,225.04,76.35999999999999,合理诉求
725.61,1938.26,1212.65,合理诉求
29.67,157.2,127.52999999999999,合理诉求
51.33,142.93,91.60000000000001,合理诉求
12.55,130.68,118.13000000000001,合理诉求
1403.3,2697.75,1294.45,合理诉求
123.46,806.91,683.4499999999999,诉求偏高
183.58,641.05,457.4699999999999,合理诉求
509.08,1256.45,747.3700000000001,合理诉求
285.7,367.86,82.16000000000003,合理诉求
1289.63,1984.67,695.04,合理诉求
432.61,731.59,298.98,合理诉求
187.29,662.82,475.5300000000001,合理诉求
75.96,212.27,136.31,合理诉求
90.2,204.29,114.08999999999999,合理诉求
67.57,209.27,141.70000000000002,合理诉求
22.72,207.27,184.55,合理诉求
107.57,612.45,504.88000000000005,合理诉求
113.95,141.13,27.179999999999993,合理诉求
635.93,1779.36,1143.4299999999998,合理诉求
63.08,182.27,119.19000000000001,合理诉求
61.65,198.19,136.54,合理诉求
180.46,460.73,280.27,合理诉求
502.12,3541.88,3039.76,严重超额
524.01,3375.45,2851.4399999999996,严重超额
268.28,1114.66,846.3800000000001,合理诉求
242.61,915.63,673.02,合理诉求
103.77,631.75,527.98,诉求偏高
419.34,523.98,104.64000000000004,合理诉求
136.67,138.56,1.8900000000000148,合理诉求
75.14,269.78,194.64,合理诉求
297.16,551.92,254.75999999999993,合理诉求
71.49,182.33,110.84000000000002,合理诉求
372.41,672.02,299.60999999999996,合理诉求
95.54,463.45,367.90999999999997,合理诉求
377.96,536.93,158.96999999999997,合理诉求
1083.47,1469.79,386.31999999999994,合理诉求
271.73,676.83,405.1,合理诉求
183.18,459.43,276.25,合理诉求
47.6,301.27,253.67,合理诉求
47.83,190.86,143.03000000000003,合理诉求
64.5,274.87,210.37,合理诉求
294.05,937.55,643.5,合理诉求
491.49,846.62,355.13,合理诉求
206.23,350.28,144.04999999999998,合理诉求
635.59,2703.92,2068.33,诉求偏高
48.92,190.16,141.24,合理诉求
305.02,770.33,465.31000000000006,合理诉求
226.77,342.48,115.71000000000001,合理诉求
261.49,608.83,347.34000000000003,合理诉求
61.11,246.53,185.42000000000002,合理诉求
489.5,1404.98,915.48,合理诉求
1014.81,2081.16,1066.35,合理诉求
982.43,3831.5,2849.07,诉求偏高
383.36,1695.32,1311.96,诉求偏高
340.83,1105.64,764.8100000000002,合理诉求
384.17,2893.67,2509.5,严重超额
175.19,184.86,9.670000000000016,合理诉求
30.19,130.11,99.92000000000002,合理诉求
631.6,1398.76,767.16,合理诉求
100.18,148.56,48.379999999999995,合理诉求
12.41,515.59,503.18,诉求偏高
700.12,1370.53,670.41,合理诉求
23.33,151.68,128.35000000000002,合理诉求
543.72,1882.93,1339.21,合理诉求
93.23,226.5,133.26999999999998,合理诉求
124.23,160.45,36.219999999999985,合理诉求
293.82,669.49,375.67,合理诉求
1048.22,2718.78,1670.5600000000002,合理诉求
66.3,106.18,39.88000000000001,合理诉求
394.08,697.56,303.47999999999996,合理诉求
80.74,269.82,189.07999999999998,合理诉求
243.15,2430.6,2187.45,严重超额
161.77,886.71,724.94,诉求偏高
359.14,399.95,40.81,合理诉求
230.97,278.56,47.59,合理诉求
501.53,2931.94,2430.41,诉求偏高
46.1,347.14,301.03999999999996,合理诉求
207.3,278.53,71.22999999999996,合理诉求
236.08,475.09,239.00999999999996,合理诉求
472.61,2072.96,1600.35,诉求偏高
143.72,198.25,54.53,合理诉求
1148.09,1445.22,297.1300000000001,合理诉求
22.65,263.77,241.11999999999998,合理诉求
56.2,358.6,302.40000000000003,合理诉求
380.78,737.38,356.6,合理诉求
46.02,331.43,285.41,合理诉求
60.63,184.6,123.97,合理诉求
115.68,316.26,200.57999999999998,合理诉求
256.26,782.61,526.35,合理诉求
167.25,200.47,33.22,合理诉求
68.02,335.82,267.8,合理诉求
11.06,127.24,116.17999999999999,合理诉求
294.44,1009.63,715.19,合理诉求
31.02,295.12,264.1,合理诉求
358.12,672.33,314.21000000000004,合理诉求
59.38,277.06,217.68,合理诉求
349.9,633.08,283.18000000000006,合理诉求
193.21,337.42,144.21,合理诉求
165.12,1355.1,1189.98,诉求偏高
223.69,666.73,443.04,合理诉求
99.52,207.8,108.28000000000002,合理诉求
223.61,1189.72,966.11,诉求偏高
70.89,470.55,399.66,合理诉求
92.66,102.28,9.620000000000005,合理诉求
182.27,1009.36,827.09,诉求偏高
55.0,107.37,52.370000000000005,合理诉求
53.3,332.84,279.53999999999996,合理诉求
215.9,631.45,415.55000000000007,合理诉求
317.14,508.7,191.56,合理诉求
120.89,263.03,142.14,合理诉求
115.75,303.93,188.18,合理诉求
530.15,3203.9,2673.75,严重超额
423.16,1106.76,683.5999999999999,合理诉求
137.45,455.33,317.88,合理诉求
36.85,205.22,168.37,合理诉求
49.2,129.02,79.82000000000001,合理诉求
108.09,199.0,90.91,合理诉求
560.58,1972.86,1412.2799999999997,合理诉求
185.58,331.35,145.77,合理诉求
4.68,103.02,98.34,合理诉求
198.5,1539.75,1341.25,诉求偏高
639.86,1011.91,372.04999999999995,合理诉求
96.3,103.33,7.030000000000001,合理诉求
56.88,105.75,48.87,合理诉求
679.83,2322.98,1643.15,合理诉求
336.62,2174.16,1837.54,诉求偏高
51.52,256.98,205.46,合理诉求
41.48,218.89,177.41,合理诉求
164.67,836.34,671.6700000000001,合理诉求
824.88,941.98,117.10000000000002,合理诉求
164.02,1088.97,924.95,诉求偏高
903.98,1844.23,940.25,合理诉求
714.1,1424.58,710.4799999999999,合理诉求
268.12,890.02,621.9,合理诉求
42.14,301.54,259.40000000000003,合理诉求
215.48,700.27,484.78999999999996,合理诉求
310.65,927.2,616.5500000000001,合理诉求
55.72,166.54,110.82,合理诉求
115.21,643.41,528.1999999999999,合理诉求
658.58,1160.35,501.76999999999987,合理诉求
336.56,1221.45,884.8900000000001,合理诉求
95.52,901.62,806.1,诉求偏高
105.52,203.23,97.71,合理诉求
50.69,405.45,354.76,合理诉求
1089.37,1343.31,253.94000000000005,合理诉求
181.95,264.69,82.74000000000001,合理诉求
343.42,539.8,196.37999999999994,合理诉求
44.03,107.69,63.66,合理诉求
80.1,148.29,68.19,合理诉求
660.34,1347.9,687.5600000000001,合理诉求
87.86,188.59,100.73,合理诉求
21.63,157.83,136.20000000000002,合理诉求
67.23,201.05,133.82,合理诉求
216.82,469.48,252.66000000000003,合理诉求
324.72,816.61,491.89,合理诉求
18.17,452.53,434.35999999999996,诉求偏高
162.04,233.12,71.08000000000001,合理诉求
58.27,105.83,47.559999999999995,合理诉求
918.28,1086.26,167.98000000000002,合理诉求
142.31,412.7,270.39,合理诉求
170.99,291.18,120.19,合理诉求
269.97,757.9,487.92999999999995,合理诉求
542.82,1524.16,981.34,合理诉求
737.34,1387.44,650.1,合理诉求
209.68,339.52,129.83999999999997,合理诉求
43.79,222.09,178.3,合理诉求
118.82,170.8,51.98000000000002,合理诉求
408.77,811.72,402.95000000000005,合理诉求
52.3,226.11,173.81,合理诉求
162.63,477.0,314.37,合理诉求
14.61,103.86,89.25,合理诉求
66.68,265.04,198.36,合理诉求
220.45,804.59,584.1400000000001,合理诉求
331.81,1063.28,731.47,合理诉求
1098.91,1208.52,109.6099999999999,合理诉求
181.07,277.32,96.25,合理诉求
266.0,282.83,16.829999999999984,合理诉求
1020.14,4299.89,3279.7500000000005,诉求偏高
266.42,548.11,281.69,合理诉求
119.48,334.62,215.14,合理诉求
376.28,1010.29,634.01,合理诉求
246.46,932.74,686.28,合理诉求
436.05,536.35,100.30000000000001,合理诉求
60.88,216.38,155.5,合理诉求
185.71,490.7,304.99,合理诉求
442.36,517.01,74.64999999999998,合理诉求
2.6,104.98,102.38000000000001,合理诉求
171.59,241.7,70.10999999999999,合理诉求
792.6,1238.02,445.41999999999996,合理诉求
583.88,2975.93,2392.0499999999997,诉求偏高
114.96,178.26,63.3,合理诉求
532.0,1763.57,1231.57,合理诉求
241.15,2183.33,1942.1799999999998,严重超额
184.57,907.03,722.46,合理诉求
658.5,2067.95,1409.4499999999998,合理诉求
787.57,3435.08,2647.5099999999998,诉求偏高
155.51,352.73,197.22000000000003,合理诉求
64.03,313.91,249.88000000000002,合理诉求
23.93,110.82,86.88999999999999,合理诉求
592.93,928.75,335.82000000000005,合理诉求
271.69,289.28,17.589999999999975,合理诉求
508.57,637.53,128.95999999999998,合理诉求
148.76,193.43,44.670000000000016,合理诉求
93.21,417.45,324.24,合理诉求
171.49,371.21,199.71999999999997,合理诉求
436.84,1275.16,838.3200000000002,合理诉求
169.69,200.19,30.5,合理诉求
96.23,259.54,163.31,合理诉求
318.91,420.84,101.92999999999995,合理诉求
876.64,2373.38,1496.7400000000002,合理诉求
94.27,553.86,459.59000000000003,合理诉求
215.7,1365.61,1149.9099999999999,诉求偏高
101.29,766.52,665.23,诉求偏高
270.6,865.93,595.3299999999999,合理诉求
600.76,1075.38,474.6200000000001,合理诉求
576.19,1866.94,1290.75,合理诉求
724.99,1606.0,881.01,合理诉求
152.43,242.18,89.75,合理诉求
104.59,593.89,489.29999999999995,合理诉求
806.01,2051.76,1245.7500000000002,合理诉求
435.16,1440.41,1005.25,合理诉求
800.79,1725.95,925.1600000000001,合理诉求
51.97,116.84,64.87,合理诉求
1006.26,4355.89,3349.63,诉求偏高
488.1,692.65,204.54999999999995,合理诉求
3.49,100.18,96.69000000000001,合理诉求
326.52,611.01,284.49,合理诉求
20.2,150.75,130.55,合理诉求
194.43,510.63,316.2,合理诉求
214.97,411.12,196.15,合理诉求
1142.43,2920.42,1777.99,合理诉求
176.73,502.08,325.35,合理诉求
368.94,616.86,247.92000000000002,合理诉求
1544.26,1737.18,192.92000000000007,合理诉求
325.57,373.32,47.75,合理诉求
134.52,522.45,387.93000000000006,合理诉求
446.76,447.96,1.1999999999999886,合理诉求
95.06,150.72,55.66,合理诉求
1209.65,2202.0,992.3499999999999,合理诉求
135.35,215.02,79.67000000000002,合理诉求
175.25,198.42,23.169999999999987,合理诉求
81.51,108.31,26.799999999999997,合理诉求
344.08,663.07,318.99000000000007,合理诉求
303.36,1612.04,1308.6799999999998,诉求偏高
251.33,543.03,291.69999999999993,合理诉求
972.79,4876.8,3904.01,诉求偏高
268.93,340.82,71.88999999999999,合理诉求
75.78,101.0,25.22,合理诉求
134.9,205.09,70.19,合理诉求
36.16,148.37,112.21000000000001,合理诉求
24.16,102.64,78.48,合理诉求
6.28,164.56,158.28,合理诉求
173.35,368.46,195.10999999999999,合理诉求
247.06,979.44,732.3800000000001,合理诉求
358.16,531.86,173.7,合理诉求
225.42,617.06,391.64,合理诉求
75.65,222.78,147.13,合理诉求
311.52,358.63,47.110000000000014,合理诉求
37.35,607.69,570.34,诉求偏高
566.86,2854.22,2287.3599999999997,诉求偏高
175.98,763.29,587.31,合理诉求
58.06,625.87,567.81,诉求偏高
164.58,577.45,412.87,合理诉求
73.76,418.21,344.45,合理诉求
294.14,430.45,136.31,合理诉求
33.53,237.67,204.14,合理诉求
94.87,104.89,10.019999999999996,合理诉求
268.38,582.68,314.29999999999995,合理诉求
210.68,592.6,381.92,合理诉求
41.96,467.43,425.47,诉求偏高
819.07,1558.11,739.0399999999998,合理诉求
69.91,190.29,120.38,合理诉求
195.32,1762.44,1567.1200000000001,严重超额
48.15,137.72,89.57,合理诉求
578.25,1284.12,705.8699999999999,合理诉求
144.86,415.1,270.24,合理诉求
130.28,165.9,35.620000000000005,合理诉求
64.35,1005.16,940.81,诉求偏高
88.48,844.35,755.87,诉求偏高
38.59,103.73,65.14,合理诉求
181.69,483.22,301.53000000000003,合理诉求
606.43,1305.33,698.9,合理诉求
676.11,1360.41,684.3000000000001,合理诉求
135.02,285.31,150.29,合理诉求
362.8,552.33,189.53000000000003,合理诉求
121.59,407.3,285.71000000000004,合理诉求
2.96,110.28,107.32000000000001,合理诉求
3.34,100.65,97.31,合理诉求
110.31,198.09,87.78,合理诉求
98.57,236.94,138.37,合理诉求
410.46,1575.7,1165.24,合理诉求
697.95,843.46,145.51,合理诉求
626.28,3823.46,3197.1800000000003,严重超额
578.91,2685.82,2106.9100000000003,诉求偏高
117.83,1216.85,1099.02,诉求偏高
228.61,1554.67,1326.06,诉求偏高
329.67,418.95,89.27999999999997,合理诉求
100.44,1044.07,943.6299999999999,诉求偏高
229.2,270.23,41.03000000000003,合理诉求
295.8,338.98,43.18000000000001,合理诉求
253.24,612.92,359.67999999999995,合理诉求
80.12,824.35,744.23,诉求偏高
538.82,774.79,235.9699999999999,合理诉求
374.12,548.9,174.77999999999997,合理诉求
374.04,392.32,18.279999999999973,合理诉求
339.29,455.13,115.83999999999997,合理诉求
92.67,123.1,30.429999999999993,合理诉求
902.69,2399.07,1496.38,合理诉求
102.24,215.16,112.92,合理诉求
339.47,747.64,408.16999999999996,合理诉求
967.46,4100.77,3133.3100000000004,诉求偏高
134.83,146.33,11.5,合理诉求
583.6,953.1,369.5,合理诉求
50.45,500.28,449.83,诉求偏高
188.52,720.56,532.04,合理诉求
41.3,215.9,174.60000000000002,合理诉求
57.82,100.03,42.21,合理诉求
19.55,124.03,104.48,合理诉求
194.64,1167.92,973.2800000000001,诉求偏高
454.23,1689.02,1234.79,合理诉求
3.15,100.02,96.86999999999999,合理诉求
62.59,172.07,109.47999999999999,合理诉求
262.03,329.33,67.30000000000001,合理诉求
42.46,136.11,93.65,合理诉求
363.09,1119.6,756.51,合理诉求
1686.21,2697.84,1011.6300000000001,合理诉求
392.64,894.48,501.84000000000003,合理诉求
66.55,208.55,142.0,合理诉求
366.21,616.85,250.64000000000004,合理诉求
736.28,2696.4,1960.1200000000001,合理诉求
1195.73,3533.23,2337.5,合理诉求
388.65,1283.74,895.09,合理诉求
386.83,618.42,231.58999999999997,合理诉求
695.25,938.43,243.17999999999995,合理诉求
427.54,1153.54,726.0,合理诉求
170.66,503.89,333.23,合理诉求
24.5,287.95,263.45,合理诉求
138.41,212.93,74.52000000000001,合理诉求
468.6,595.1,126.5,合理诉求
38.25,594.51,556.26,诉求偏高
307.08,387.08,80.0,合理诉求
1.4,100.03,98.63,合理诉求
58.0,386.67,328.67,合理诉求
124.1,653.22,529.12,合理诉求
557.55,886.16,328.61,合理诉求
154.48,243.17,88.69,合理诉求
577.69,745.36,167.66999999999996,合理诉求
169.72,895.07,725.35,诉求偏高
394.72,1454.36,1059.6399999999999,合理诉求
1065.18,4497.75,3432.5699999999997,诉求偏高
122.96,213.06,90.10000000000001,合理诉求
281.33,603.11,321.78000000000003,合理诉求
27.22,100.62,73.4,合理诉求
213.89,804.17,590.28,合理诉求
206.28,805.15,598.87,合理诉求
1115.26,3211.09,2095.83,合理诉求
278.01,524.99,246.98000000000002,合理诉求
1518.19,3839.09,2320.9,合理诉求
52.7,202.7,150.0,合理诉求
30.61,107.65,77.04,合理诉求
195.95,221.01,25.060000000000002,合理诉求
407.24,862.81,455.56999999999994,合理诉求
105.38,1338.69,1233.31,严重超额
77.55,102.89,25.340000000000003,合理诉求
150.47,203.94,53.47,合理诉求
46.92,116.39,69.47,合理诉求
588.09,2786.05,2197.96,诉求偏高
424.38,599.16,174.77999999999997,合理诉求
16.06,208.43,192.37,合理诉求
511.65,803.48,291.83000000000004,合理诉求
195.35,1314.5,1119.15,诉求偏高
82.29,299.01,216.71999999999997,合理诉求
103.78,556.69,452.9100000000001,合理诉求
439.91,806.99,367.08,合理诉求
46.47,193.87,147.4,合理诉求
110.33,256.4,146.07,合理诉求
81.9,123.8,41.89999999999999,合理诉求
777.06,1987.29,1210.23,合理诉求
646.94,848.25,201.30999999999995,合理诉求
216.09,1069.64,853.5500000000001,诉求偏高
54.63,114.48,59.85,合理诉求
443.53,2085.98,1642.45,诉求偏高
80.43,148.63,68.19999999999999,合理诉求
87.65,211.16,123.50999999999999,合理诉求
12.93,183.02,170.09,合理诉求
111.33,238.15,126.82000000000001,合理诉求
696.98,1153.21,456.23,合理诉求
179.31,748.32,569.01,合理诉求
533.46,1436.98,903.52,合理诉求
306.64,1070.3,763.66,合理诉求
379.75,717.96,338.21000000000004,合理诉求
54.57,812.14,757.5699999999999,诉求偏高
276.54,678.13,401.59,合理诉求
134.6,169.49,34.890000000000015,合理诉求
604.69,1474.9,870.21,合理诉求
34.18,300.7,266.52,合理诉求
923.18,1093.06,169.88,合理诉求
140.16,316.84,176.67999999999998,合理诉求
252.21,286.87,34.66,合理诉求
90.92,611.38,520.46,诉求偏高
55.4,155.73,100.32999999999998,合理诉求
66.03,989.44,923.4100000000001,诉求偏高
152.92,180.58,27.660000000000025,合理诉求
117.8,400.74,282.94,合理诉求
60.22,155.96,95.74000000000001,合理诉求
43.87,301.44,257.57,合理诉求
241.47,1883.73,1642.26,严重超额
95.98,250.29,154.31,合理诉求
109.74,144.67,34.92999999999999,合理诉求
141.01,374.68,233.67000000000002,合理诉求
511.0,856.71,345.71000000000004,合理诉求
157.78,373.36,215.58,合理诉求
216.86,865.07,648.21,合理诉求
55.8,524.54,468.73999999999995,诉求偏高
196.28,294.78,98.49999999999997,合理诉求
1082.57,2647.38,1564.8100000000002,合理诉求
215.84,443.36,227.52,合理诉求
788.53,1560.75,772.22,合理诉求
404.45,1159.96,755.51,合理诉求
304.7,1183.64,878.94,合理诉求
311.24,396.7,85.45999999999998,合理诉求
1213.68,1940.17,726.49,合理诉求
74.69,653.27,578.5799999999999,诉求偏高
200.09,348.41,148.32000000000002,合理诉求
67.61,282.77,215.15999999999997,合理诉求
257.58,459.12,201.54000000000002,合理诉求
1534.73,3313.72,1778.9899999999998,合理诉求
866.18,974.14,107.96000000000004,合理诉求
336.29,686.72,350.43,合理诉求
276.04,753.08,477.04,合理诉求
36.01,110.85,74.84,合理诉求
482.42,810.25,327.83,合理诉求
478.12,1254.01,775.89,合理诉求
90.9,495.99,405.09000000000003,合理诉求
234.35,509.51,275.15999999999997,合理诉求
127.68,231.93,104.25,合理诉求
120.36,392.67,272.31,合理诉求
109.58,135.19,25.61,合理诉求
27.91,264.93,237.02,合理诉求
154.9,272.76,117.85999999999999,合理诉求
276.38,413.25,136.87,合理诉求
336.96,390.96,54.0,合理诉求
86.81,198.3,111.49000000000001,合理诉求
515.22,735.76,220.53999999999996,合理诉求
908.54,1156.99,248.45000000000005,合理诉求
114.22,177.06,62.84,合理诉求
200.15,217.75,17.599999999999994,合理诉求
33.56,109.61,76.05,合理诉求
123.06,208.52,85.46000000000001,合理诉求
108.17,574.94,466.77000000000004,合理诉求
1.41,102.97,101.56,合理诉求
816.25,1586.48,770.23,合理诉求
438.62,2378.43,1939.81,诉求偏高
529.97,1778.66,1248.69,合理诉求
261.06,309.09,48.02999999999997,合理诉求
1118.99,2626.61,1507.6200000000001,合理诉求
191.63,783.79,592.16,合理诉求
424.7,2559.34,2134.6400000000003,诉求偏高
63.03,431.31,368.28,合理诉求
596.88,1541.61,944.7299999999999,合理诉求
13.2,130.21,117.01,合理诉求
78.22,145.36,67.14000000000001,合理诉求
19.26,143.23,123.96999999999998,合理诉求
466.61,618.69,152.08000000000004,合理诉求
239.13,916.23,677.1,合理诉求
156.28,383.27,226.98999999999998,合理诉求
1064.17,3499.97,2435.7999999999997,合理诉求
245.67,2256.75,2011.08,严重超额
236.77,959.65,722.88,合理诉求
117.72,305.26,187.54,合理诉求
93.79,313.49,219.7,合理诉求
67.96,233.63,165.67000000000002,合理诉求
79.47,500.53,421.05999999999995,合理诉求
603.79,2055.0,1451.21,合理诉求
273.73,1021.22,747.49,合理诉求
555.9,3008.67,2452.77,诉求偏高
229.94,255.3,25.360000000000014,合理诉求
1142.01,2399.33,1257.32,合理诉求
218.51,955.88,737.37,合理诉求
169.75,488.25,318.5,合理诉求
190.15,438.82,248.67,合理诉求
68.68,243.28,174.6,合理诉求
399.11,449.23,50.120000000000005,合理诉求
408.63,476.76,68.13,合理诉求
250.99,679.44,428.45000000000005,合理诉求
1036.87,2489.99,1453.12,合理诉求
161.2,568.54,407.34,合理诉求
898.72,1042.18,143.46000000000004,合理诉求
237.94,685.77,447.83,合理诉求
367.67,591.23,223.56,合理诉求
1066.04,2673.23,1607.19,合理诉求
160.13,560.27,400.14,合理诉求
410.26,1275.04,864.78,合理诉求
193.0,621.04,428.03999999999996,合理诉求
96.52,127.77,31.25,合理诉求
43.41,262.16,218.75000000000003,合理诉求
24.11,127.12,103.01,合理诉求
256.63,705.98,449.35,合理诉求
63.99,410.13,346.14,合理诉求
668.74,2691.39,2022.6499999999999,诉求偏高
181.88,458.41,276.53000000000003,合理诉求
46.81,664.75,617.94,诉求偏高
76.9,311.07,234.17,合理诉求
34.45,195.7,161.25,合理诉求
45.95,108.65,62.7,合理诉求
227.73,235.19,7.460000000000008,合理诉求
856.23,2150.37,1294.1399999999999,合理诉求
397.53,1251.23,853.7,合理诉求
77.41,199.54,122.13,合理诉求
16.25,105.97,89.72,合理诉求
20.41,113.34,92.93,合理诉求
642.43,969.36,326.93000000000006,合理诉求
503.42,598.51,95.08999999999997,合理诉求
29.67,106.99,77.32,合理诉求
83.77,270.24,186.47000000000003,合理诉求
322.03,886.4,564.37,合理诉求
132.54,1167.69,1035.15,诉求偏高
94.1,234.29,140.19,合理诉求
246.95,682.55,435.59999999999997,合理诉求
112.83,119.84,7.010000000000005,合理诉求
28.97,118.11,89.14,合理诉求
59.16,138.58,79.42000000000002,合理诉求
455.69,1049.62,593.9299999999998,合理诉求
73.5,236.98,163.48,合理诉求
682.7,1077.84,395.1399999999999,合理诉求
67.73,180.86,113.13000000000001,合理诉求
795.34,2167.3,1371.96,合理诉求
33.12,113.41,80.28999999999999,合理诉求
59.71,176.84,117.13,合理诉求
462.37,641.1,178.73000000000002,合理诉求
71.81,134.63,62.81999999999999,合理诉求
241.5,1041.44,799.94,合理诉求
256.18,746.14,489.96,合理诉求
68.11,253.19,185.07999999999998,合理诉求
377.89,412.51,34.620000000000005,合理诉求
103.51,544.68,441.16999999999996,合理诉求
90.26,523.4,433.14,合理诉求
348.13,1041.3,693.17,合理诉求
77.36,351.03,273.66999999999996,合理诉求
461.21,3677.72,3216.5099999999998,严重超额
187.28,240.54,53.25999999999999,合理诉求
392.12,787.81,395.68999999999994,合理诉求
458.91,1637.46,1178.55,合理诉求
910.78,1398.01,487.23,合理诉求
322.03,1485.0,1162.97,诉求偏高
24.62,229.53,204.91,合理诉求
655.28,904.06,248.77999999999997,合理诉求
220.12,943.9,723.78,合理诉求
426.27,1142.37,716.0999999999999,合理诉求
385.97,614.43,228.45999999999992,合理诉求
636.8,904.11,267.31000000000006,合理诉求
391.11,457.28,66.16999999999996,合理诉求
28.21,137.48,109.26999999999998,合理诉求
175.87,265.39,89.51999999999998,合理诉求
457.75,1621.64,1163.89,合理诉求
245.54,366.25,120.71000000000001,合理诉求
404.39,1562.86,1158.4699999999998,合理诉求
62.01,118.1,56.089999999999996,合理诉求
605.74,1688.64,1082.9,合理诉求
51.97,178.21,126.24000000000001,合理诉求
693.68,893.63,199.95000000000005,合理诉求
257.84,642.29,384.45,合理诉求
405.4,725.77,320.37,合理诉求
667.16,1500.54,833.38,合理诉求
177.66,869.62,691.96,合理诉求
123.02,278.17,155.15000000000003,合理诉求
291.28,626.39,335.11,合理诉求
1585.98,1691.1,105.11999999999989,合理诉求
166.17,450.12,283.95000000000005,合理诉求
683.62,1113.44,429.82000000000005,合理诉求
200.36,1166.23,965.87,诉求偏高
352.13,773.6,421.47,合理诉求
34.51,187.06,152.55,合理诉求
520.39,1925.79,1405.4,合理诉求
469.99,606.87,136.88,合理诉求
399.19,586.58,187.39000000000004,合理诉求
181.91,1739.72,1557.81,严重超额
118.15,270.33,152.17999999999998,合理诉求
879.94,2281.46,1401.52,合理诉求
10.76,104.35,93.58999999999999,合理诉求
360.56,748.49,387.93,合理诉求
102.31,160.51,58.19999999999999,合理诉求
674.24,2082.67,1408.43,合理诉求
1050.26,2055.77,1005.51,合理诉求
390.44,523.82,133.38000000000005,合理诉求
894.78,4602.56,3707.7800000000007,诉求偏高
207.48,754.92,547.4399999999999,合理诉求
154.21,199.84,45.629999999999995,合理诉求
709.74,925.53,215.78999999999996,合理诉求
288.84,478.37,189.53000000000003,合理诉求
47.66,443.68,396.02,诉求偏高
108.85,188.81,79.96000000000001,合理诉求
35.94,621.39,585.45,诉求偏高
401.35,1737.58,1336.23,诉求偏高
81.49,164.98,83.49,合理诉求
207.55,270.51,62.95999999999998,合理诉求
372.33,660.55,288.21999999999997,合理诉求
238.25,2137.38,1899.13,严重超额
85.76,340.15,254.39,合理诉求
40.28,308.19,267.90999999999997,合理诉求
186.55,1042.66,856.1100000000001,诉求偏高
199.25,486.49,287.24,合理诉求
98.1,156.87,58.77000000000001,合理诉求
294.21,456.03,161.82,合理诉求
285.83,565.91,280.08,合理诉求
477.01,806.66,329.65,合理诉求
14.89,117.5,102.61,合理诉求
110.92,216.43,105.51,合理诉求
155.97,184.81,28.840000000000003,合理诉求
1072.98,1088.37,15.389999999999873,合理诉求
713.02,1181.85,468.8299999999999,合理诉求
857.07,1230.15,373.08000000000004,合理诉求
188.3,929.07,740.77,诉求偏高
91.31,111.1,19.789999999999992,合理诉求
110.6,597.53,486.92999999999995,合理诉求
25.94,102.21,76.27,合理诉求
272.02,305.35,33.33000000000004,合理诉求
143.54,731.73,588.19,合理诉求
273.37,645.49,372.12,合理诉求
456.52,2028.68,1572.16,诉求偏高
73.94,347.94,274.0,合理诉求
502.96,1402.59,899.6299999999999,合理诉求
850.17,3384.99,2534.8199999999997,诉求偏高
809.47,2434.72,1625.2499999999998,合理诉求
865.43,1788.31,922.88,合理诉求
349.06,349.88,0.8199999999999932,合理诉求
8.07,135.31,127.24000000000001,合理诉求
595.65,1392.3,796.65,合理诉求
341.23,1226.32,885.0899999999999,合理诉求
307.34,342.68,35.34000000000003,合理诉求
91.7,356.64,264.94,合理诉求
365.39,611.19,245.80000000000007,合理诉求
358.73,628.91,270.17999999999995,合理诉求
190.17,385.13,194.96,合理诉求
52.53,185.54,133.01,合理诉求
116.29,902.48,786.19,诉求偏高
683.1,2406.74,1723.6399999999999,合理诉求
767.28,2559.88,1792.6000000000001,合理诉求
304.69,327.95,23.25999999999999,合理诉求
159.0,164.45,5.449999999999989,合理诉求
187.66,1659.53,1471.87,严重超额
49.7,148.45,98.74999999999999,合理诉求
114.3,162.75,48.45,合理诉求
1044.96,3176.23,2131.27,合理诉求
256.04,595.03,338.98999999999995,合理诉求
161.93,286.04,124.11000000000001,合理诉求
594.2,1647.28,1053.08,合理诉求
244.33,365.96,121.62999999999997,合理诉求
106.53,207.86,101.33000000000001,合理诉求
91.17,868.03,776.86,诉求偏高
187.2,470.12,282.92,合理诉求
927.24,1460.27,533.03,合理诉求
103.91,126.8,22.89,合理诉求
368.56,839.58,471.02000000000004,合理诉求
130.04,524.54,394.5,合理诉求
83.74,169.51,85.77,合理诉求
63.97,612.45,548.48,诉求偏高
437.11,508.93,71.82,合理诉求
118.62,162.74,44.120000000000005,合理诉求
50.23,134.11,83.88000000000002,合理诉求
312.4,1876.98,1564.58,诉求偏高
196.03,285.12,89.09,合理诉求
178.74,621.03,442.28999999999996,合理诉求
89.33,314.84,225.51,合理诉求
65.98,105.77,39.78999999999999,合理诉求
146.11,624.2,478.09000000000003,合理诉求
150.22,264.97,114.75000000000003,合理诉求
255.51,855.37,599.86,合理诉求
88.72,131.46,42.74000000000001,合理诉求
105.91,813.12,707.21,诉求偏高
181.19,726.33,545.1400000000001,合理诉求
461.95,2063.06,1601.11,诉求偏高
59.4,101.14,41.74,合理诉求
280.97,497.76,216.78999999999996,合理诉求
269.27,615.94,346.6700000000001,合理诉求
74.06,259.01,184.95,合理诉求
3.39,119.97,116.58,合理诉求
330.32,753.15,422.83,合理诉求
163.56,2332.56,2169.0,严重超额
352.21,725.62,373.41,合理诉求
44.48,111.12,66.64000000000001,合理诉求
423.98,1399.66,975.6800000000001,合理诉求
597.29,1370.28,772.99,合理诉求
247.62,569.49,321.87,合理诉求
146.04,331.09,185.04999999999998,合理诉求
154.56,558.01,403.45,合理诉求
431.57,2647.52,2215.95,诉求偏高
486.57,789.65,303.08,合理诉求
123.09,641.27,518.18,合理诉求
24.99,106.2,81.21000000000001,合理诉求
261.93,1320.01,1058.08,诉求偏高
103.5,140.2,36.69999999999999,合理诉求
86.53,101.66,15.129999999999995,合理诉求
391.82,479.37,87.55000000000001,合理诉求
301.72,1223.1,921.3799999999999,合理诉求
37.39,123.69,86.3,合理诉求
167.37,228.04,60.66999999999999,合理诉求
257.31,864.62,607.31,合理诉求
537.47,2414.12,1876.6499999999999,诉求偏高
704.06,1647.59,943.53,合理诉求
146.53,275.18,128.65,合理诉求
142.13,501.3,359.17,合理诉求
50.28,106.04,55.760000000000005,合理诉求
2.07,106.83,104.76,合理诉求
16.65,117.37,100.72,合理诉求
291.81,392.99,101.18,合理诉求
847.4,1573.88,726.4800000000001,合理诉求
130.7,204.75,74.05000000000001,合理诉求
0.74,100.04,99.30000000000001,合理诉求
5.32,128.08,122.76000000000002,合理诉求
159.43,573.76,414.33,合理诉求
465.89,476.4,10.509999999999991,合理诉求
796.59,3710.95,2914.3599999999997,诉求偏高
37.6,182.85,145.25,合理诉求
430.49,655.36,224.87,合理诉求
126.98,993.38,866.4,诉求偏高
58.63,122.09,63.46,合理诉求
225.94,278.14,52.19999999999999,合理诉求
369.83,771.11,401.28000000000003,合理诉求
323.67,540.37,216.7,合理诉求
64.05,121.79,57.74000000000001,合理诉求
31.73,264.37,232.64000000000001,合理诉求
46.15,374.87,328.72,合理诉求
45.01,173.12,128.11,合理诉求
72.98,228.96,155.98000000000002,合理诉求
402.58,416.72,14.140000000000043,合理诉求
1082.27,3042.87,1960.6,合理诉求
479.86,1622.79,1142.9299999999998,合理诉求
48.31,330.18,281.87,合理诉求
503.67,1047.03,543.3599999999999,合理诉求
157.41,158.96,1.5500000000000114,合理诉求
52.55,378.88,326.33,合理诉求
18.84,117.23,98.39,合理诉求
64.98,279.3,214.32,合理诉求
111.07,111.52,0.45000000000000284,合理诉求
19.95,552.86,532.91,诉求偏高
146.69,271.45,124.75999999999999,合理诉求
678.97,1397.13,718.1600000000001,合理诉求
83.34,129.24,45.900000000000006,合理诉求
326.83,332.83,6.0,合理诉求
358.76,1233.67,874.9100000000001,合理诉求
81.25,1075.95,994.7,诉求偏高
235.27,313.54,78.27000000000001,合理诉求
319.76,546.66,226.89999999999998,合理诉求
191.89,399.18,207.29000000000002,合理诉求
91.26,747.68,656.42,诉求偏高
95.25,407.77,312.52,合理诉求
68.86,158.67,89.80999999999999,合理诉求
192.22,304.56,112.34,合理诉求
205.52,1060.55,855.03,诉求偏高
181.85,2661.94,2480.09,严重超额
789.99,818.45,28.460000000000036,合理诉求
298.91,1161.27,862.3599999999999,合理诉求
215.78,468.4,252.61999999999998,合理诉求
53.81,200.39,146.57999999999998,合理诉求
139.08,273.24,134.16,合理诉求
112.45,1123.35,1010.8999999999999,诉求偏高
467.81,1069.32,601.51,合理诉求
146.13,391.67,245.54000000000002,合理诉求
107.92,139.77,31.85000000000001,合理诉求
99.57,516.74,417.17,合理诉求
35.15,196.08,160.93,合理诉求
91.2,101.23,10.030000000000001,合理诉求
788.69,3246.79,2458.1,诉求偏高
230.71,476.73,246.02,合理诉求
137.67,644.21,506.5400000000001,合理诉求
1144.51,4315.51,3171.0,诉求偏高
897.74,1011.9,114.15999999999997,合理诉求
76.9,195.88,118.97999999999999,合理诉求
623.25,2616.36,1993.1100000000001,诉求偏高
952.68,1813.07,860.39,合理诉求
444.5,759.54,315.03999999999996,合理诉求
403.7,1100.39,696.69,合理诉求
100.08,118.53,18.450000000000003,合理诉求
70.9,187.78,116.88,合理诉求
60.45,113.0,52.55,合理诉求
17.03,110.25,93.22,合理诉求
512.28,1275.44,763.1600000000001,合理诉求
574.92,1302.64,727.7200000000001,合理诉求
67.56,840.65,773.0899999999999,诉求偏高
29.41,156.26,126.85,合理诉求
103.5,121.05,17.549999999999997,合理诉求
413.68,2354.28,1940.6000000000001,诉求偏高
242.91,474.87,231.96,合理诉求
355.08,2208.06,1852.98,诉求偏高
790.61,1774.01,983.4,合理诉求
229.58,273.49,43.91,合理诉求
697.47,2976.1,2278.63,诉求偏高
470.77,765.35,294.58000000000004,合理诉求
885.94,3788.37,2902.43,诉求偏高
423.46,1363.17,939.71,合理诉求
216.42,256.7,40.28,合理诉求
555.03,962.61,407.58000000000004,合理诉求
2.46,102.32,99.86,合理诉求
412.92,607.9,194.97999999999996,合理诉求
502.52,1370.19,867.6700000000001,合理诉求
166.55,763.78,597.23,合理诉求
175.06,382.21,207.14999999999998,合理诉求
106.61,194.92,88.30999999999999,合理诉求
68.19,572.77,504.58,诉求偏高
6.45,255.03,248.58,合理诉求
775.25,1393.92,618.6700000000001,合理诉求
283.67,2486.88,2203.21,严重超额
93.28,559.04,465.76,合理诉求
82.63,813.49,730.86,诉求偏高
373.63,494.75,121.12,合理诉求
595.24,1222.8,627.56,合理诉求
93.92,124.22,30.299999999999997,合理诉求
196.07,515.3,319.22999999999996,合理诉求
107.28,115.56,8.280000000000001,合理诉求
173.49,280.87,107.38,合理诉求
45.4,406.04,360.64000000000004,合理诉求
64.57,226.51,161.94,合理诉求
350.88,638.14,287.26,合理诉求
346.24,1092.99,746.75,合理诉求
195.23,342.34,147.10999999999999,合理诉求
37.35,607.69,570.34,诉求偏高
92.19,198.8,106.61000000000001,合理诉求
129.8,865.69,735.8900000000001,诉求偏高
115.05,146.07,31.019999999999996,合理诉求
434.79,1156.31,721.52,合理诉求
5.15,100.06,94.91,合理诉求
376.52,956.52,580.0,合理诉求
196.9,575.77,378.87,合理诉求
441.03,1575.06,1134.03,合理诉求
312.09,390.27,78.18,合理诉求
462.11,747.44,285.33000000000004,合理诉求
165.65,278.43,112.78,合理诉求
18.89,108.2,89.31,合理诉求
1323.75,1967.88,644.1300000000001,合理诉求
121.84,950.05,828.2099999999999,诉求偏高
109.53,119.51,9.980000000000004,合理诉求
109.87,1127.64,1017.7700000000001,诉求偏高
300.97,1241.6,940.6299999999999,合理诉求
221.51,307.23,85.72000000000003,合理诉求
403.14,1375.3,972.16,合理诉求
408.45,494.36,85.91000000000003,合理诉求
94.28,121.49,27.209999999999994,合理诉求
39.36,255.59,216.23000000000002,合理诉求
5.41,100.43,95.02000000000001,合理诉求
278.32,1224.33,946.01,合理诉求
172.73,620.99,448.26,合理诉求
111.43,1035.61,924.1799999999998,诉求偏高
756.8,1863.09,1106.29,合理诉求
404.83,496.77,91.94,合理诉求
190.06,402.09,212.02999999999997,合理诉求
102.15,247.89,145.73999999999998,合理诉求
863.25,1388.45,525.2,合理诉求
179.68,305.65,125.96999999999997,合理诉求
489.79,2087.12,1597.33,诉求偏高
222.18,863.99,641.81,合理诉求
257.62,512.98,255.36,合理诉求
2.07,103.2,101.13000000000001,合理诉求
94.9,472.45,377.54999999999995,合理诉求
372.22,448.2,75.97999999999996,合理诉求
275.09,780.24,505.15000000000003,合理诉求
23.81,103.22,79.41,合理诉求
1719.54,2934.47,1214.9299999999998,合理诉求
148.33,283.05,134.72,合理诉求
38.54,257.16,218.62000000000003,合理诉求
51.65,100.4,48.75000000000001,合理诉求
175.64,175.87,0.2300000000000182,合理诉求
672.69,851.16,178.4699999999999,合理诉求
115.83,1121.51,1005.68,诉求偏高
344.91,874.27,529.3599999999999,合理诉求
271.59,1114.98,843.3900000000001,合理诉求
236.63,1009.38,772.75,合理诉求
442.06,1178.34,736.28,合理诉求
117.78,977.47,859.69,诉求偏高
74.6,134.09,59.49000000000001,合理诉求
194.66,203.71,9.050000000000011,合理诉求
246.15,1524.91,1278.76,诉求偏高
323.25,624.44,301.19000000000005,合理诉求
152.98,777.45,624.47,合理诉求
391.58,435.03,43.44999999999999,合理诉求
83.31,104.43,21.120000000000005,合理诉求
139.29,619.58,480.2900000000001,合理诉求
782.15,1576.83,794.68,合理诉求
59.23,264.98,205.75000000000003,合理诉求
73.43,430.7,357.27,合理诉求
93.87,103.86,9.989999999999995,合理诉求
355.87,558.4,202.52999999999997,合理诉求
231.33,615.49,384.15999999999997,合理诉求
1.11,101.71,100.6,合理诉求
82.39,477.44,395.05,合理诉求
1196.14,4956.86,3760.7199999999993,诉求偏高
47.13,522.08,474.95000000000005,诉求偏高
224.98,610.92,385.93999999999994,合理诉求
98.07,192.45,94.38,合理诉求
544.12,1544.11,999.9899999999999,合理诉求
582.04,1811.69,1229.65,合理诉求
191.86,467.33,275.46999999999997,合理诉求
28.31,102.72,74.41,合理诉求
73.85,422.29,348.44000000000005,合理诉求
353.77,387.42,33.650000000000034,合理诉求
78.39,109.76,31.370000000000005,合理诉求
527.39,596.93,69.53999999999996,合理诉求
3.61,100.69,97.08,合理诉求
434.59,1144.77,710.1800000000001,合理诉求
281.48,1898.71,1617.23,诉求偏高
41.85,457.82,415.96999999999997,诉求偏高
78.91,624.58,545.6700000000001,诉求偏高
220.38,921.56,701.18,合理诉求
702.65,1072.22,369.57000000000005,合理诉求
234.71,768.59,533.88,合理诉求
13.99,100.61,86.62,合理诉求
14.28,133.08,118.80000000000001,合理诉求
229.96,316.29,86.33000000000001,合理诉求
523.07,1682.28,1159.21,合理诉求
128.91,168.94,40.03,合理诉求
82.27,100.29,18.02000000000001,合理诉求
271.14,425.65,154.51,合理诉求
109.35,240.37,131.02,合理诉求
221.96,451.18,229.22,合理诉求
134.54,457.35,322.81000000000006,合理诉求
293.54,1197.38,903.8400000000001,合理诉求
27.43,613.1,585.6700000000001,诉求偏高
126.86,222.79,95.92999999999999,合理诉求
324.13,483.42,159.29000000000002,合理诉求
186.43,621.83,435.40000000000003,合理诉求
849.91,933.52,83.61000000000001,合理诉求
356.3,1693.7,1337.4,诉求偏高
402.75,1602.16,1199.41,合理诉求
106.56,161.79,55.22999999999999,合理诉求
346.58,567.2,220.62000000000006,合理诉求
338.54,2457.67,2119.13,严重超额
83.28,106.48,23.200000000000003,合理诉求
284.96,1184.75,899.79,合理诉求
145.22,384.45,239.23,合理诉求
61.87,239.1,177.23,合理诉求
371.0,624.89,253.89,合理诉求
1309.64,2380.0,1070.36,合理诉求
210.78,330.33,119.54999999999998,合理诉求
294.37,2139.86,1845.4900000000002,严重超额
43.82,106.0,62.18,合理诉求
28.44,106.31,77.87,合理诉求
466.07,929.48,463.41,合理诉求
202.49,545.42,342.92999999999995,合理诉求
183.0,722.25,539.25,合理诉求
241.25,815.15,573.9,合理诉求
108.76,147.16,38.39999999999999,合理诉求
64.38,105.27,40.89,合理诉求
379.13,2105.9,1726.77,诉求偏高
44.23,182.2,137.97,合理诉求
790.75,2001.91,1211.16,合理诉求
84.91,118.94,34.03,合理诉求
42.02,263.06,221.04,合理诉求
79.2,178.38,99.17999999999999,合理诉求
221.4,1835.3,1613.8999999999999,严重超额
54.56,369.29,314.73,合理诉求
52.66,182.96,130.3,合理诉求
101.67,168.32,66.64999999999999,合理诉求
118.95,238.88,119.92999999999999,合理诉求
258.3,351.0,92.69999999999999,合理诉求
207.15,342.5,135.35,合理诉求
249.29,666.19,416.9000000000001,合理诉求
39.55,122.53,82.98,合理诉求
158.54,367.34,208.79999999999998,合理诉求
202.16,1460.51,1258.35,诉求偏高
251.84,593.5,341.65999999999997,合理诉求
462.27,677.65,215.38,合理诉求
175.29,1078.44,903.1500000000001,诉求偏高
380.06,415.68,35.620000000000005,合理诉求
294.51,905.99,611.48,合理诉求
39.83,117.94,78.11,合理诉求
129.07,170.76,41.69,合理诉求
50.99,345.68,294.69,合理诉求
114.92,122.12,7.200000000000003,合理诉求
833.72,969.02,135.29999999999995,合理诉求
69.42,201.69,132.26999999999998,合理诉求
490.54,492.16,1.6200000000000045,合理诉求
46.22,314.77,268.54999999999995,合理诉求
77.49,454.25,376.76,合理诉求
835.85,2401.31,1565.46,合理诉求
262.98,1501.87,1238.8899999999999,诉求偏高
102.88,231.76,128.88,合理诉求
266.41,436.29,169.88,合理诉求
35.88,326.73,290.85,合理诉求
17.12,103.39,86.27,合理诉求
102.62,163.01,60.389999999999986,合理诉求
622.99,1257.48,634.49,合理诉求
279.46,495.44,215.98000000000002,合理诉求
98.39,287.15,188.76,合理诉求
447.47,646.94,199.47000000000003,合理诉求
227.78,262.68,34.900000000000006,合理诉求
359.0,1068.7,709.7,合理诉求
243.85,485.15,241.29999999999998,合理诉求
614.04,1071.05,457.01,合理诉求
80.28,212.34,132.06,合理诉求
246.44,1158.76,912.3199999999999,诉求偏高
62.67,822.58,759.9100000000001,诉求偏高
247.61,1053.26,805.65,合理诉求
71.25,244.53,173.28,合理诉求
134.28,185.78,51.5,合理诉求
186.91,384.94,198.03,合理诉求
582.54,795.42,212.88,合理诉求
29.79,116.87,87.08000000000001,合理诉求
323.19,629.89,306.7,合理诉求
212.96,1235.1,1022.1399999999999,诉求偏高
771.88,3512.42,2740.54,诉求偏高
499.86,710.78,210.91999999999996,合理诉求
130.95,373.57,242.62,合理诉求
532.35,1265.16,732.8100000000001,合理诉求
232.97,1563.75,1330.78,诉求偏高
796.35,1012.36,216.01,合理诉求
57.75,197.7,139.95,合理诉求
99.14,751.7,652.5600000000001,诉求偏高
17.78,106.16,88.38,合理诉求
283.1,1674.97,1391.87,诉求偏高
474.76,998.29,523.53,合理诉求
216.75,457.76,241.01,合理诉求
68.67,317.6,248.93,合理诉求
833.08,2335.39,1502.31,合理诉求
531.39,1197.59,666.1999999999999,合理诉求
26.67,104.47,77.8,合理诉求
172.65,444.3,271.65,合理诉求
402.79,445.02,42.22999999999996,合理诉求
46.26,147.02,100.76000000000002,合理诉求
184.48,379.05,194.57000000000002,合理诉求
244.54,293.34,48.79999999999998,合理诉求
29.38,107.78,78.4,合理诉求
134.35,372.61,238.26000000000002,合理诉求
225.68,642.46,416.78000000000003,合理诉求
809.79,3687.24,2877.45,诉求偏高
141.72,209.86,68.14000000000001,合理诉求
268.93,682.29,413.35999999999996,合理诉求
118.26,673.72,555.46,合理诉求
671.65,1938.43,1266.7800000000002,合理诉求
156.96,471.98,315.02,合理诉求
167.39,416.64,249.25,合理诉求
676.04,1003.66,327.62,合理诉求
47.96,265.41,217.45000000000002,合理诉求
376.24,1950.21,1573.97,诉求偏高
673.0,2302.17,1629.17,合理诉求
238.52,2057.75,1819.23,严重超额
446.93,656.24,209.31,合理诉求
620.47,678.34,57.870000000000005,合理诉求
518.58,2862.83,2344.25,诉求偏高
389.16,605.14,215.97999999999996,合理诉求
826.51,3911.12,3084.6099999999997,诉求偏高
408.14,1302.22,894.08,合理诉求
471.41,944.83,473.42,合理诉求
27.43,613.1,585.6700000000001,诉求偏高
248.43,607.24,358.81,合理诉求
120.28,231.97,111.69,合理诉求
14.88,103.16,88.28,合理诉求
63.52,163.86,100.34,合理诉求
611.16,1227.28,616.12,合理诉求
310.03,416.75,106.72000000000003,合理诉求
71.89,664.7,592.8100000000001,诉求偏高
158.15,622.03,463.88,合理诉求
871.87,3885.05,3013.1800000000003,诉求偏高
364.27,639.87,275.6,合理诉求
55.95,100.48,44.53,合理诉求
75.05,146.47,71.42,合理诉求
134.07,617.01,482.94,合理诉求
82.7,424.84,342.14,合理诉求
36.88,485.76,448.88,诉求偏高
512.53,815.65,303.12,合理诉求
54.11,206.05,151.94,合理诉求
461.78,601.96,140.18000000000006,合理诉求
466.95,839.32,372.37000000000006,合理诉求
362.21,1846.16,1483.95,诉求偏高
61.88,480.1,418.22,合理诉求
116.66,117.42,0.7600000000000051,合理诉求
192.16,328.58,136.42,合理诉求
446.89,561.61,114.72000000000003,合理诉求
381.06,2545.78,2164.7200000000003,严重超额
452.81,1192.1,739.29,合理诉求
116.17,519.49,403.32,合理诉求
483.5,563.67,80.16999999999996,合理诉求
598.89,2761.66,2162.77,诉求偏高
253.43,1144.2,890.77,合理诉求
630.9,765.92,135.01999999999998,合理诉求
27.07,122.35,95.28,合理诉求
28.49,134.2,105.71,合理诉求
319.49,1652.54,1333.05,诉求偏高
617.59,1936.19,1318.6,合理诉求
163.41,522.43,359.02,合理诉求
249.29,689.64,440.35,合理诉求
43.18,109.67,66.49000000000001,合理诉求
84.39,179.72,95.33,合理诉求
21.08,108.08,87.0,合理诉求
192.75,700.48,507.73,合理诉求
350.85,620.66,269.80999999999995,合理诉求
349.5,837.39,487.89,合理诉求
42.94,364.05,321.11,合理诉求
119.84,363.38,243.54,合理诉求
299.31,445.39,146.07999999999998,合理诉求
423.29,1406.9,983.6100000000001,合理诉求
932.0,1588.52,656.52,合理诉求
333.75,1105.18,771.4300000000001,合理诉求
195.09,589.84,394.75,合理诉求
57.25,182.56,125.31,合理诉求
135.68,717.39,581.71,合理诉求
43.85,147.73,103.88,合理诉求
565.68,1197.04,631.36,合理诉求
70.99,118.5,47.510000000000005,合理诉求
328.07,2315.8,1987.7300000000002,严重超额
150.36,490.56,340.2,合理诉求
260.64,399.62,138.98000000000002,合理诉求
130.54,320.47,189.93000000000004,合理诉求
148.35,813.55,665.1999999999999,诉求偏高
321.92,1044.94,723.02,合理诉求
219.88,1442.99,1223.1100000000001,诉求偏高
438.54,2213.6,1775.06,诉求偏高
1667.05,2752.57,1085.5200000000002,合理诉求
105.16,408.56,303.4,合理诉求
1259.25,5498.77,4239.52,诉求偏高
734.76,1190.12,455.3599999999999,合理诉求
295.48,375.46,79.97999999999996,合理诉求
10.78,168.26,157.48,合理诉求
331.0,2008.94,1677.94,诉求偏高
927.51,1346.09,418.5799999999999,合理诉求
23.02,116.68,93.66000000000001,合理诉求
184.77,501.12,316.35,合理诉求
419.46,816.92,397.46,合理诉求
158.85,215.12,56.27000000000001,合理诉求
117.27,479.76,362.49,合理诉求
555.01,3272.1,2717.09,严重超额
112.13,272.94,160.81,合理诉求
65.05,121.52,56.47,合理诉求
337.19,871.89,534.7,合理诉求
177.23,374.59,197.35999999999999,合理诉求
139.69,717.54,577.8499999999999,合理诉求
114.33,143.81,29.480000000000004,合理诉求
25.52,143.36,117.84000000000002,合理诉求
70.75,100.69,29.939999999999998,合理诉求
217.33,865.28,647.9499999999999,合理诉求
986.49,2221.18,1234.6899999999998,合理诉求
647.95,932.38,284.42999999999995,合理诉求
661.77,2117.59,1455.8200000000002,合理诉求
935.21,4832.19,3896.9799999999996,诉求偏高
141.48,149.69,8.210000000000008,合理诉求
461.27,2814.57,2353.3,诉求偏高
383.0,1078.23,695.23,合理诉求
244.6,606.62,362.02,合理诉求
48.16,590.11,541.95,诉求偏高
469.76,1551.56,1081.8,合理诉求
193.97,309.16,115.19000000000003,合理诉求
865.16,1816.35,951.1899999999999,合理诉求
169.03,745.87,576.84,合理诉求
18.24,110.87,92.63000000000001,合理诉求
280.95,436.13,155.18,合理诉求
271.46,628.29,356.83,合理诉求
606.17,807.94,201.7700000000001,合理诉求
375.07,845.45,470.38000000000005,合理诉求
838.08,2220.4,1382.3200000000002,合理诉求
32.34,159.07,126.72999999999999,合理诉求
880.06,1107.37,227.30999999999995,合理诉求
59.0,528.47,469.47,诉求偏高
134.22,141.22,7.0,合理诉求
15.96,473.77,457.81,诉求偏高
46.24,152.79,106.54999999999998,合理诉求
523.99,823.87,299.88,合理诉求
374.48,2089.33,1714.85,诉求偏高
479.67,1704.24,1224.57,合理诉求
1069.27,3470.64,2401.37,合理诉求
347.94,1008.73,660.79,合理诉求
142.23,211.88,69.65,合理诉求
709.8,901.78,191.98000000000002,合理诉求
1132.38,1835.83,703.4499999999998,合理诉求
421.2,445.78,24.579999999999984,合理诉求
15.4,108.74,93.33999999999999,合理诉求
167.46,850.1,682.64,诉求偏高
376.31,491.05,114.74000000000001,合理诉求
578.57,1703.42,1124.85,合理诉求
503.96,661.17,157.20999999999998,合理诉求
318.03,776.9,458.87,合理诉求
158.67,197.36,38.690000000000026,合理诉求
3.37,101.53,98.16,合理诉求
559.45,1008.1,448.65,合理诉求
238.28,866.04,627.76,合理诉求
148.48,1035.75,887.27,诉求偏高
601.62,662.88,61.25999999999999,合理诉求
80.45,184.18,103.73,合理诉求
429.94,1266.24,836.3,合理诉求
547.27,1155.19,607.9200000000001,合理诉求
465.2,649.89,184.69,合理诉求
958.12,1296.4,338.2800000000001,合理诉求
167.84,298.98,131.14000000000001,合理诉求
48.8,911.78,862.98,诉求偏高
75.51,214.45,138.94,合理诉求
1134.7,1328.14,193.44000000000005,合理诉求
455.96,1356.11,900.1499999999999,合理诉求
217.18,259.15,41.96999999999997,合理诉求
15.83,101.83,86.0,合理诉求
723.55,2370.21,1646.66,合理诉求
668.91,1014.0,345.09000000000003,合理诉求
749.01,854.35,105.34000000000003,合理诉求
93.08,250.45,157.37,合理诉求
37.35,146.16,108.81,合理诉求
87.88,232.23,144.35,合理诉求
82.37,151.9,69.53,合理诉求
266.28,1001.27,734.99,合理诉求
344.18,1028.68,684.5,合理诉求
302.95,368.83,65.88,合理诉求
168.54,249.03,80.49000000000001,合理诉求
82.25,1747.14,1664.89,严重超额
792.98,840.15,47.16999999999996,合理诉求
4.72,108.28,103.56,合理诉求
202.78,1127.78,925.0,诉求偏高
217.38,358.48,141.10000000000002,合理诉求
147.41,324.58,177.17,合理诉求
1262.31,1618.22,355.9100000000001,合理诉求
275.14,749.17,474.03,合理诉求
295.46,628.88,333.42,合理诉求
1585.77,2695.46,1109.69,合理诉求
232.16,266.5,34.34,合理诉求
62.8,100.56,37.760000000000005,合理诉求
421.8,1166.24,744.44,合理诉求
203.88,421.12,217.24,合理诉求
93.8,174.23,80.42999999999999,合理诉求
260.0,352.66,92.66000000000003,合理诉求
55.62,105.31,49.690000000000005,合理诉求
174.43,214.55,40.120000000000005,合理诉求
147.32,489.54,342.22,合理诉求
160.92,236.07,75.15,合理诉求
395.97,1066.88,670.9100000000001,合理诉求
13.53,255.19,241.66,合理诉求
35.09,356.63,321.53999999999996,合理诉求
9.32,100.04,90.72,合理诉求
855.14,1948.4,1093.2600000000002,合理诉求
663.94,1004.37,340.42999999999995,合理诉求
728.45,1627.46,899.01,合理诉求
400.27,1687.47,1287.2,诉求偏高
308.51,389.31,80.80000000000001,合理诉求
240.21,281.17,40.96000000000001,合理诉求
785.39,2131.96,1346.5700000000002,合理诉求
247.91,916.68,668.77,合理诉求
70.38,105.5,35.120000000000005,合理诉求
608.98,2371.37,1762.3899999999999,合理诉求
276.75,865.51,588.76,合理诉求
5.72,100.77,95.05,合理诉求
111.13,804.89,693.76,诉求偏高
230.07,326.55,96.48000000000002,合理诉求
210.59,1430.68,1220.0900000000001,诉求偏高
705.14,1506.01,800.87,合理诉求
107.95,366.77,258.82,合理诉求
671.96,1117.5,445.53999999999996,合理诉求
89.31,303.49,214.18,合理诉求
240.12,245.42,5.299999999999983,合理诉求
311.16,1277.53,966.3699999999999,合理诉求
167.58,1209.06,1041.48,诉求偏高
25.39,227.71,202.32,合理诉求
82.33,119.51,37.18000000000001,合理诉求
268.98,412.82,143.83999999999997,合理诉求
148.97,834.47,685.5,诉求偏高
326.7,2100.28,1773.5800000000002,诉求偏高
812.55,2295.67,1483.1200000000001,合理诉求
109.32,415.06,305.74,合理诉求
105.55,187.59,82.04,合理诉求
203.38,962.6,759.22,合理诉求
293.13,444.69,151.56,合理诉求
21.04,134.08,113.04000000000002,合理诉求
212.89,411.31,198.42000000000002,合理诉求
271.37,276.97,5.600000000000023,合理诉求
56.29,233.26,176.97,合理诉求
756.23,921.3,165.06999999999994,合理诉求
920.83,2025.0,1104.17,合理诉求
112.29,221.68,109.39,合理诉求
338.98,736.31,397.3299999999999,合理诉求
563.88,1944.41,1380.5300000000002,合理诉求
358.09,676.58,318.49000000000007,合理诉求
426.18,616.63,190.45,合理诉求
75.9,279.37,203.47,合理诉求
32.4,329.83,297.43,合理诉求
303.58,627.29,323.71,合理诉求
40.23,624.82,584.59,诉求偏高
125.08,148.28,23.200000000000003,合理诉求
212.29,516.79,304.5,合理诉求
72.32,324.91,252.59000000000003,合理诉求
976.92,2604.71,1627.79,合理诉求
198.65,1316.54,1117.8899999999999,诉求偏高
395.08,933.72,538.6400000000001,合理诉求
20.73,124.24,103.50999999999999,合理诉求
160.63,331.41,170.78000000000003,合理诉求
233.2,339.36,106.16000000000003,合理诉求
180.56,817.69,637.1300000000001,合理诉求
74.01,145.05,71.04,合理诉求
714.82,1814.9,1100.08,合理诉求
412.48,454.61,42.129999999999995,合理诉求
459.91,986.69,526.78,合理诉求
670.88,2345.08,1674.1999999999998,合理诉求
550.13,3778.86,3228.73,严重超额
102.38,524.67,422.28999999999996,合理诉求
430.97,746.08,315.11,合理诉求
51.46,512.29,460.83,诉求偏高
20.17,164.03,143.86,合理诉求
881.87,2703.35,1821.48,合理诉求
108.07,480.48,372.41,合理诉求
236.67,794.96,558.2900000000001,合理诉求
128.36,156.1,27.73999999999998,合理诉求
145.33,1059.37,914.0399999999998,诉求偏高
461.81,524.08,62.27000000000004,合理诉求
673.91,1218.55,544.64,合理诉求
331.86,487.95,156.08999999999997,合理诉求
339.44,399.83,60.389999999999986,合理诉求
25.74,197.96,172.22,合理诉求
265.55,599.17,333.61999999999995,合理诉求
975.26,4117.48,3142.2199999999993,诉求偏高
231.04,254.48,23.439999999999998,合理诉求
371.14,729.28,358.14,合理诉求
150.39,264.39,114.0,合理诉求
955.94,3616.46,2660.52,诉求偏高
445.55,1700.8,1255.25,合理诉求
709.32,1791.57,1082.25,合理诉求
409.99,2109.12,1699.1299999999999,诉求偏高
79.9,812.27,732.37,诉求偏高
53.14,101.19,48.05,合理诉求
36.76,252.79,216.03,合理诉求
1009.7,1445.54,435.8399999999999,合理诉求
96.86,257.28,160.41999999999996,合理诉求
265.47,406.2,140.72999999999996,合理诉求
28.66,117.43,88.77000000000001,合理诉求
155.11,1119.44,964.33,诉求偏高
54.67,107.78,53.11,合理诉求
2.07,100.04,97.97000000000001,合理诉求
114.5,484.13,369.63,合理诉求
921.41,974.68,53.26999999999998,合理诉求
4.94,100.82,95.88,合理诉求
65.84,110.93,45.09,合理诉求
130.22,458.47,328.25,合理诉求
270.57,736.73,466.16,合理诉求
104.3,399.55,295.25,合理诉求
357.76,1138.46,780.7,合理诉求
267.31,348.38,81.07,合理诉求
334.62,590.81,256.18999999999994,合理诉求
462.12,817.32,355.20000000000005,合理诉求
32.65,153.8,121.15,合理诉求
247.49,778.91,531.42,合理诉求
120.65,334.19,213.54,合理诉求
143.29,169.24,25.950000000000017,合理诉求
166.42,687.12,520.7,合理诉求
297.88,1282.85,984.9699999999999,合理诉求
435.72,685.95,250.23000000000002,合理诉求
146.87,463.53,316.65999999999997,合理诉求
142.64,204.39,61.75,合理诉求
14.14,531.26,517.12,诉求偏高
343.76,2319.82,1976.0600000000002,严重超额
476.42,598.29,121.86999999999995,合理诉求
392.07,705.68,313.60999999999996,合理诉求
184.6,498.73,314.13,合理诉求
324.32,461.48,137.16000000000003,合理诉求
133.74,793.83,660.09,诉求偏高
82.56,122.03,39.47,合理诉求
611.09,989.78,378.68999999999994,合理诉求
157.48,614.08,456.6,合理诉求
424.57,940.53,515.96,合理诉求
316.61,1550.81,1234.1999999999998,诉求偏高
204.96,470.23,265.27,合理诉求
193.74,1755.36,1561.62,严重超额
44.44,216.67,172.23,合理诉求
676.63,1433.7,757.07,合理诉求
418.72,439.82,21.099999999999966,合理诉求
27.23,100.02,72.78999999999999,合理诉求
337.0,504.99,167.99,合理诉求
45.61,294.33,248.71999999999997,合理诉求
525.67,1853.98,1328.31,合理诉求
98.4,1055.6,957.1999999999999,诉求偏高
155.07,320.34,165.26999999999998,合理诉求
235.35,1614.58,1379.23,诉求偏高
448.21,773.24,325.03000000000003,合理诉求
198.06,703.43,505.36999999999995,合理诉求
555.11,1115.16,560.0500000000001,合理诉求
139.86,879.53,739.67,诉求偏高
113.05,143.07,30.019999999999996,合理诉求
51.78,850.55,798.77,诉求偏高
304.55,375.65,71.09999999999997,合理诉求
123.77,198.41,74.64,合理诉求
167.39,361.94,194.55,合理诉求
325.6,675.61,350.01,合理诉求
401.35,744.87,343.52,合理诉求
8.69,111.12,102.43,合理诉求
356.41,386.94,30.529999999999973,合理诉求
668.6,688.36,19.75999999999999,合理诉求
332.36,1263.68,931.32,合理诉求
62.7,196.03,133.32999999999998,合理诉求
178.35,457.65,279.29999999999995,合理诉求
208.54,767.89,559.35,合理诉求
15.83,130.64,114.80999999999999,合理诉求
28.19,120.97,92.78,合理诉求
345.01,1869.06,1524.05,诉求偏高
554.4,2926.77,2372.37,诉求偏高
257.5,2273.25,2015.75,严重超额
124.61,850.09,725.48,诉求偏高
185.92,1029.55,843.63,诉求偏高
10.29,216.31,206.02,合理诉求
65.46,351.53,286.07,合理诉求
303.46,1178.14,874.6800000000001,合理诉求
508.66,930.53,421.86999999999995,合理诉求
21.86,161.21,139.35000000000002,合理诉求
748.5,2275.15,1526.65,合理诉求
16.76,131.68,114.92,合理诉求
368.91,872.07,503.16,合理诉求
143.97,246.03,102.06,合理诉求
744.17,1647.1,902.93,合理诉求
110.1,452.96,342.86,合理诉求
507.57,592.7,85.13000000000005,合理诉求
135.0,631.03,496.03,合理诉求
83.23,107.74,24.50999999999999,合理诉求
60.18,519.63,459.45,诉求偏高
276.8,651.83,375.03000000000003,合理诉求
274.37,496.29,221.92000000000002,合理诉求
59.16,144.68,85.52000000000001,合理诉求
18.92,113.15,94.23,合理诉求
93.55,171.33,77.78000000000002,合理诉求
27.25,126.52,99.27,合理诉求
149.79,282.77,132.98,合理诉求
277.78,299.52,21.74000000000001,合理诉求
291.55,554.67,263.11999999999995,合理诉求
956.98,1712.11,755.1299999999999,合理诉求
5.76,124.73,118.97,合理诉求
305.52,1013.78,708.26,合理诉求
357.23,678.29,321.05999999999995,合理诉求
303.59,401.76,98.17000000000002,合理诉求
443.43,1364.5,921.0699999999999,合理诉求
136.59,1107.82,971.2299999999999,诉求偏高
508.65,872.29,363.64,合理诉求
95.42,236.87,141.45,合理诉求
259.92,485.63,225.70999999999998,合理诉求
39.74,101.39,61.65,合理诉求
163.23,221.55,58.32000000000002,合理诉求
592.21,2137.21,1545.0,合理诉求
76.15,389.5,313.35,合理诉求
137.22,150.54,13.319999999999993,合理诉求
121.94,734.76,612.8199999999999,诉求偏高
1222.0,4987.44,3765.4399999999996,诉求偏高
100.43,420.95,320.52,合理诉求
87.96,161.37,73.41000000000001,合理诉求
643.81,1151.0,507.19000000000005,合理诉求
337.02,599.16,262.14,合理诉求
107.28,255.18,147.9,合理诉求
15.19,630.93,615.7399999999999,诉求偏高
95.43,534.56,439.12999999999994,合理诉求
54.52,104.2,49.68,合理诉求
87.52,106.71,19.189999999999998,合理诉求
248.3,1190.48,942.1800000000001,诉求偏高
106.22,513.4,407.17999999999995,合理诉求
106.19,448.83,342.64,合理诉求
238.65,493.1,254.45000000000002,合理诉求
63.83,219.32,155.49,合理诉求
271.73,2572.81,2301.08,严重超额
935.19,1340.83,405.6399999999999,合理诉求
140.33,143.2,2.869999999999976,合理诉求
591.91,1074.6,482.68999999999994,合理诉求
24.89,106.53,81.64,合理诉求
538.69,1078.07,539.3799999999999,合理诉求
99.66,325.75,226.09,合理诉求
89.51,255.82,166.31,合理诉求
98.88,423.55,324.67,合理诉求
91.7,286.27,194.57,合理诉求
217.78,405.44,187.66,合理诉求
115.9,652.99,537.09,合理诉求
119.87,857.5,737.63,诉求偏高
38.85,145.42,106.57,合理诉求
198.06,545.4,347.34,合理诉求
204.07,299.48,95.41000000000003,合理诉求
136.2,217.53,81.33000000000001,合理诉求
150.73,178.93,28.200000000000017,合理诉求
1315.62,2820.76,1505.1400000000003,合理诉求
339.54,603.54,263.99999999999994,合理诉求
409.79,1979.62,1569.83,诉求偏高
931.1,2846.73,1915.63,合理诉求
453.5,1710.45,1256.95,合理诉求
302.96,1008.21,705.25,合理诉求
130.59,159.44,28.849999999999994,合理诉求
81.32,117.65,36.33000000000001,合理诉求
91.32,367.71,276.39,合理诉求
935.65,1354.01,418.36,合理诉求
52.69,359.25,306.56,合理诉求
129.49,290.71,161.21999999999997,合理诉求
281.35,944.3,662.9499999999999,合理诉求
104.22,432.98,328.76,合理诉求
74.56,105.22,30.659999999999997,合理诉求
178.23,261.33,83.1,合理诉求
68.38,305.38,237.0,合理诉求
550.92,1089.34,538.42,合理诉求
198.82,530.47,331.65000000000003,合理诉求
192.68,1171.58,978.8999999999999,诉求偏高
247.16,538.9,291.74,合理诉求
76.36,321.36,245.0,合理诉求
214.95,1123.29,908.3399999999999,诉求偏高
107.95,592.76,484.81,合理诉求
101.33,649.79,548.4599999999999,诉求偏高
361.21,887.15,525.94,合理诉求
178.91,691.19,512.2800000000001,合理诉求
49.58,707.41,657.8299999999999,诉求偏高
195.82,510.57,314.75,合理诉求
294.73,383.71,88.97999999999996,合理诉求
9.39,134.49,125.10000000000001,合理诉求
45.69,201.59,155.9,合理诉求
35.14,100.49,65.35,合理诉求
1341.47,2502.89,1161.4199999999998,合理诉求
37.64,601.92,564.28,诉求偏高
142.06,149.97,7.909999999999997,合理诉求
190.82,589.13,398.31,合理诉求
131.4,287.43,156.03,合理诉求
157.85,507.7,349.85,合理诉求
304.61,569.31,264.69999999999993,合理诉求
41.57,191.28,149.71,合理诉求
307.44,358.99,51.55000000000001,合理诉求
115.46,252.86,137.40000000000003,合理诉求
296.08,352.16,56.08000000000004,合理诉求
244.38,705.49,461.11,合理诉求
168.83,684.53,515.6999999999999,合理诉求
99.61,113.75,14.14,合理诉求
120.0,375.99,255.99,合理诉求
468.88,1383.46,914.58,合理诉求
532.65,2930.33,2397.68,诉求偏高
181.86,863.18,681.3199999999999,合理诉求
152.37,2132.38,1980.0100000000002,严重超额
244.6,612.49,367.89,合理诉求
678.9,3542.0,2863.1,诉求偏高
1067.64,2306.19,1238.55,合理诉求
185.43,194.65,9.219999999999999,合理诉求
634.96,1757.52,1122.56,合理诉求
738.02,1127.97,389.95000000000005,合理诉求
339.57,961.02,621.45,合理诉求
68.53,412.39,343.86,合理诉求
13.06,184.56,171.5,合理诉求
197.68,682.36,484.68,合理诉求
300.82,508.87,208.05,合理诉求
194.57,208.05,13.480000000000018,合理诉求
46.06,606.49,560.4300000000001,诉求偏高
151.77,859.07,707.3000000000001,诉求偏高
365.39,1532.19,1166.8000000000002,合理诉求
284.06,397.83,113.76999999999998,合理诉求
773.05,3683.91,2910.8599999999997,诉求偏高
18.41,115.2,96.79,合理诉求
76.88,164.21,87.33000000000001,合理诉求
139.71,863.9,724.1899999999999,诉求偏高
146.24,182.12,35.879999999999995,合理诉求
372.0,699.96,327.96000000000004,合理诉求
332.88,338.79,5.910000000000025,合理诉求
300.26,543.1,242.84000000000003,合理诉求
307.48,992.25,684.77,合理诉求
1037.97,2135.16,1097.1899999999998,合理诉求
107.43,1153.02,1045.59,诉求偏高
580.97,2000.93,1419.96,合理诉求
110.66,234.42,123.75999999999999,合理诉求
33.01,349.47,316.46000000000004,合理诉求
424.92,881.83,456.91,合理诉求
667.86,1845.82,1177.96,合理诉求
494.04,1201.55,707.51,合理诉求
242.3,380.79,138.49,合理诉求
51.68,895.96,844.2800000000001,诉求偏高
86.67,236.97,150.3,合理诉求
61.01,126.88,65.87,合理诉求
33.21,157.03,123.82,合理诉求
73.05,912.81,839.76,诉求偏高
14.92,108.94,94.02,合理诉求
547.82,2843.01,2295.19,诉求偏高
178.47,776.37,597.9,合理诉求
766.9,1415.56,648.66,合理诉求
569.5,672.49,102.99000000000001,合理诉求
38.58,206.83,168.25,合理诉求
67.02,152.58,85.56000000000002,合理诉求
155.47,294.63,139.16,合理诉求
62.56,187.27,124.71000000000001,合理诉求
200.57,555.4,354.83,合理诉求
106.48,194.49,88.01,合理诉求
81.67,120.11,38.44,合理诉求
131.75,152.46,20.710000000000008,合理诉求
550.55,1111.4,560.8500000000001,合理诉求
345.81,469.38,123.57,合理诉求
37.73,180.89,143.16,合理诉求
80.93,185.49,104.56,合理诉求
96.18,424.91,328.73,合理诉求
69.41,574.42,505.01,诉求偏高
277.91,524.2,246.29000000000002,合理诉求
69.98,222.56,152.57999999999998,合理诉求
80.98,1036.01,955.03,诉求偏高
208.06,2166.15,1958.0900000000001,严重超额
158.47,1384.74,1226.27,诉求偏高
486.33,1491.1,1004.77,合理诉求
933.1,1989.98,1056.88,合理诉求
84.96,726.54,641.5799999999999,诉求偏高
260.04,1108.41,848.3700000000001,合理诉求
862.17,4045.71,3183.54,诉求偏高
200.14,1153.44,953.3000000000001,诉求偏高
34.77,102.85,68.07999999999998,合理诉求
440.2,1097.12,656.9199999999998,合理诉求
44.11,431.05,386.94,诉求偏高
40.93,121.4,80.47,合理诉求
538.26,2474.23,1935.97,诉求偏高
209.25,416.03,206.77999999999997,合理诉求
229.26,752.67,523.41,合理诉求
160.41,1141.34,980.93,诉求偏高
103.64,775.33,671.69,诉求偏高
786.85,3568.43,2781.58,诉求偏高
134.49,431.64,297.15,合理诉求
152.5,225.98,73.47999999999999,合理诉求
603.34,784.96,181.62,合理诉求
105.94,1159.88,1053.94,诉求偏高
337.53,341.13,3.6000000000000227,合理诉求
387.9,869.28,481.38,合理诉求
516.66,882.51,365.85,合理诉求
124.46,140.19,15.730000000000004,合理诉求
23.47,162.37,138.9,合理诉求
714.14,2401.38,1687.2400000000002,合理诉求
56.08,166.13,110.05,合理诉求
34.19,351.61,317.42,合理诉求
230.14,293.81,63.670000000000016,合理诉求
152.69,351.04,198.35000000000002,合理诉求
54.64,249.42,194.77999999999997,合理诉求
474.51,1402.62,928.1099999999999,合理诉求
78.11,106.24,28.129999999999995,合理诉求
25.84,191.48,165.64,合理诉求
315.68,1125.67,809.99,合理诉求
313.24,990.27,677.03,合理诉求
173.45,469.25,295.8,合理诉求
220.36,452.81,232.45,合理诉求
162.1,1139.93,977.83,诉求偏高
618.22,1032.79,414.56999999999994,合理诉求
450.77,2551.6,2100.83,诉求偏高
400.47,498.93,98.45999999999998,合理诉求
204.9,435.96,231.05999999999997,合理诉求
182.3,493.66,311.36,合理诉求
118.3,558.26,439.96,合理诉求
111.78,138.07,26.289999999999992,合理诉求
616.7,802.88,186.17999999999995,合理诉求
208.95,580.93,371.97999999999996,合理诉求
597.51,961.18,363.66999999999996,合理诉求
443.09,1490.85,1047.76,合理诉求
331.54,1417.25,1085.71,合理诉求
45.1,139.05,93.95000000000002,合理诉求
89.72,119.0,29.28,合理诉求
25.29,181.2,155.91,合理诉求
999.99,2247.81,1247.82,合理诉求
72.32,371.12,298.8,合理诉求
95.23,120.73,25.5,合理诉求
204.27,377.04,172.77,合理诉求
819.18,1637.41,818.2300000000001,合理诉求
449.44,1131.57,682.1299999999999,合理诉求
54.56,108.06,53.5,合理诉求
680.46,763.44,82.98000000000002,合理诉求
129.42,379.56,250.14000000000001,合理诉求
131.24,224.99,93.75,合理诉求
679.61,1345.16,665.5500000000001,合理诉求
9.38,144.66,135.28,合理诉求
44.97,235.28,190.31,合理诉求
340.1,889.22,549.12,合理诉求
244.96,359.26,114.29999999999998,合理诉求
394.28,2933.62,2539.34,严重超额
436.08,1214.66,778.5800000000002,合理诉求
694.82,757.63,62.809999999999945,合理诉求
118.06,142.8,24.74000000000001,合理诉求
9.01,107.52,98.50999999999999,合理诉求
278.58,813.79,535.21,合理诉求
122.96,238.06,115.10000000000001,合理诉求
877.52,2229.08,1351.56,合理诉求
418.52,1409.35,990.8299999999999,合理诉求
359.2,786.77,427.57,合理诉求
463.42,2338.13,1874.71,诉求偏高
204.04,655.2,451.1600000000001,合理诉求
39.58,237.71,198.13,合理诉求
832.05,3222.42,2390.37,诉求偏高
35.81,105.75,69.94,合理诉求
37.95,254.7,216.75,合理诉求
812.87,1427.01,614.14,合理诉求
116.93,429.56,312.63,合理诉求
65.29,108.18,42.89,合理诉求
356.46,1147.89,791.4300000000001,合理诉求
52.95,149.08,96.13000000000001,合理诉求
762.72,2007.14,1244.42,合理诉求
329.18,1360.99,1031.81,合理诉求
723.41,779.72,56.31000000000006,合理诉求
100.95,160.49,59.540000000000006,合理诉求
188.78,191.74,2.960000000000008,合理诉求
274.71,508.05,233.34000000000003,合理诉求
56.64,189.18,132.54000000000002,合理诉求
137.81,277.72,139.91000000000003,合理诉求
51.81,125.71,73.89999999999999,合理诉求
31.48,106.6,75.11999999999999,合理诉求
2.79,100.5,97.71,合理诉求
655.27,1177.39,522.1200000000001,合理诉求
227.97,1797.83,1569.86,诉求偏高
67.8,413.06,345.26,合理诉求
135.0,819.45,684.45,诉求偏高
5.41,110.32,104.91,合理诉求
71.58,101.09,29.510000000000005,合理诉求
198.56,1134.74,936.1800000000001,诉求偏高
1399.68,1769.3,369.6199999999999,合理诉求
2.01,101.34,99.33,合理诉求
761.82,1174.93,413.11,合理诉求
87.96,158.5,70.54,合理诉求
59.15,376.26,317.11,合理诉求
1228.43,5388.04,4159.61,诉求偏高
361.51,1231.83,870.3199999999999,合理诉求
242.54,1636.81,1394.27,诉求偏高
1050.88,2265.42,1214.54,合理诉求
240.57,624.27,383.7,合理诉求
167.42,249.85,82.43,合理诉求
882.46,1357.17,474.71000000000004,合理诉求
7.94,110.48,102.54,合理诉求
265.5,988.84,723.34,合理诉求
1059.38,2638.37,1578.9899999999998,合理诉求
105.91,229.72,123.81,合理诉求
582.63,1712.6,1129.9699999999998,合理诉求
9.29,126.44,117.15,合理诉求
622.53,2806.54,2184.01,诉求偏高
121.69,322.35,200.66000000000003,合理诉求
117.87,223.97,106.1,合理诉求
1775.6,3516.73,1741.13,合理诉求
27.71,105.12,77.41,合理诉求
303.46,515.17,211.70999999999998,合理诉求
104.6,399.36,294.76,合理诉求
1435.03,2416.85,981.8199999999999,合理诉求
69.15,135.48,66.32999999999998,合理诉求
338.05,722.08,384.03000000000003,合理诉求
616.6,1358.73,742.13,合理诉求
82.84,118.5,35.66,合理诉求
212.25,523.32,311.07000000000005,合理诉求
268.9,299.44,30.54000000000002,合理诉求
631.4,1130.08,498.67999999999995,合理诉求
79.81,536.88,457.07,合理诉求
278.42,885.25,606.8299999999999,合理诉求
467.61,574.47,106.86000000000001,合理诉求
9.76,104.36,94.6,合理诉求
442.39,709.59,267.20000000000005,合理诉求
41.66,139.02,97.36000000000001,合理诉求
72.03,119.0,46.97,合理诉求
318.24,431.44,113.19999999999999,合理诉求
293.15,813.13,519.98,合理诉求
173.62,917.61,743.99,诉求偏高
136.18,263.74,127.56,合理诉求
1092.89,2014.68,921.79,合理诉求
18.24,546.74,528.5,诉求偏高
235.57,363.01,127.44,合理诉求
146.04,176.61,30.57000000000002,合理诉求
183.93,569.37,385.44,合理诉求
824.04,1092.29,268.25,合理诉求
31.68,125.95,94.27000000000001,合理诉求
346.18,538.29,192.10999999999996,合理诉求
99.12,107.22,8.099999999999994,合理诉求
663.71,915.5,251.78999999999996,合理诉求
23.95,117.81,93.86,合理诉求
105.94,317.51,211.57,合理诉求
45.1,164.51,119.41,合理诉求
130.13,384.74,254.61,合理诉求
135.03,424.72,289.69000000000005,合理诉求
410.57,1363.01,952.44,合理诉求
94.48,245.83,151.35000000000002,合理诉求
709.44,1411.9,702.46,合理诉求
166.59,1889.41,1722.8200000000002,严重超额
213.41,1186.99,973.58,诉求偏高
43.63,146.2,102.57,合理诉求
377.76,1608.11,1230.35,诉求偏高
340.45,691.56,351.10999999999996,合理诉求
433.63,675.36,241.73000000000002,合理诉求
54.39,253.25,198.86,合理诉求
185.45,673.98,488.53000000000003,合理诉求
124.05,192.93,68.88000000000001,合理诉求
242.59,755.14,512.55,合理诉求
227.25,565.78,338.53,合理诉求
29.44,105.98,76.54,合理诉求
388.43,604.63,216.2,合理诉求
983.59,1644.21,660.62,合理诉求
110.58,238.3,127.72000000000001,合理诉求
1030.73,4223.54,3192.81,诉求偏高
125.07,313.45,188.38,合理诉求
140.61,268.65,128.03999999999996,合理诉求
1180.62,2003.57,822.95,合理诉求
105.37,122.1,16.72999999999999,合理诉求
143.45,207.42,63.97,合理诉求
6.76,100.0,93.24,合理诉求
158.36,438.44,280.08,合理诉求
170.94,892.15,721.21,诉求偏高
134.58,304.06,169.48,合理诉求
797.9,2176.12,1378.2199999999998,合理诉求
943.84,3302.43,2358.5899999999997,合理诉求
629.34,821.27,191.92999999999995,合理诉求
178.59,315.95,137.35999999999999,合理诉求
72.72,597.67,524.9499999999999,诉求偏高
69.12,411.84,342.71999999999997,合理诉求
788.44,2006.92,1218.48,合理诉求
213.96,792.91,578.9499999999999,合理诉求
157.43,661.86,504.43,合理诉求
188.38,335.02,146.64,合理诉求
358.02,479.18,121.16000000000003,合理诉求
141.42,1310.15,1168.73,诉求偏高
189.99,251.01,61.01999999999998,合理诉求
461.32,829.98,368.66,合理诉求
477.22,601.13,123.90999999999997,合理诉求
154.17,177.25,23.080000000000013,合理诉求
462.36,1065.96,603.6,合理诉求
147.87,187.21,39.34,合理诉求
237.46,1180.94,943.48,诉求偏高
296.56,556.73,260.17,合理诉求
442.9,2441.97,1999.0699999999997,诉求偏高
358.54,1767.6,1409.06,诉求偏高
112.47,220.03,107.56,合理诉求
228.87,1103.29,874.42,诉求偏高
203.71,1264.25,1060.54,诉求偏高
591.0,1039.29,448.28999999999996,合理诉求
144.0,1076.69,932.69,诉求偏高
72.17,1040.38,968.2100000000002,诉求偏高
110.61,400.22,289.61,合理诉求
96.98,223.49,126.51,合理诉求
312.95,782.8,469.84999999999997,合理诉求
305.86,519.58,213.72000000000003,合理诉求
191.81,246.24,54.43000000000001,合理诉求
1089.97,2307.12,1217.1499999999999,合理诉求
80.84,107.37,26.53,合理诉求
264.44,1556.66,1292.22,诉求偏高
159.95,407.16,247.21000000000004,合理诉求
392.36,755.24,362.88,合理诉求
43.21,114.52,71.31,合理诉求
21.56,289.06,267.5,合理诉求
306.96,1429.34,1122.3799999999999,诉求偏高
464.74,467.51,2.769999999999982,合理诉求
463.28,612.26,148.98000000000002,合理诉求
543.29,1040.05,496.76,合理诉求
379.76,1353.73,973.97,合理诉求
407.62,784.16,376.53999999999996,合理诉求
932.52,1776.09,843.5699999999999,合理诉求
50.95,589.38,538.43,诉求偏高
396.1,525.75,129.64999999999998,合理诉求
569.86,1786.88,1217.02,合理诉求
112.99,118.6,5.609999999999999,合理诉求
420.05,1056.68,636.6300000000001,合理诉求
66.35,330.31,263.96000000000004,合理诉求
71.38,327.71,256.33,合理诉求
78.64,232.06,153.42000000000002,合理诉求
315.12,510.36,195.24,合理诉求
126.16,349.97,223.81000000000003,合理诉求
850.77,3351.56,2500.79,诉求偏高
118.05,716.92,598.87,诉求偏高
1150.68,2275.7,1125.0199999999998,合理诉求
566.71,2375.99,1809.2799999999997,诉求偏高
258.84,465.24,206.40000000000003,合理诉求
68.47,102.96,34.489999999999995,合理诉求
34.97,119.03,84.06,合理诉求
63.46,135.58,72.12,合理诉求
36.9,117.43,80.53,合理诉求
562.99,1009.45,446.46000000000004,合理诉求
168.89,378.83,209.94,合理诉求
604.98,985.15,380.16999999999996,合理诉求
397.05,470.09,73.03999999999996,合理诉求
424.1,575.32,151.22000000000003,合理诉求
116.51,363.3,246.79000000000002,合理诉求
64.82,131.73,66.91,合理诉求
231.21,467.61,236.4,合理诉求
532.11,941.69,409.58000000000004,合理诉求
509.54,1216.56,707.02,合理诉求
80.61,430.8,350.19,合理诉求
33.0,101.55,68.55,合理诉求
422.26,1164.5,742.24,合理诉求
661.98,1932.18,1270.2,合理诉求
39.12,140.18,101.06,合理诉求
220.9,500.77,279.87,合理诉求
17.72,101.69,83.97,合理诉求
47.77,111.52,63.74999999999999,合理诉求
495.46,1229.79,734.3299999999999,合理诉求
234.08,548.74,314.65999999999997,合理诉求
52.42,145.7,93.27999999999999,合理诉求
105.31,970.46,865.1500000000001,诉求偏高
363.04,586.4,223.35999999999996,合理诉求
308.61,567.54,258.92999999999995,合理诉求
71.29,109.76,38.47,合理诉求
327.25,858.47,531.22,合理诉求
805.7,1245.52,439.81999999999994,合理诉求
513.36,904.82,391.46000000000004,合理诉求
65.97,406.55,340.58000000000004,合理诉求
307.24,783.57,476.33000000000004,合理诉求
89.88,487.56,397.68,合理诉求
168.75,1040.12,871.3699999999999,诉求偏高
37.68,146.53,108.85,合理诉求
290.3,517.14,226.83999999999997,合理诉求
59.97,672.35,612.38,诉求偏高
360.42,840.87,480.45,合理诉求
29.47,340.07,310.6,合理诉求
159.32,160.53,1.210000000000008,合理诉求
580.02,1451.99,871.97,合理诉求
387.61,584.07,196.46000000000004,合理诉求
329.7,627.33,297.63000000000005,合理诉求
225.69,570.91,345.21999999999997,合理诉求
178.58,840.4,661.8199999999999,合理诉求
356.47,382.14,25.66999999999996,合理诉求
168.14,600.45,432.31000000000006,合理诉求
126.33,1326.33,1200.0,诉求偏高
124.73,499.79,375.06,合理诉求
293.1,1066.79,773.6899999999999,合理诉求
794.37,2396.14,1601.77,合理诉求
109.61,472.63,363.02,合理诉求
722.82,1286.55,563.7299999999999,合理诉求
806.04,2005.19,1199.15,合理诉求
200.74,545.37,344.63,合理诉求
152.33,520.7,368.37,合理诉求
364.76,817.23,452.47,合理诉求
316.18,1138.44,822.26,合理诉求
799.57,3755.36,2955.79,诉求偏高
192.27,321.7,129.42999999999998,合理诉求
453.77,1912.2,1458.43,诉求偏高
173.11,347.59,174.47999999999996,合理诉求
167.33,245.78,78.44999999999999,合理诉求
239.72,257.9,18.17999999999998,合理诉求
721.65,2982.01,2260.36,诉求偏高
111.3,130.29,18.989999999999995,合理诉求
821.94,1609.26,787.3199999999999,合理诉求
194.03,414.1,220.07000000000002,合理诉求
288.25,1400.61,1112.36,诉求偏高
108.5,375.42,266.92,合理诉求
1099.65,2064.1,964.4499999999998,合理诉求
111.93,221.59,109.66,合理诉求
39.94,408.27,368.33,诉求偏高
768.15,908.53,140.38,合理诉求
1318.76,2414.57,1095.8100000000002,合理诉求
440.83,446.31,5.480000000000018,合理诉求
457.04,1809.22,1352.18,合理诉求
400.59,783.24,382.65000000000003,合理诉求
574.39,890.92,316.53,合理诉求
195.97,305.73,109.76000000000002,合理诉求
974.5,1576.65,602.1500000000001,合理诉求
1207.34,3084.9,1877.5600000000002,合理诉求
536.19,877.04,340.8499999999999,合理诉求
25.25,126.54,101.29,合理诉求
283.87,394.57,110.69999999999999,合理诉求
151.83,206.55,54.72,合理诉求
88.81,615.08,526.27,诉求偏高
1171.07,4840.39,3669.3200000000006,诉求偏高
16.49,109.96,93.47,合理诉求
359.72,744.59,384.87,合理诉求
156.08,180.37,24.289999999999992,合理诉求
556.87,1667.47,1110.6,合理诉求
142.04,487.63,345.59000000000003,合理诉求
220.8,289.98,69.18,合理诉求
73.07,385.2,312.13,合理诉求
20.0,332.94,312.94,合理诉求
333.93,1051.3,717.3699999999999,合理诉求
371.07,930.31,559.24,合理诉求
96.45,100.51,4.060000000000002,合理诉求
73.74,134.48,60.739999999999995,合理诉求
614.1,1131.34,517.2399999999999,合理诉求
105.02,546.63,441.61,合理诉求
58.13,246.3,188.17000000000002,合理诉求
99.8,1316.9,1217.1000000000001,严重超额
1086.79,1485.6,398.80999999999995,合理诉求
16.85,103.19,86.34,合理诉求
613.02,951.86,338.84000000000003,合理诉求
926.25,1563.26,637.01,合理诉求
384.89,1246.21,861.32,合理诉求
749.23,3862.79,3113.56,诉求偏高
172.89,588.1,415.21000000000004,合理诉求
100.06,294.69,194.63,合理诉求
329.61,690.18,360.56999999999994,合理诉求
116.05,136.51,20.459999999999994,合理诉求
134.78,1591.3,1456.52,严重超额
545.6,785.81,240.20999999999992,合理诉求
104.91,112.9,7.990000000000009,合理诉求
1158.71,4451.57,3292.8599999999997,诉求偏高
6.92,100.23,93.31,合理诉求
523.28,666.89,143.61,合理诉求
70.78,160.04,89.25999999999999,合理诉求
203.69,923.78,720.0899999999999,合理诉求
112.29,487.59,375.29999999999995,合理诉求
372.43,427.77,55.339999999999975,合理诉求
140.49,241.1,100.60999999999999,合理诉求
7.21,100.04,92.83000000000001,合理诉求
79.48,364.39,284.90999999999997,合理诉求
181.79,987.24,805.45,诉求偏高
155.85,213.11,57.26000000000002,合理诉求
102.5,125.08,22.58,合理诉求
1214.86,1840.04,625.1800000000001,合理诉求
199.61,846.1,646.49,合理诉求
103.63,165.92,62.28999999999999,合理诉求
212.17,549.86,337.69000000000005,合理诉求
90.81,106.5,15.689999999999998,合理诉求
29.43,304.72,275.29,合理诉求
112.55,114.04,1.490000000000009,合理诉求
375.31,508.84,133.52999999999997,合理诉求
657.28,1991.69,1334.41,合理诉求
2.0,103.92,101.92,合理诉求
35.58,215.71,180.13,合理诉求
66.52,1134.29,1067.77,诉求偏高
131.03,179.16,48.129999999999995,合理诉求
1120.46,1870.61,750.1499999999999,合理诉求
324.67,438.05,113.38,合理诉求
317.56,342.2,24.639999999999986,合理诉求
189.52,317.32,127.79999999999998,合理诉求
75.34,101.48,26.14,合理诉求
283.92,1593.46,1309.54,诉求偏高
446.07,909.9,463.83,合理诉求
123.04,644.86,521.82,合理诉求
28.49,402.16,373.67,诉求偏高
143.36,895.85,752.49,诉求偏高
798.87,2239.39,1440.52,合理诉求
253.14,717.25,464.11,合理诉求
18.58,263.87,245.29000000000002,合理诉求
896.19,2206.97,1310.7799999999997,合理诉求
151.16,430.68,279.52,合理诉求
85.26,109.0,23.739999999999995,合理诉求
945.27,2173.56,1228.29,合理诉求
48.04,139.4,91.36000000000001,合理诉求
29.33,626.41,597.0799999999999,诉求偏高
47.44,188.29,140.85,合理诉求
344.39,562.69,218.30000000000007,合理诉求
115.3,208.37,93.07000000000001,合理诉求
273.43,1113.55,840.1199999999999,合理诉求
32.01,510.55,478.54,诉求偏高
65.45,266.77,201.32,合理诉求
235.0,1071.93,836.9300000000001,合理诉求
98.63,431.85,333.22,合理诉求
52.58,228.63,176.05,合理诉求
224.7,387.76,163.06,合理诉求
99.07,280.53,181.45999999999998,合理诉求
23.71,101.65,77.94,合理诉求
146.59,567.77,421.17999999999995,合理诉求
519.94,902.9,382.9599999999999,合理诉求
89.15,205.88,116.72999999999999,合理诉求
1118.67,1518.56,399.8899999999999,合理诉求
681.83,1796.58,1114.75,合理诉求
987.86,2449.7,1461.8399999999997,合理诉求
398.67,573.8,175.12999999999994,合理诉求
163.81,347.42,183.61,合理诉求
381.03,1055.11,674.0799999999999,合理诉求
180.61,415.39,234.77999999999997,合理诉求
600.26,2505.75,1905.49,诉求偏高
212.61,1227.38,1014.7700000000001,诉求偏高
48.13,238.63,190.5,合理诉求
364.09,660.23,296.14000000000004,合理诉求
360.12,644.23,284.11,合理诉求
288.89,584.95,296.06000000000006,合理诉求
322.9,762.31,439.40999999999997,合理诉求
141.9,921.18,779.28,诉求偏高
281.82,566.73,284.91,合理诉求
389.71,426.18,36.47000000000003,合理诉求
257.07,920.61,663.54,合理诉求
81.16,105.58,24.42,合理诉求
269.59,1105.4,835.8100000000002,合理诉求
391.62,854.77,463.15,合理诉求
104.5,151.35,46.849999999999994,合理诉求
701.81,881.27,179.46000000000004,合理诉求
319.76,595.46,275.70000000000005,合理诉求
166.66,373.82,207.16,合理诉求
557.45,1099.47,542.02,合理诉求
459.36,597.22,137.86,合理诉求
579.94,2150.02,1570.08,合理诉求
142.72,807.91,665.1899999999999,诉求偏高
364.46,1571.06,1206.6,诉求偏高
123.47,174.8,51.33000000000001,合理诉求
1.79,129.99,128.20000000000002,合理诉求
251.54,2357.96,2106.42,严重超额
221.0,515.96,294.96000000000004,合理诉求
110.82,295.69,184.87,合理诉求
198.04,1326.87,1128.83,诉求偏高
160.47,773.0,612.53,合理诉求
202.63,402.28,199.64999999999998,合理诉求
16.59,166.68,150.09,合理诉求
83.44,109.51,26.070000000000007,合理诉求
257.34,361.7,104.36000000000001,合理诉求
138.14,298.48,160.34000000000003,合理诉求
101.39,920.66,819.27,诉求偏高
527.83,693.68,165.8499999999999,合理诉求
1590.97,2007.98,417.01,合理诉求
434.66,1646.73,1212.07,合理诉求
97.22,132.45,35.22999999999999,合理诉求
419.88,1352.26,932.38,合理诉求
296.66,623.28,326.61999999999995,合理诉求
197.34,907.49,710.15,合理诉求
474.75,1406.43,931.6800000000001,合理诉求
107.67,430.11,322.44,合理诉求
165.06,909.45,744.3900000000001,诉求偏高
1021.94,2449.77,1427.83,合理诉求
175.31,327.64,152.32999999999998,合理诉求
115.85,225.68,109.83000000000001,合理诉求
13.21,101.99,88.78,合理诉求
142.11,203.13,61.01999999999998,合理诉求
32.47,626.98,594.51,诉求偏高
185.98,1162.87,976.8899999999999,诉求偏高
324.87,438.91,114.04000000000002,合理诉求
257.8,356.2,98.39999999999998,合理诉求
696.54,2870.42,2173.88,诉求偏高
37.78,594.07,556.2900000000001,诉求偏高
425.4,2973.77,2548.37,严重超额
504.09,2567.88,2063.79,诉求偏高
668.16,1342.95,674.7900000000001,合理诉求
195.13,212.5,17.370000000000005,合理诉求
210.57,298.85,88.28000000000003,合理诉求
7.24,107.17,99.93,合理诉求
318.2,426.39,108.19,合理诉求
81.39,177.99,96.60000000000001,合理诉求
152.71,707.68,554.9699999999999,合理诉求
149.04,688.57,539.5300000000001,合理诉求
735.3,1273.84,538.54,合理诉求
952.28,2734.73,1782.45,合理诉求
96.43,661.51,565.0799999999999,诉求偏高
32.53,160.52,127.99000000000001,合理诉求
195.96,259.91,63.95000000000002,合理诉求
49.24,106.47,57.23,合理诉求
160.73,635.92,475.18999999999994,合理诉求
21.38,242.39,221.01,合理诉求
132.28,455.83,323.54999999999995,合理诉求
103.28,713.6,610.32,诉求偏高
161.54,323.18,161.64000000000001,合理诉求
95.61,389.28,293.66999999999996,合理诉求
707.61,746.77,39.15999999999997,合理诉求
683.9,843.94,160.04000000000008,合理诉求
904.35,3562.69,2658.34,诉求偏高
351.02,565.79,214.76999999999998,合理诉求
72.57,136.99,64.42000000000002,合理诉求
395.71,522.12,126.41000000000003,合理诉求
77.86,205.72,127.86,合理诉求
181.58,2038.0,1856.42,严重超额
40.96,200.14,159.17999999999998,合理诉求
178.9,1147.05,968.15,诉求偏高
33.51,133.97,100.46000000000001,合理诉求
211.66,717.54,505.88,合理诉求
44.11,102.93,58.82000000000001,合理诉求
353.01,1435.48,1082.47,合理诉求
74.43,119.07,44.639999999999986,合理诉求
129.02,134.7,5.679999999999978,合理诉求
42.59,359.74,317.15,合理诉求
123.92,223.2,99.27999999999999,合理诉求
972.05,2084.15,1112.1000000000001,合理诉求
1491.25,2155.9,664.6500000000001,合理诉求
49.56,206.64,157.07999999999998,合理诉求
319.34,688.8,369.46,合理诉求
38.04,137.47,99.43,合理诉求
312.27,481.12,168.85000000000002,合理诉求
208.73,555.15,346.41999999999996,合理诉求
185.02,502.48,317.46000000000004,合理诉求
77.0,592.34,515.34,诉求偏高
621.53,1316.72,695.19,合理诉求
291.88,454.29,162.41000000000003,合理诉求
257.51,506.27,248.76,合理诉求
515.74,1330.2,814.46,合理诉求
171.71,658.17,486.4599999999999,合理诉求
911.09,1300.12,389.02999999999986,合理诉求
167.63,267.11,99.48000000000002,合理诉求
100.97,133.1,32.129999999999995,合理诉求
400.08,1115.11,715.03,合理诉求
45.99,625.46,579.47,诉求偏高
430.39,771.84,341.45000000000005,合理诉求
271.29,952.38,681.0899999999999,合理诉求
111.51,128.15,16.64,合理诉求
100.04,395.51,295.46999999999997,合理诉求
66.73,132.27,65.54,合理诉求
600.05,1893.36,1293.31,合理诉求
953.33,1932.19,978.86,合理诉求
1092.2,3784.24,2692.04,合理诉求
120.23,449.58,329.34999999999997,合理诉求
594.23,653.17,58.93999999999994,合理诉求
171.13,175.2,4.069999999999993,合理诉求
112.14,472.09,359.95,合理诉求
369.32,630.58,261.26000000000005,合理诉求
52.04,394.16,342.12,合理诉求
258.17,278.62,20.44999999999999,合理诉求
12.22,102.67,90.45,合理诉求
159.32,1326.04,1166.72,诉求偏高
167.65,183.35,15.699999999999989,合理诉求
331.63,457.54,125.91000000000003,合理诉求
385.53,2458.47,2072.9399999999996,诉求偏高
277.68,293.93,16.25,合理诉求
186.63,568.45,381.82000000000005,合理诉求
18.11,325.73,307.62,合理诉求
143.65,151.27,7.6200000000000045,合理诉求
550.5,982.17,431.66999999999996,合理诉求
485.06,913.89,428.83,合理诉求
20.53,122.66,102.13,合理诉求
127.01,164.13,37.11999999999999,合理诉求
117.43,327.48,210.05,合理诉求
28.46,149.49,121.03,合理诉求
99.29,525.94,426.65000000000003,合理诉求
64.04,139.38,75.33999999999999,合理诉求
368.29,1061.44,693.1500000000001,合理诉求
333.17,408.54,75.37,合理诉求
727.03,1045.62,318.5899999999999,合理诉求
607.45,828.28,220.82999999999993,合理诉求
312.87,378.05,65.18,合理诉求
248.2,286.16,37.960000000000036,合理诉求
128.44,259.22,130.78000000000003,合理诉求
349.35,1045.38,696.0300000000001,合理诉求
205.99,227.62,21.629999999999995,合理诉求
217.02,859.69,642.6700000000001,合理诉求
31.09,132.55,101.46000000000001,合理诉求
669.3,3391.76,2722.46,诉求偏高
1048.69,1902.67,853.98,合理诉求
232.21,379.86,147.65,合理诉求
273.87,1044.24,770.37,合理诉求
407.77,613.18,205.40999999999997,合理诉求
359.57,662.69,303.12000000000006,合理诉求
41.9,101.38,59.48,合理诉求
376.77,1081.59,704.8199999999999,合理诉求
196.56,292.18,95.62,合理诉求
429.12,786.76,357.64,合理诉求
562.25,1410.15,847.9000000000001,合理诉求
539.79,1936.65,1396.8600000000001,合理诉求
13.53,128.57,115.03999999999999,合理诉求
613.3,1356.52,743.22,合理诉求
116.17,355.04,238.87,合理诉求
506.91,1099.84,592.9299999999998,合理诉求
322.33,511.93,189.60000000000002,合理诉求
79.66,115.08,35.42,合理诉求
122.44,655.13,532.69,合理诉求
6.83,164.62,157.79,合理诉求
847.77,3082.68,2234.91,合理诉求
146.05,471.44,325.39,合理诉求
140.72,180.96,40.24000000000001,合理诉求
377.52,1324.74,947.22,合理诉求
42.8,293.04,250.24,合理诉求
166.18,236.78,70.6,合理诉求
150.02,501.44,351.41999999999996,合理诉求
46.5,142.67,96.16999999999999,合理诉求
39.12,176.89,137.76999999999998,合理诉求
97.34,552.35,455.01,合理诉求
777.93,946.38,168.45000000000005,合理诉求
451.84,2170.38,1718.5400000000002,诉求偏高
206.7,705.49,498.79,合理诉求
135.77,138.84,3.069999999999993,合理诉求
115.16,1029.68,914.5200000000001,诉求偏高
225.2,330.67,105.47000000000003,合理诉求
592.31,3108.07,2515.76,诉求偏高
155.33,373.57,218.23999999999998,合理诉求
779.64,2062.77,1283.13,合理诉求
35.63,115.69,80.06,合理诉求
38.11,220.05,181.94,合理诉求
647.39,1140.44,493.05000000000007,合理诉求
306.91,465.75,158.83999999999997,合理诉求
57.29,177.18,119.89000000000001,合理诉求
148.97,413.79,264.82000000000005,合理诉求
149.93,553.54,403.60999999999996,合理诉求
521.19,1444.9,923.71,合理诉求
123.43,208.76,85.32999999999998,合理诉求
83.49,334.87,251.38,合理诉求
20.94,102.9,81.96000000000001,合理诉求
103.63,541.7,438.07000000000005,合理诉求
600.88,863.67,262.78999999999996,合理诉求
111.1,137.72,26.620000000000005,合理诉求
164.69,188.43,23.74000000000001,合理诉求
181.79,420.19,238.4,合理诉求
38.75,170.27,131.52,合理诉求
353.26,894.23,540.97,合理诉求
267.53,820.35,552.82,合理诉求
335.5,1849.36,1513.86,诉求偏高
720.5,2406.67,1686.17,合理诉求
861.76,2362.02,1500.26,合理诉求
46.87,485.3,438.43,诉求偏高
405.52,442.84,37.31999999999999,合理诉求
146.46,1245.53,1099.07,诉求偏高
321.78,999.58,677.8000000000001,合理诉求
225.29,599.29,374.0,合理诉求
113.22,138.82,25.599999999999994,合理诉求
510.62,808.46,297.84000000000003,合理诉求
38.15,140.06,101.91,合理诉求
60.0,407.86,347.86,合理诉求
303.75,363.25,59.5,合理诉求
170.08,519.61,349.53,合理诉求
74.66,102.22,27.560000000000002,合理诉求
570.04,1865.33,1295.29,合理诉求
72.1,157.11,85.01000000000002,合理诉求
44.0,131.08,87.08000000000001,合理诉求
560.31,1985.67,1425.3600000000001,合理诉求
288.77,806.56,517.79,合理诉求
665.16,984.12,318.96000000000004,合理诉求
3171.47,5137.01,1965.5400000000004,合理诉求
155.68,234.19,78.50999999999999,合理诉求
390.49,1398.12,1007.6299999999999,合理诉求
285.51,386.84,101.32999999999998,合理诉求
211.29,312.4,101.10999999999999,合理诉求
227.12,751.6,524.48,合理诉求
306.17,424.95,118.77999999999997,合理诉求
84.34,213.77,129.43,合理诉求
864.62,1443.58,578.9599999999999,合理诉求
190.25,488.06,297.81,合理诉求
217.99,1844.56,1626.57,严重超额
91.22,172.87,81.65,合理诉求
874.39,4197.14,3322.7500000000005,诉求偏高
153.33,336.53,183.19999999999996,合理诉求
823.9,1752.23,928.33,合理诉求
147.08,254.64,107.55999999999997,合理诉求
183.05,943.95,760.9000000000001,诉求偏高
284.77,835.58,550.8100000000001,合理诉求
23.44,173.09,149.65,合理诉求
24.4,141.61,117.21000000000001,合理诉求
36.3,106.91,70.61,合理诉求
1350.08,2232.75,882.6700000000001,合理诉求
410.37,2593.77,2183.4,诉求偏高
87.26,160.54,73.27999999999999,合理诉求
371.68,457.9,86.21999999999997,合理诉求
51.85,449.69,397.84,诉求偏高
417.32,690.38,273.06,合理诉求
6.61,104.66,98.05,合理诉求
299.93,867.9,567.97,合理诉求
127.1,342.73,215.63000000000002,合理诉求
748.48,3041.74,2293.2599999999998,诉求偏高
556.95,802.26,245.30999999999995,合理诉求
536.61,716.89,180.27999999999997,合理诉求
787.67,2499.26,1711.5900000000001,合理诉求
364.68,515.24,150.56,合理诉求
1030.99,2130.09,1099.1000000000001,合理诉求
67.2,512.76,445.56,诉求偏高
314.55,801.24,486.69,合理诉求
215.04,852.61,637.57,合理诉求
284.06,1103.94,819.8800000000001,合理诉求
111.68,116.64,4.959999999999994,合理诉求
208.66,368.37,159.71,合理诉求
61.13,246.64,185.51,合理诉求
237.36,431.37,194.01,合理诉求
751.15,2082.05,1330.9,合理诉求
76.24,128.78,52.540000000000006,合理诉求
533.18,770.09,236.91000000000008,合理诉求
900.16,1642.05,741.89,合理诉求
81.83,161.98,80.14999999999999,合理诉求
504.87,1858.38,1353.5100000000002,合理诉求
117.19,147.19,30.0,合理诉求
203.75,437.69,233.94,合理诉求
429.95,1260.93,830.98,合理诉求
1041.62,1784.54,742.9200000000001,合理诉求
109.85,185.83,75.98000000000002,合理诉求
711.52,1041.44,329.9200000000001,合理诉求
37.41,100.94,63.53,合理诉求
154.57,178.48,23.909999999999997,合理诉求
338.38,729.82,391.44000000000005,合理诉求
61.76,241.75,179.99,合理诉求
6.75,108.32,101.57,合理诉求
792.7,1230.13,437.43000000000006,合理诉求
133.65,385.23,251.58,合理诉求
13.44,360.2,346.76,诉求偏高
4.1,100.16,96.06,合理诉求
332.42,1258.52,926.0999999999999,合理诉求
462.55,1135.2,672.6500000000001,合理诉求
76.57,296.13,219.56,合理诉求
52.85,773.84,720.99,诉求偏高
46.61,102.27,55.66,合理诉求
360.09,2345.25,1985.16,诉求偏高
177.89,1034.25,856.36,诉求偏高
2.58,101.71,99.13,合理诉求
49.38,107.37,57.99,合理诉求
53.69,369.12,315.43,合理诉求
528.34,692.48,164.14,合理诉求
105.08,175.97,70.89,合理诉求
11.53,102.1,90.57,合理诉求
455.98,933.12,477.14,合理诉求
1019.78,1627.73,607.95,合理诉求
308.65,943.12,634.47,合理诉求
89.23,322.11,232.88,合理诉求
40.68,162.18,121.5,合理诉求
439.31,721.54,282.22999999999996,合理诉求
572.64,1381.08,808.4399999999999,合理诉求
286.01,328.86,42.85000000000002,合理诉求
22.25,885.86,863.61,诉求偏高
126.5,478.25,351.75,合理诉求
497.5,674.98,177.48000000000002,合理诉求
20.47,103.16,82.69,合理诉求
26.06,106.27,80.21,合理诉求
623.85,1874.12,1250.27,合理诉求
281.07,765.59,484.52000000000004,合理诉求
449.32,834.2,384.88000000000005,合理诉求
228.25,915.36,687.11,合理诉求
264.54,858.55,594.01,合理诉求
667.5,1811.74,1144.24,合理诉求
125.88,134.64,8.759999999999991,合理诉求
29.6,171.58,141.98000000000002,合理诉求
240.63,1199.16,958.5300000000001,诉求偏高
46.82,253.43,206.61,合理诉求
243.42,894.86,651.44,合理诉求
238.19,301.28,63.089999999999975,合理诉求
3.96,100.85,96.89,合理诉求
442.63,585.35,142.72000000000003,合理诉求
453.86,828.46,374.6,合理诉求
336.22,2350.19,2013.97,严重超额
118.23,177.29,59.05999999999999,合理诉求
561.73,2641.33,2079.6,诉求偏高
181.03,275.96,94.92999999999998,合理诉求
410.48,1527.64,1117.16,合理诉求
75.8,235.58,159.78000000000003,合理诉求
135.51,410.69,275.18,合理诉求
239.43,1196.21,956.78,诉求偏高
297.09,742.85,445.76000000000005,合理诉求
675.42,1164.53,489.11,合理诉求
56.6,232.96,176.36,合理诉求
217.82,285.37,67.55000000000001,合理诉求
18.24,546.74,528.5,诉求偏高
101.72,554.59,452.87,合理诉求
803.77,1388.0,584.23,合理诉求
509.66,1304.66,795.0,合理诉求
765.14,3361.9,2596.76,诉求偏高
361.16,444.43,83.26999999999998,合理诉求
279.54,388.3,108.75999999999999,合理诉求
191.54,373.2,181.66,合理诉求
5.33,113.64,108.31,合理诉求
233.84,707.8,473.9599999999999,合理诉求
158.84,817.28,658.4399999999999,合理诉求
335.41,533.16,197.74999999999994,合理诉求
78.78,129.96,51.18000000000001,合理诉求
223.88,964.14,740.26,合理诉求
637.8,1007.88,370.08000000000004,合理诉求
479.02,1299.06,820.04,合理诉求
52.67,101.5,48.83,合理诉求
182.26,411.53,229.26999999999998,合理诉求
397.99,1443.87,1045.8799999999999,合理诉求
280.95,393.39,112.44,合理诉求
74.25,162.64,88.38999999999999,合理诉求
74.79,106.43,31.64,合理诉求
83.38,1489.44,1406.06,严重超额
335.36,448.97,113.61000000000001,合理诉求
63.49,288.92,225.43,合理诉求
145.42,255.0,109.58000000000001,合理诉求
230.91,684.28,453.37,合理诉求
1033.51,1992.56,959.05,合理诉求
112.21,168.24,56.030000000000015,合理诉求
193.59,394.13,200.54,合理诉求
74.61,243.27,168.66000000000003,合理诉求
178.84,203.16,24.319999999999993,合理诉求
292.83,834.7,541.8700000000001,合理诉求
126.28,163.42,37.139999999999986,合理诉求
277.34,1460.46,1183.1200000000001,诉求偏高
46.82,118.16,71.34,合理诉求
97.29,388.56,291.27,合理诉求
315.03,333.0,17.970000000000027,合理诉求
14.25,357.51,343.26,诉求偏高
138.57,351.22,212.65000000000003,合理诉求
343.2,1358.92,1015.72,合理诉求
525.72,1275.49,749.77,合理诉求
1000.19,4782.44,3782.2499999999995,诉求偏高
268.43,428.62,160.19,合理诉求
153.85,215.8,61.95000000000002,合理诉求
211.34,460.71,249.36999999999998,合理诉求
177.41,297.68,120.27000000000001,合理诉求
29.5,194.37,164.87,合理诉求
81.16,798.54,717.38,诉求偏高
1077.74,1653.71,575.97,合理诉求
366.22,663.99,297.77,合理诉求
116.06,196.78,80.72,合理诉求
980.82,4491.55,3510.73,诉求偏高
701.53,829.92,128.39,合理诉求
294.77,508.69,213.92000000000002,合理诉求
27.02,160.43,133.41,合理诉求
253.91,1428.45,1174.54,诉求偏高
47.8,121.49,73.69,合理诉求
124.5,388.5,264.0,合理诉求
1211.6,5333.53,4121.93,诉求偏高
433.57,710.49,276.92,合理诉求
69.79,237.56,167.76999999999998,合理诉求
190.81,416.49,225.68,合理诉求
27.6,141.15,113.55000000000001,合理诉求
165.17,2085.62,1920.4499999999998,严重超额
423.27,1925.5,1502.23,诉求偏高
345.22,949.35,604.13,合理诉求
915.9,3775.27,2859.37,诉求偏高
338.41,497.67,159.26,合理诉求
503.65,832.33,328.68000000000006,合理诉求
1009.18,2639.18,1630.0,合理诉求
164.52,566.59,402.07000000000005,合理诉求
72.37,1000.82,928.45,诉求偏高
526.64,625.13,98.49000000000001,合理诉求
43.69,195.32,151.63,合理诉求
82.03,478.99,396.96000000000004,合理诉求
282.15,974.66,692.51,合理诉求
312.26,2398.18,2085.92,严重超额
334.97,1174.66,839.69,合理诉求
700.66,1092.7,392.0400000000001,合理诉求
46.81,673.43,626.6199999999999,诉求偏高
200.11,419.18,219.07,合理诉求
268.03,1109.34,841.31,合理诉求
172.01,468.29,296.28000000000003,合理诉求
49.78,114.4,64.62,合理诉求
548.91,896.03,347.12,合理诉求
189.96,869.3,679.3399999999999,合理诉求
164.49,530.8,366.30999999999995,合理诉求
11.76,101.05,89.28999999999999,合理诉求
63.08,239.67,176.58999999999997,合理诉求
82.45,370.98,288.53000000000003,合理诉求
936.66,3737.67,2801.01,诉求偏高
225.83,251.53,25.69999999999999,合理诉求
93.41,178.61,85.20000000000002,合理诉求
52.58,896.84,844.26,诉求偏高
365.49,462.34,96.84999999999997,合理诉求
251.5,410.42,158.92000000000002,合理诉求
103.25,136.18,32.93000000000001,合理诉求
272.27,329.26,56.99000000000001,合理诉求
224.4,550.49,326.09000000000003,合理诉求
36.11,564.03,527.92,诉求偏高
239.43,509.8,270.37,合理诉求
573.73,1380.18,806.45,合理诉求
877.43,2212.4,1334.9700000000003,合理诉求
351.31,814.71,463.40000000000003,合理诉求
353.66,1468.82,1115.1599999999999,合理诉求
128.15,555.98,427.83000000000004,合理诉求
186.3,368.41,182.11,合理诉求
345.27,492.43,147.16000000000003,合理诉求
67.34,244.23,176.89,合理诉求
28.26,351.16,322.90000000000003,合理诉求
93.18,225.16,131.98,合理诉求
412.71,485.07,72.36000000000001,合理诉求
327.45,827.92,500.46999999999997,合理诉求
362.77,577.17,214.39999999999998,合理诉求
846.81,2079.96,1233.15,合理诉求
320.94,2138.43,1817.4899999999998,诉求偏高
357.79,538.06,180.26999999999992,合理诉求
9.68,432.04,422.36,诉求偏高
177.43,226.61,49.18000000000001,合理诉求
492.67,735.34,242.67000000000002,合理诉求
49.58,707.41,657.8299999999999,诉求偏高
348.02,969.08,621.0600000000001,合理诉求
369.69,1063.57,693.8799999999999,合理诉求
273.75,1503.08,1229.33,诉求偏高
395.72,401.99,6.269999999999982,合理诉求
473.86,786.12,312.26,合理诉求
94.4,225.24,130.84,合理诉求
988.76,4163.03,3174.2699999999995,诉求偏高
138.54,1258.94,1120.4,诉求偏高
154.21,509.83,355.62,合理诉求
403.68,2259.43,1855.7499999999998,诉求偏高
190.76,207.46,16.700000000000017,合理诉求
263.8,633.17,369.36999999999995,合理诉求
488.63,1191.77,703.14,合理诉求
487.81,1943.04,1455.23,合理诉求
19.89,184.94,165.05,合理诉求
56.17,100.1,43.92999999999999,合理诉求
161.11,391.74,230.63,合理诉求
92.56,238.33,145.77,合理诉求
766.51,1126.06,359.54999999999995,合理诉求
44.58,102.37,57.790000000000006,合理诉求
620.96,1072.67,451.71000000000004,合理诉求
470.19,2618.52,2148.33,诉求偏高
46.37,392.23,345.86,合理诉求
956.56,3432.7,2476.14,合理诉求
407.61,2155.94,1748.33,诉求偏高
127.42,208.56,81.14,合理诉求
46.14,492.11,445.97,诉求偏高
319.16,785.65,466.48999999999995,合理诉求
701.06,1349.88,648.8200000000002,合理诉求
1273.05,2049.83,776.78,合理诉求
427.74,1136.26,708.52,合理诉求
300.85,922.7,621.85,合理诉求
244.23,575.41,331.17999999999995,合理诉求
259.73,737.96,478.23,合理诉求
315.22,553.49,238.26999999999998,合理诉求
612.93,3001.54,2388.61,诉求偏高
98.08,212.66,114.58,合理诉求
76.81,368.23,291.42,合理诉求
119.17,129.98,10.809999999999988,合理诉求
285.33,976.44,691.1100000000001,合理诉求
75.77,332.0,256.23,合理诉求
305.41,1364.63,1059.22,诉求偏高
213.51,485.52,272.01,合理诉求
15.27,144.5,129.23,合理诉求
314.35,1515.71,1201.3600000000001,诉求偏高
223.95,537.73,313.78000000000003,合理诉求
102.86,364.48,261.62,合理诉求
1453.04,1932.72,479.68000000000006,合理诉求
335.47,464.23,128.76,合理诉求
55.85,105.0,49.15,合理诉求
150.49,1479.92,1329.43,诉求偏高
44.91,101.61,56.7,合理诉求
1297.82,5498.77,4200.950000000001,诉求偏高
46.81,673.43,626.6199999999999,诉求偏高
313.63,933.99,620.36,合理诉求
160.35,381.77,221.42,合理诉求
474.97,547.88,72.90999999999997,合理诉求
331.02,658.23,327.21000000000004,合理诉求
500.71,2684.82,2184.11,诉求偏高
86.82,149.65,62.83000000000001,合理诉求
142.12,389.2,247.07999999999998,合理诉求
914.45,1800.78,886.3299999999999,合理诉求
713.75,1473.85,760.0999999999999,合理诉求
100.73,866.37,765.64,诉求偏高
115.99,132.93,16.940000000000012,合理诉求
55.82,198.53,142.71,合理诉求
62.16,118.26,56.10000000000001,合理诉求
194.28,1696.42,1502.14,严重超额
139.43,214.59,75.16,合理诉求
852.3,1301.59,449.28999999999996,合理诉求
92.51,419.43,326.92,合理诉求
296.06,567.13,271.07,合理诉求
370.26,643.7,273.44000000000005,合理诉求
188.19,870.4,682.21,合理诉求
76.73,626.41,549.68,诉求偏高
23.27,492.1,468.83000000000004,诉求偏高
328.1,1829.27,1501.17,诉求偏高
357.69,654.88,297.19,合理诉求
942.66,2785.01,1842.3500000000004,合理诉求
60.18,221.12,160.94,合理诉求
99.29,100.96,1.6699999999999875,合理诉求
553.94,2662.54,2108.6,诉求偏高
366.56,2111.81,1745.25,诉求偏高
112.47,230.95,118.47999999999999,合理诉求
523.1,2622.2,2099.1,诉求偏高
201.53,270.95,69.41999999999999,合理诉求
318.57,597.03,278.46,合理诉求
268.64,864.76,596.12,合理诉求
242.69,253.99,11.300000000000011,合理诉求
843.61,3839.3,2995.69,诉求偏高
374.01,1493.07,1119.06,合理诉求
616.31,1082.48,466.1700000000001,合理诉求
84.81,1034.9,950.0900000000001,诉求偏高
514.07,1663.76,1149.69,合理诉求
341.49,392.65,51.15999999999997,合理诉求
30.03,426.41,396.38,诉求偏高
424.97,1015.25,590.28,合理诉求
2.62,179.35,176.73,合理诉求
401.5,1515.38,1113.88,合理诉求
266.41,569.09,302.68,合理诉求
188.48,316.25,127.77000000000001,合理诉求
74.82,731.3,656.48,诉求偏高
108.62,232.5,123.88,合理诉求
102.18,515.55,413.36999999999995,合理诉求
50.66,121.82,71.16,合理诉求
48.41,191.16,142.75,合理诉求
31.08,102.15,71.07000000000001,合理诉求
488.21,1072.62,584.4099999999999,合理诉求
208.73,361.3,152.57000000000002,合理诉求
51.74,696.27,644.53,诉求偏高
381.09,387.04,5.9500000000000455,合理诉求
108.36,130.25,21.89,合理诉求
120.41,127.25,6.840000000000003,合理诉求
393.21,779.27,386.06,合理诉求
728.75,1202.22,473.47,合理诉求
1243.69,2766.03,1522.3400000000001,合理诉求
21.43,180.07,158.64,合理诉求
207.87,304.78,96.90999999999997,合理诉求
118.19,556.75,438.56,合理诉求
104.81,1779.4,1674.5900000000001,严重超额
245.8,474.85,229.05,合理诉求
230.69,724.82,494.13000000000005,合理诉求
148.3,987.3,839.0,诉求偏高
93.39,1197.53,1104.1399999999999,诉求偏高
49.15,161.56,112.41,合理诉求
135.63,575.05,439.41999999999996,合理诉求
589.57,958.48,368.90999999999997,合理诉求
88.55,120.45,31.900000000000006,合理诉求
49.09,177.44,128.35,合理诉求
135.27,155.94,20.669999999999987,合理诉求
736.34,884.41,148.06999999999994,合理诉求
111.62,244.32,132.7,合理诉求
596.39,920.6,324.21000000000004,合理诉求
482.84,1582.8,1099.96,合理诉求
308.58,594.03,285.45,合理诉求
315.16,1017.48,702.3199999999999,合理诉求
139.97,303.21,163.23999999999998,合理诉求
60.01,601.31,541.3,诉求偏高
672.33,848.84,176.51,合理诉求
109.44,993.08,883.6400000000001,诉求偏高
510.77,1329.66,818.8900000000001,合理诉求
98.36,263.18,164.82,合理诉求
294.35,1020.49,726.14,合理诉求
468.03,1303.31,835.28,合理诉求
543.74,1485.66,941.9200000000001,合理诉求
499.5,854.25,354.75,合理诉求
42.77,169.52,126.75,合理诉求
684.17,1534.88,850.7100000000002,合理诉求
231.41,431.43,200.02,合理诉求
814.51,967.29,152.77999999999997,合理诉求
147.74,292.84,145.09999999999997,合理诉求
609.81,1281.65,671.8400000000001,合理诉求
484.27,1639.07,1154.8,合理诉求
211.92,446.75,234.83,合理诉求
28.18,103.99,75.81,合理诉求
119.32,123.39,4.070000000000007,合理诉求
2.93,100.29,97.36,合理诉求
648.46,4168.97,3520.51,严重超额
185.65,322.47,136.82000000000002,合理诉求
45.32,104.33,59.01,合理诉求
216.19,393.85,177.66000000000003,合理诉求
152.95,437.09,284.14,合理诉求
148.48,712.9,564.42,合理诉求
475.84,899.88,424.04,合理诉求
935.65,1969.77,1034.12,合理诉求
62.96,928.57,865.61,诉求偏高
261.27,275.2,13.930000000000007,合理诉求
51.87,453.25,401.38,诉求偏高
36.45,297.44,260.99,合理诉求
12.34,803.82,791.48,诉求偏高
33.88,185.14,151.26,合理诉求
83.01,108.23,25.22,合理诉求
306.16,650.1,343.94,合理诉求
341.83,391.58,49.75,合理诉求
495.21,1574.37,1079.1599999999999,合理诉求
135.76,428.11,292.35,合理诉求
186.07,450.36,264.29,合理诉求
194.59,608.42,413.8299999999999,合理诉求
63.15,156.77,93.62,合理诉求
304.37,937.25,632.88,合理诉求
117.57,262.77,145.2,合理诉求
257.55,519.37,261.82,合理诉求
61.88,198.12,136.24,合理诉求
118.71,375.88,257.17,合理诉求
200.87,351.16,150.29000000000002,合理诉求
17.52,122.93,105.41000000000001,合理诉求
240.84,449.65,208.80999999999997,合理诉求
985.37,1959.05,973.68,合理诉求
105.19,476.32,371.13,合理诉求
582.81,1646.1,1063.29,合理诉求
288.94,306.17,17.230000000000018,合理诉求
131.65,190.86,59.21000000000001,合理诉求
170.66,232.77,62.110000000000014,合理诉求
228.43,907.09,678.6600000000001,合理诉求
308.76,569.13,260.37,合理诉求
873.42,1064.1,190.67999999999995,合理诉求
386.02,1931.35,1545.33,诉求偏高
420.61,2639.87,2219.2599999999998,诉求偏高
596.18,1512.68,916.5000000000001,合理诉求
201.78,408.72,206.94000000000003,合理诉求
64.17,104.82,40.64999999999999,合理诉求
234.07,578.95,344.88000000000005,合理诉求
174.56,1459.09,1284.53,诉求偏高
48.55,145.64,97.08999999999999,合理诉求
109.44,596.05,486.60999999999996,合理诉求
190.15,215.96,25.810000000000002,合理诉求
580.09,2022.6,1442.5099999999998,合理诉求
28.6,100.37,71.77000000000001,合理诉求
268.92,576.97,308.05,合理诉求
355.99,536.93,180.93999999999994,合理诉求
78.45,294.25,215.8,合理诉求
126.25,1659.34,1533.09,严重超额
133.22,195.89,62.66999999999999,合理诉求
135.78,162.45,26.669999999999987,合理诉求
2.53,102.31,99.78,合理诉求
80.64,201.57,120.92999999999999,合理诉求
196.49,1060.76,864.27,诉求偏高
82.03,924.14,842.11,诉求偏高
482.22,1077.53,595.31,合理诉求
290.02,1007.58,717.5600000000001,合理诉求
45.31,275.62,230.31,合理诉求
312.58,2118.82,1806.2400000000002,诉求偏高
113.58,718.59,605.01,诉求偏高
120.83,851.77,730.9399999999999,诉求偏高
112.04,402.76,290.71999999999997,合理诉求
144.15,147.67,3.519999999999982,合理诉求
212.03,463.52,251.48999999999998,合理诉求
685.89,2462.85,1776.96,合理诉求
18.75,208.61,189.86,合理诉求
21.39,267.05,245.66000000000003,合理诉求
739.52,1997.7,1258.18,合理诉求
107.99,440.43,332.44,合理诉求
59.52,111.18,51.660000000000004,合理诉求
132.77,252.01,119.23999999999998,合理诉求
139.88,173.57,33.69,合理诉求
150.04,272.23,122.19000000000003,合理诉求
35.2,147.42,112.21999999999998,合理诉求
779.71,1875.14,1095.43,合理诉求
120.67,314.3,193.63,合理诉求
1054.98,3946.94,2891.96,诉求偏高
90.53,120.18,29.650000000000006,合理诉求
296.64,345.15,48.50999999999999,合理诉求
1.55,100.88,99.33,合理诉求
53.97,103.72,49.75,合理诉求
35.19,254.05,218.86,合理诉求
505.95,872.7,366.75000000000006,合理诉求
253.51,1355.03,1101.52,诉求偏高
96.58,222.63,126.05,合理诉求
301.59,407.24,105.65000000000003,合理诉求
468.41,1503.48,1035.07,合理诉求
136.61,139.69,3.079999999999984,合理诉求
140.36,235.4,95.03999999999999,合理诉求
490.08,736.28,246.2,合理诉求
15.25,100.04,84.79,合理诉求
408.79,2785.94,2377.15,严重超额
164.15,445.95,281.79999999999995,合理诉求
430.66,1163.68,733.02,合理诉求
120.19,460.25,340.06,合理诉求
246.75,751.44,504.69000000000005,合理诉求
32.51,250.39,217.88,合理诉求
455.25,2121.79,1666.54,诉求偏高
210.45,377.8,167.35000000000002,合理诉求
200.57,449.99,249.42000000000002,合理诉求
9.72,138.51,128.79,合理诉求
266.52,677.78,411.26,合理诉求
257.06,323.27,66.20999999999998,合理诉求
56.13,150.66,94.53,合理诉求
166.84,169.23,2.3899999999999864,合理诉求
206.04,244.14,38.099999999999994,合理诉求
4.64,105.0,100.36,合理诉求
185.68,279.53,93.84999999999997,合理诉求
2.59,100.01,97.42,合理诉求
340.01,437.22,97.21000000000004,合理诉求
105.88,699.17,593.29,诉求偏高
178.92,426.02,247.1,合理诉求
65.28,409.98,344.70000000000005,合理诉求
248.15,517.47,269.32000000000005,合理诉求
461.72,2144.73,1683.01,诉求偏高
81.44,232.28,150.84,合理诉求
41.65,196.37,154.72,合理诉求
413.92,897.14,483.21999999999997,合理诉求
229.39,261.93,32.54000000000002,合理诉求
907.59,2812.23,1904.6399999999999,合理诉求
59.78,179.69,119.91,合理诉求
160.52,306.6,146.08,合理诉求
155.0,1668.37,1513.37,严重超额
1092.36,4764.61,3672.25,诉求偏高
261.64,1038.91,777.2700000000001,合理诉求
214.6,522.35,307.75,合理诉求
218.44,949.53,731.0899999999999,合理诉求
101.23,106.46,5.22999999999999,合理诉求
436.85,788.77,351.91999999999996,合理诉求
139.2,202.68,63.48000000000002,合理诉求
48.07,1200.16,1152.0900000000001,严重超额
487.09,587.27,100.18,合理诉求
335.73,762.22,426.49,合理诉求
15.62,106.46,90.83999999999999,合理诉求
736.44,1943.37,1206.9299999999998,合理诉求
343.31,512.65,169.33999999999997,合理诉求
541.91,878.08,336.1700000000001,合理诉求
332.41,721.43,389.0199999999999,合理诉求
988.43,2001.68,1013.2500000000001,合理诉求
336.59,1648.38,1311.7900000000002,诉求偏高
60.66,120.84,60.18000000000001,合理诉求
154.86,531.64,376.78,合理诉求
79.2,276.27,197.07,合理诉求
88.66,1165.01,1076.35,诉求偏高
888.54,1327.47,438.93000000000006,合理诉求
998.32,3059.46,2061.14,合理诉求
278.14,1113.38,835.2400000000001,合理诉求
87.57,174.07,86.5,合理诉求
2140.71,2191.14,50.429999999999836,合理诉求
41.04,368.81,327.77,合理诉求
242.31,943.52,701.21,合理诉求
155.52,470.79,315.27,合理诉求
216.73,350.52,133.79,合理诉求
1177.47,2235.31,1057.84,合理诉求
81.75,104.67,22.92,合理诉求
243.91,337.53,93.61999999999998,合理诉求
515.71,1919.47,1403.76,合理诉求
287.71,948.55,660.8399999999999,合理诉求
1106.59,2443.26,1336.6700000000003,合理诉求
84.53,111.67,27.14,合理诉求
387.04,1193.67,806.6300000000001,合理诉求
96.45,333.4,236.95,合理诉求
253.6,344.8,91.20000000000002,合理诉求
148.6,857.89,709.29,诉求偏高
291.06,379.78,88.71999999999997,合理诉求
321.04,1100.73,779.69,合理诉求
160.29,174.6,14.310000000000002,合理诉求
115.04,435.91,320.87,合理诉求
226.64,518.33,291.69000000000005,合理诉求
197.71,619.52,421.80999999999995,合理诉求
70.39,600.65,530.26,诉求偏高
271.87,403.82,131.95,合理诉求
154.21,855.15,700.9399999999999,诉求偏高
0.84,101.32,100.47999999999999,合理诉求
315.03,1215.35,900.3199999999999,合理诉求
10.09,112.8,102.71,合理诉求
264.48,1086.18,821.7,合理诉求
274.15,625.95,351.80000000000007,合理诉求
595.82,1816.89,1221.0700000000002,合理诉求
433.99,1518.61,1084.62,合理诉求
448.5,497.3,48.80000000000001,合理诉求
176.09,447.17,271.08000000000004,合理诉求
522.07,590.29,68.21999999999991,合理诉求
402.97,729.79,326.81999999999994,合理诉求
25.2,102.87,77.67,合理诉求
152.49,301.26,148.76999999999998,合理诉求
139.42,615.51,476.09000000000003,合理诉求
362.31,527.35,165.04000000000002,合理诉求
385.71,522.87,137.16000000000003,合理诉求
47.92,271.85,223.93,合理诉求
52.01,103.67,51.660000000000004,合理诉求
549.56,555.89,6.330000000000041,合理诉求
24.8,122.97,98.17,合理诉求
173.61,740.51,566.9,合理诉求
87.05,439.0,351.95,合理诉求
175.91,529.65,353.74,合理诉求
416.63,603.55,186.91999999999996,合理诉求
59.82,399.65,339.83,合理诉求
582.27,1548.49,966.22,合理诉求
44.27,110.88,66.60999999999999,合理诉求
88.39,103.15,14.760000000000005,合理诉求
75.01,145.44,70.42999999999999,合理诉求
74.84,301.51,226.67,合理诉求
554.36,694.69,140.33000000000004,合理诉求
122.74,287.16,164.42000000000002,合理诉求
170.32,365.75,195.43,合理诉求
226.46,771.63,545.17,合理诉求
235.0,881.56,646.56,合理诉求
1024.33,2305.41,1281.08,合理诉求
89.27,258.54,169.27000000000004,合理诉求
89.8,104.44,14.64,合理诉求
541.32,2562.25,2020.9299999999998,诉求偏高
18.91,178.64,159.73,合理诉求
1329.24,2976.87,1647.6299999999999,合理诉求
27.1,246.6,219.5,合理诉求
912.18,1149.34,237.15999999999997,合理诉求
329.03,939.58,610.5500000000001,合理诉求
325.58,507.32,181.74,合理诉求
50.65,714.15,663.5,诉求偏高
268.5,2211.14,1942.6399999999999,严重超额
371.08,752.61,381.53000000000003,合理诉求
33.56,118.1,84.53999999999999,合理诉求
210.16,566.5,356.34000000000003,合理诉求
464.18,931.37,467.19,合理诉求
255.73,2655.65,2399.92,严重超额
626.87,1167.67,540.8000000000001,合理诉求
469.73,1311.59,841.8599999999999,合理诉求
516.79,1826.15,1309.3600000000001,合理诉求
990.84,1852.38,861.5400000000001,合理诉求
89.22,189.99,100.77000000000001,合理诉求
353.64,506.96,153.32,合理诉求
758.31,3552.72,2794.41,诉求偏高
55.29,796.2,740.9100000000001,诉求偏高
140.23,180.48,40.25,合理诉求
4.81,100.99,96.17999999999999,合理诉求
68.78,397.24,328.46000000000004,合理诉求
228.68,629.65,400.96999999999997,合理诉求
36.99,331.86,294.87,合理诉求
20.98,174.46,153.48000000000002,合理诉求
947.51,1132.68,185.17000000000007,合理诉求
432.38,3034.58,2602.2,严重超额
804.17,2443.57,1639.4,合理诉求
667.13,748.72,81.59000000000003,合理诉求
57.54,158.69,101.15,合理诉求
224.89,1554.57,1329.6799999999998,诉求偏高
42.47,290.38,247.91,合理诉求
49.05,323.2,274.15,合理诉求
389.73,1320.61,930.8799999999999,合理诉求
116.46,212.53,96.07000000000001,合理诉求
599.01,1008.74,409.73,合理诉求
38.27,709.88,671.61,诉求偏高
683.06,1174.9,491.84000000000015,合理诉求
195.32,1053.38,858.0600000000002,诉求偏高
226.45,260.61,34.160000000000025,合理诉求
265.21,359.13,93.92000000000002,合理诉求
281.69,1126.22,844.53,合理诉求
619.49,970.47,350.98,合理诉求
89.55,960.01,870.46,诉求偏高
341.77,821.88,480.11,合理诉求
306.22,431.26,125.03999999999996,合理诉求
185.14,313.63,128.49,合理诉求
153.01,277.05,124.04000000000002,合理诉求
65.62,305.72,240.10000000000002,合理诉求
126.16,717.02,590.86,诉求偏高
483.5,1661.1,1177.6,合理诉求
499.05,644.44,145.39000000000004,合理诉求
83.64,596.69,513.0500000000001,诉求偏高
351.09,2269.23,1918.14,诉求偏高
36.51,100.43,63.92000000000001,合理诉求
411.99,2309.87,1897.8799999999999,诉求偏高
313.64,452.73,139.09000000000003,合理诉求
696.49,1634.07,937.5799999999999,合理诉求
356.38,366.26,9.879999999999995,合理诉求
1370.68,1925.13,554.45,合理诉求
22.38,146.44,124.06,合理诉求
44.94,108.63,63.69,合理诉求
149.83,162.73,12.899999999999977,合理诉求
670.28,3436.67,2766.3900000000003,诉求偏高
445.33,624.78,179.45,合理诉求
274.94,713.71,438.77000000000004,合理诉求
75.18,144.99,69.81,合理诉求
96.29,175.29,78.99999999999999,合理诉求
112.6,233.63,121.03,合理诉求
55.58,169.24,113.66000000000001,合理诉求
35.78,127.88,92.1,合理诉求
249.35,809.76,560.41,合理诉求
354.55,525.38,170.82999999999998,合理诉求
4.34,100.04,95.7,合理诉求
626.51,1275.92,649.4100000000001,合理诉求
40.03,352.69,312.65999999999997,合理诉求
560.99,2033.55,1472.56,合理诉求
93.75,686.04,592.29,诉求偏高
129.66,502.08,372.41999999999996,合理诉求
18.03,118.05,100.02,合理诉求
725.5,2499.59,1774.0900000000001,合理诉求
195.09,294.14,99.04999999999998,合理诉求
396.24,562.33,166.09000000000003,合理诉求
41.23,293.94,252.71,合理诉求
17.02,196.59,179.57,合理诉求
419.86,1131.64,711.7800000000001,合理诉求
12.51,104.55,92.03999999999999,合理诉求
358.28,931.87,573.59,合理诉求
209.86,382.75,172.89,合理诉求
273.7,986.63,712.9300000000001,合理诉求
166.59,898.8,732.2099999999999,诉求偏高
370.19,616.42,246.22999999999996,合理诉求
147.25,843.81,696.56,诉求偏高
190.75,597.26,406.51,合理诉求
845.64,1406.28,560.64,合理诉求
271.72,1046.23,774.51,合理诉求
72.57,212.08,139.51000000000002,合理诉求
168.58,644.49,475.90999999999997,合理诉求
638.92,909.62,270.70000000000005,合理诉求
818.19,3888.49,3070.2999999999997,诉求偏高
157.72,886.79,729.0699999999999,诉求偏高
17.71,312.51,294.8,合理诉求
336.39,344.22,7.830000000000041,合理诉求
435.19,2766.66,2331.47,严重超额
248.19,493.7,245.51,合理诉求
233.09,352.14,119.04999999999998,合理诉求
349.07,1280.98,931.9100000000001,合理诉求
70.06,271.52,201.45999999999998,合理诉求
23.42,193.11,169.69,合理诉求
59.18,118.35,59.169999999999995,合理诉求
752.2,3614.63,2862.4300000000003,诉求偏高
235.39,248.57,13.180000000000007,合理诉求
90.41,185.79,95.38,合理诉求
319.02,831.4,512.38,合理诉求
220.24,719.12,498.88,合理诉求
77.82,192.3,114.48000000000002,合理诉求
61.88,168.08,106.20000000000002,合理诉求
897.09,1181.03,283.93999999999994,合理诉求
416.34,615.2,198.86000000000007,合理诉求
46.09,171.16,125.07,合理诉求
251.91,557.03,305.12,合理诉求
50.44,153.5,103.06,合理诉求
56.88,153.96,97.08000000000001,合理诉求
115.99,199.08,83.09000000000002,合理诉求
253.55,509.92,256.37,合理诉求
387.84,1096.01,708.1700000000001,合理诉求
94.01,220.9,126.89,合理诉求
33.59,104.63,71.03999999999999,合理诉求
13.86,100.65,86.79,合理诉求
412.32,1263.45,851.1300000000001,合理诉求
671.85,775.32,103.47000000000003,合理诉求
345.94,611.05,265.10999999999996,合理诉求
458.05,1472.71,1014.6600000000001,合理诉求
181.84,262.57,80.72999999999999,合理诉求
155.51,213.39,57.879999999999995,合理诉求
379.07,407.09,28.019999999999982,合理诉求
140.25,1312.64,1172.39,诉求偏高
76.86,1176.36,1099.5,诉求偏高
427.48,1133.85,706.3699999999999,合理诉求
666.49,2792.66,2126.17,诉求偏高
16.39,129.19,112.8,合理诉求
308.13,983.99,675.86,合理诉求
125.98,126.06,0.0799999999999983,合理诉求
706.7,3514.48,2807.7799999999997,诉求偏高
23.12,518.36,495.24,诉求偏高
336.4,2185.91,1849.5099999999998,诉求偏高
128.43,493.73,365.3,合理诉求
90.6,103.68,13.080000000000013,合理诉求
46.49,158.91,112.41999999999999,合理诉求
346.31,1764.63,1418.3200000000002,诉求偏高
181.2,607.7,426.50000000000006,合理诉求
501.63,683.7,182.07000000000005,合理诉求
595.18,686.37,91.19000000000005,合理诉求
60.19,154.31,94.12,合理诉求
298.88,897.12,598.24,合理诉求
127.35,434.1,306.75,合理诉求
75.32,102.07,26.75,合理诉求
249.21,356.26,107.04999999999998,合理诉求
139.33,251.47,112.13999999999999,合理诉求
453.43,1100.6,647.1699999999998,合理诉求
104.6,138.35,33.75,合理诉求
119.57,186.13,66.56,合理诉求
510.53,759.33,248.80000000000007,合理诉求
40.41,400.71,360.29999999999995,合理诉求
454.88,2428.11,1973.23,诉求偏高
182.68,551.57,368.89000000000004,合理诉求
142.07,272.89,130.82,合理诉求
175.22,240.51,65.28999999999999,合理诉求
51.38,484.55,433.17,诉求偏高
1.16,103.59,102.43,合理诉求
33.36,105.33,71.97,合理诉求
535.27,2058.2,1522.9299999999998,合理诉求
528.43,1561.3,1032.87,合理诉求
101.92,399.11,297.19,合理诉求
303.49,743.72,440.23,合理诉求
822.17,1177.2,355.0300000000001,合理诉求
614.9,837.88,222.98000000000002,合理诉求
125.22,233.93,108.71000000000001,合理诉求
477.11,881.55,404.43999999999994,合理诉求
427.01,566.69,139.68000000000006,合理诉求
176.29,354.89,178.6,合理诉求
49.58,123.83,74.25,合理诉求
112.59,1231.88,1119.2900000000002,诉求偏高
245.5,287.98,42.48000000000002,合理诉求
245.45,467.51,222.06,合理诉求
180.56,422.33,241.76999999999998,合理诉求
463.81,812.03,348.21999999999997,合理诉求
128.96,158.08,29.120000000000005,合理诉求
442.18,1409.38,967.2,合理诉求
3.72,157.12,153.4,合理诉求
616.68,623.06,6.3799999999999955,合理诉求
447.41,878.7,431.29,合理诉求
240.24,773.82,533.58,合理诉求
132.54,463.55,331.01,合理诉求
45.83,145.36,99.53000000000002,合理诉求
284.42,550.98,266.56,合理诉求
233.24,1828.04,1594.8,诉求偏高
204.46,1508.99,1304.53,诉求偏高
328.34,627.24,298.90000000000003,合理诉求
324.99,2236.71,1911.72,诉求偏高
485.68,967.35,481.67,合理诉求
266.37,268.18,1.8100000000000023,合理诉求
79.71,157.24,77.53000000000002,合理诉求
235.46,494.59,259.13,合理诉求
738.78,1039.15,300.3700000000001,合理诉求
2277.96,3460.7,1182.7399999999998,合理诉求
13.28,361.75,348.47,诉求偏高
168.11,188.44,20.329999999999984,合理诉求
233.07,475.59,242.51999999999998,合理诉求
325.48,452.14,126.65999999999997,合理诉求
529.07,817.74,288.66999999999996,合理诉求
254.62,394.52,139.89999999999998,合理诉求
212.34,308.37,96.03,合理诉求
1336.77,3798.17,2461.4,合理诉求
96.93,398.68,301.75,合理诉求
930.97,3707.94,2776.9700000000003,诉求偏高
117.74,170.36,52.62000000000002,合理诉求
311.97,455.97,144.0,合理诉求
592.02,1947.1,1355.08,合理诉求
1177.25,5343.11,4165.86,诉求偏高
539.57,968.58,429.01,合理诉求
76.06,112.04,35.980000000000004,合理诉求
201.34,224.16,22.819999999999993,合理诉求
784.3,932.81,148.51,合理诉求
239.84,264.8,24.960000000000008,合理诉求
405.85,826.66,420.80999999999995,合理诉求
243.26,489.98,246.72000000000003,合理诉求
273.59,690.7,417.11000000000007,合理诉求
325.18,515.88,190.7,合理诉求
460.15,793.11,332.96000000000004,合理诉求
326.7,624.88,298.18,合理诉求
53.64,197.24,143.60000000000002,合理诉求
117.86,261.47,143.61,合理诉求
83.87,112.56,28.689999999999998,合理诉求
581.24,662.7,81.46000000000004,合理诉求
374.41,1449.81,1075.3999999999999,合理诉求
85.1,345.16,260.06000000000006,合理诉求
618.47,1361.63,743.1600000000001,合理诉求
30.59,185.3,154.71,合理诉求
35.94,621.39,585.45,诉求偏高
117.09,449.71,332.62,合理诉求
110.69,216.71,106.02000000000001,合理诉求
3.55,100.01,96.46000000000001,合理诉求
578.28,2134.92,1556.64,合理诉求
445.24,671.59,226.35000000000002,合理诉求
377.5,818.86,441.36,合理诉求
129.88,370.43,240.55,合理诉求
25.39,499.96,474.57,诉求偏高
745.92,1538.4,792.4800000000001,合理诉求
322.66,1147.62,824.9599999999998,合理诉求
162.66,506.19,343.53,合理诉求
246.21,725.19,478.98,合理诉求
88.3,662.58,574.2800000000001,诉求偏高
81.67,672.92,591.25,诉求偏高
594.39,2607.78,2013.3900000000003,诉求偏高
417.76,1533.91,1116.15,合理诉求
326.31,827.62,501.31,合理诉求
59.47,773.05,713.5799999999999,诉求偏高
108.95,369.68,260.73,合理诉求
1154.34,2335.75,1181.41,合理诉求
1140.65,3961.77,2821.12,合理诉求
49.49,220.13,170.64,合理诉求
60.0,322.78,262.78,合理诉求
70.09,114.55,44.459999999999994,合理诉求
188.87,217.75,28.879999999999995,合理诉求
268.56,281.69,13.129999999999995,合理诉求
122.93,274.67,151.74,合理诉求
40.17,235.7,195.52999999999997,合理诉求
161.25,1071.91,910.6600000000001,诉求偏高
628.41,1358.71,730.3000000000001,合理诉求
77.21,198.26,121.05,合理诉求
385.76,1329.39,943.6300000000001,合理诉求
251.44,407.92,156.48000000000002,合理诉求
86.85,208.95,122.1,合理诉求
102.6,617.12,514.52,合理诉求
15.94,112.72,96.78,合理诉求
505.3,740.59,235.29000000000002,合理诉求
149.27,455.97,306.70000000000005,合理诉求
33.14,159.78,126.64,合理诉求
8.4,102.01,93.61,合理诉求
330.97,426.17,95.19999999999999,合理诉求
45.92,180.13,134.20999999999998,合理诉求
274.77,329.69,54.920000000000016,合理诉求
661.85,1154.27,492.41999999999996,合理诉求
53.9,250.93,197.03,合理诉求
155.92,257.7,101.78,合理诉求
191.32,608.88,417.56,合理诉求
22.26,122.81,100.55,合理诉求
375.84,1041.94,666.1000000000001,合理诉求
76.38,122.48,46.10000000000001,合理诉求
319.75,695.5,375.75,合理诉求
13.92,133.87,119.95,合理诉求
285.69,699.51,413.82,合理诉求
14.3,124.58,110.28,合理诉求
322.15,2117.04,1794.8899999999999,诉求偏高
196.24,256.94,60.69999999999999,合理诉求
45.84,202.98,157.14,合理诉求
89.27,186.13,96.86,合理诉求
169.19,695.24,526.05,合理诉求
323.93,1324.54,1000.6099999999999,合理诉求
165.05,303.15,138.09999999999997,合理诉求
190.86,453.96,263.09999999999997,合理诉求
638.03,3045.93,2407.8999999999996,诉求偏高
332.41,528.36,195.95,合理诉求
503.05,1006.08,503.03000000000003,合理诉求
81.79,114.79,33.0,合理诉求
162.35,285.2,122.85,合理诉求
290.4,473.18,182.78000000000003,合理诉求
730.47,3008.82,2278.3500000000004,诉求偏高
90.22,274.5,184.28,合理诉求
233.54,521.72,288.18000000000006,合理诉求
1229.06,3227.04,1997.98,合理诉求
497.01,677.13,180.12,合理诉求
29.62,137.11,107.49000000000001,合理诉求
214.1,439.41,225.31000000000003,合理诉求
77.8,270.83,193.02999999999997,合理诉求
81.96,130.7,48.739999999999995,合理诉求
874.05,3285.04,2410.99,合理诉求
483.36,1132.78,649.42,合理诉求
610.32,714.45,104.13,合理诉求
214.57,505.29,290.72,合理诉求
427.31,1566.84,1139.53,合理诉求
75.84,104.68,28.840000000000003,合理诉求
17.5,138.6,121.1,合理诉求
84.68,107.57,22.889999999999986,合理诉求
292.95,1628.26,1335.31,诉求偏高
699.94,2766.98,2067.04,诉求偏高
113.94,219.06,105.12,合理诉求
118.23,142.96,24.730000000000004,合理诉求
294.46,382.17,87.71000000000004,合理诉求
511.05,3274.57,2763.52,严重超额
737.41,3260.66,2523.25,诉求偏高
166.59,940.76,774.17,诉求偏高
534.8,1623.09,1088.29,合理诉求
879.34,3435.96,2556.62,诉求偏高
83.12,625.41,542.29,诉求偏高
82.41,1145.6,1063.1899999999998,诉求偏高
692.87,1847.91,1155.04,合理诉求
373.39,1557.34,1183.9499999999998,合理诉求
281.87,548.41,266.53999999999996,合理诉求
68.39,270.36,201.97000000000003,合理诉求
50.07,175.66,125.59,合理诉求
428.78,1038.34,609.56,合理诉求
269.63,917.24,647.61,合理诉求
273.94,1550.23,1276.29,诉求偏高
673.38,2085.31,1411.9299999999998,合理诉求
110.43,323.39,212.95999999999998,合理诉求
235.35,338.8,103.45000000000002,合理诉求
179.47,950.3,770.8299999999999,诉求偏高
118.65,386.08,267.42999999999995,合理诉求
194.19,357.55,163.36,合理诉求
39.16,198.33,159.17000000000002,合理诉求
384.57,730.04,345.46999999999997,合理诉求
81.93,484.46,402.53,合理诉求
350.13,480.91,130.78000000000003,合理诉求
35.89,113.45,77.56,合理诉求
74.98,190.37,115.39,合理诉求
23.83,132.94,109.11,合理诉求
461.69,1234.49,772.8,合理诉求
220.15,1936.4,1716.25,严重超额
287.22,596.34,309.12,合理诉求
138.19,457.51,319.32,合理诉求
86.11,571.5,485.39,诉求偏高
108.43,156.9,48.47,合理诉求
218.59,263.98,45.390000000000015,合理诉求
50.6,579.99,529.39,诉求偏高
149.44,473.34,323.9,合理诉求
12.18,109.85,97.66999999999999,合理诉求
208.36,835.7,627.34,合理诉求
525.86,785.1,259.24,合理诉求
69.25,139.21,69.96000000000001,合理诉求
427.98,1016.31,588.3299999999999,合理诉求
129.87,457.9,328.03,合理诉求
375.7,404.74,29.04000000000002,合理诉求
265.54,268.67,3.1299999999999955,合理诉求
13.7,190.54,176.84,合理诉求
117.29,604.08,486.79,合理诉求
309.43,959.87,650.44,合理诉求
70.68,103.05,32.36999999999999,合理诉求
765.18,1527.63,762.4500000000002,合理诉求
120.76,137.36,16.60000000000001,合理诉求
293.2,551.22,258.02000000000004,合理诉求
333.84,2427.35,2093.5099999999998,严重超额
94.1,183.74,89.64000000000001,合理诉求
500.54,728.24,227.7,合理诉求
26.27,103.69,77.42,合理诉求
136.68,575.18,438.49999999999994,合理诉求
1084.44,1132.82,48.37999999999988,合理诉求
542.8,1607.21,1064.41,合理诉求
500.62,695.22,194.60000000000002,合理诉求
124.06,709.95,585.8900000000001,诉求偏高
185.18,508.1,322.92,合理诉求
125.91,401.14,275.23,合理诉求
92.13,254.15,162.02,合理诉求
16.43,131.27,114.84,合理诉求
97.45,1300.7,1203.25,严重超额
445.04,1031.62,586.5799999999999,合理诉求
850.45,1807.35,956.8999999999999,合理诉求
503.82,1051.62,547.8,合理诉求
134.51,200.43,65.92000000000002,合理诉求
172.92,953.42,780.5,诉求偏高
269.87,408.27,138.39999999999998,合理诉求
24.17,108.09,83.92,合理诉求
514.15,2828.25,2314.1,诉求偏高
91.36,227.35,135.99,合理诉求
373.13,972.83,599.7,合理诉求
92.92,323.1,230.18,合理诉求
31.53,130.49,98.96000000000001,合理诉求
140.7,506.68,365.98,合理诉求
238.06,479.52,241.45999999999998,合理诉求
1969.28,3823.32,1854.0400000000002,合理诉求
284.39,909.02,624.63,合理诉求
698.63,3217.01,2518.38,诉求偏高
14.14,531.26,517.12,诉求偏高
605.8,1733.36,1127.56,合理诉求
163.24,318.47,155.23000000000002,合理诉求
201.57,385.1,183.53000000000003,合理诉求
10.53,100.16,89.63,合理诉求
567.06,717.58,150.5200000000001,合理诉求
449.88,2020.03,1570.15,诉求偏高
186.94,1837.21,1650.27,严重超额
264.07,854.95,590.8800000000001,合理诉求
123.6,812.73,689.13,诉求偏高
662.32,1442.22,779.9,合理诉求
326.84,687.0,360.16,合理诉求
207.8,225.75,17.94999999999999,合理诉求
73.2,677.85,604.65,诉求偏高
14.06,131.13,117.07,合理诉求
523.84,692.77,168.92999999999995,合理诉求
182.84,705.97,523.13,合理诉求
413.31,1184.47,771.1600000000001,合理诉求
174.75,493.07,318.32,合理诉求
498.93,1290.18,791.25,合理诉求
79.02,663.18,584.16,诉求偏高
475.47,1403.35,927.8799999999999,合理诉求
1244.19,2007.68,763.49,合理诉求
20.82,100.51,79.69,合理诉求
258.14,282.85,24.710000000000036,合理诉求
120.65,1086.73,966.08,诉求偏高
118.66,289.37,170.71,合理诉求
192.28,242.29,50.00999999999999,合理诉求
574.25,1833.17,1258.92,合理诉求
118.69,164.08,45.390000000000015,合理诉求
367.74,1868.51,1500.77,诉求偏高
558.07,1439.15,881.08,合理诉求
74.02,267.53,193.51,合理诉求
175.66,305.12,129.46,合理诉求
515.35,917.88,402.53,合理诉求
379.11,1465.38,1086.27,合理诉求
685.11,1386.48,701.37,合理诉求
465.44,3703.99,3238.5499999999997,严重超额
418.52,1188.98,770.46,合理诉求
165.54,198.86,33.32000000000002,合理诉求
423.52,1268.42,844.9000000000001,合理诉求
50.91,103.54,52.63000000000001,合理诉求
105.62,112.67,7.049999999999997,合理诉求
1157.25,2375.36,1218.1100000000001,合理诉求
158.62,223.44,64.82,合理诉求
317.31,548.38,231.07,合理诉求
8.06,359.49,351.43,诉求偏高
384.62,1345.11,960.4899999999999,合理诉求
151.66,460.15,308.49,合理诉求
348.58,518.11,169.53000000000003,合理诉求
381.71,1196.28,814.5699999999999,合理诉求
352.14,753.23,401.09000000000003,合理诉求
594.38,1903.38,1309.0,合理诉求
284.69,342.08,57.389999999999986,合理诉求
220.54,1196.81,976.27,诉求偏高
104.07,175.48,71.41,合理诉求
67.32,1056.5,989.1800000000001,诉求偏高
359.22,1091.36,732.1399999999999,合理诉求
552.74,895.21,342.47,合理诉求
22.75,111.11,88.36,合理诉求
265.67,974.6,708.9300000000001,合理诉求
63.14,336.75,273.61,合理诉求
318.21,1197.15,878.94,合理诉求
150.07,691.17,541.0999999999999,合理诉求
254.22,608.46,354.24,合理诉求
706.67,1969.24,1262.5700000000002,合理诉求
86.72,282.38,195.66,合理诉求
779.8,4135.78,3355.9799999999996,诉求偏高
49.48,141.66,92.18,合理诉求
119.01,570.58,451.57000000000005,合理诉求
167.93,183.26,15.329999999999984,合理诉求
102.42,370.53,268.10999999999996,合理诉求
26.8,100.63,73.83,合理诉求
38.55,121.82,83.27,合理诉求
111.23,140.04,28.809999999999988,合理诉求
198.09,474.65,276.55999999999995,合理诉求
154.53,236.99,82.46000000000001,合理诉求
1256.7,2597.61,1340.91,合理诉求
237.31,446.33,209.01999999999998,合理诉求
36.49,381.07,344.58,合理诉求
33.85,171.16,137.31,合理诉求
156.66,387.16,230.50000000000003,合理诉求
259.54,466.17,206.63,合理诉求
212.87,1005.65,792.78,合理诉求
423.88,778.8,354.91999999999996,合理诉求
223.46,817.21,593.75,合理诉求
111.45,213.17,101.71999999999998,合理诉求
214.8,392.43,177.63,合理诉求
108.43,264.28,155.84999999999997,合理诉求
51.93,104.27,52.339999999999996,合理诉求
206.64,447.65,241.01,合理诉求
793.77,1575.0,781.23,合理诉求
170.76,190.0,19.24000000000001,合理诉求
181.03,190.44,9.409999999999997,合理诉求
257.08,958.28,701.2,合理诉求
166.8,211.37,44.56999999999999,合理诉求
65.53,521.9,456.37,诉求偏高
636.31,1043.86,407.54999999999995,合理诉求
230.78,547.8,317.02,合理诉求
122.94,261.26,138.32,合理诉求
28.3,182.98,154.67999999999998,合理诉求
241.46,1063.26,821.8,合理诉求
53.39,124.66,71.27,合理诉求
749.86,1143.29,393.42999999999995,合理诉求
49.01,135.87,86.86000000000001,合理诉求
756.81,2515.22,1758.4099999999999,合理诉求
390.21,522.18,131.96999999999997,合理诉求
779.46,1720.31,940.8499999999999,合理诉求
29.82,125.27,95.44999999999999,合理诉求
95.42,294.97,199.55,合理诉求
179.19,1007.29,828.0999999999999,诉求偏高
79.57,120.26,40.69000000000001,合理诉求
27.14,116.62,89.48,合理诉求
383.46,459.21,75.75,合理诉求
456.82,536.76,79.94,合理诉求
107.87,183.95,76.07999999999998,合理诉求
146.05,496.21,350.15999999999997,合理诉求
6.78,100.2,93.42,合理诉求
150.97,746.02,595.05,合理诉求
307.44,1058.84,751.3999999999999,合理诉求
585.6,3921.99,3336.39,严重超额
389.2,1294.06,904.8599999999999,合理诉求
314.7,603.09,288.39000000000004,合理诉求
385.42,2642.42,2257.0,严重超额
117.89,582.33,464.44000000000005,合理诉求
938.31,1350.23,411.9200000000001,合理诉求
475.61,2231.31,1755.6999999999998,诉求偏高
786.15,881.19,95.04000000000008,合理诉求
1.19,100.77,99.58,合理诉求
138.82,257.39,118.57,合理诉求
41.17,325.86,284.69,合理诉求
613.58,1361.94,748.36,合理诉求
430.21,916.5,486.29,合理诉求
243.62,549.71,306.09000000000003,合理诉求
216.58,250.6,34.01999999999998,合理诉求
71.09,100.19,29.099999999999994,合理诉求
155.67,286.8,131.13000000000002,合理诉求
771.55,886.63,115.08000000000004,合理诉求
269.0,340.87,71.87,合理诉求
89.9,302.54,212.64000000000001,合理诉求
324.57,871.01,546.44,合理诉求
564.93,626.37,61.440000000000055,合理诉求
361.1,856.1,495.0,合理诉求
467.28,1126.42,659.1400000000001,合理诉求
359.84,386.23,26.390000000000043,合理诉求
279.59,723.79,444.2,合理诉求
69.42,101.53,32.11,合理诉求
64.28,181.82,117.53999999999999,合理诉求
1571.84,3510.53,1938.6900000000003,合理诉求
1185.13,1732.59,547.4599999999998,合理诉求
3.04,100.58,97.53999999999999,合理诉求
328.43,642.36,313.93,合理诉求
93.1,193.6,100.5,合理诉求
485.85,635.82,149.97000000000003,合理诉求
1.73,119.65,117.92,合理诉求
219.07,394.87,175.8,合理诉求
7.43,101.44,94.00999999999999,合理诉求
202.07,291.95,89.88,合理诉求
131.89,260.24,128.35000000000002,合理诉求
1093.72,1975.41,881.69,合理诉求
148.45,362.3,213.85000000000002,合理诉求
1272.28,2459.53,1187.2500000000002,合理诉求
502.13,1862.81,1360.6799999999998,合理诉求
293.53,1074.92,781.3900000000001,合理诉求
192.87,449.53,256.65999999999997,合理诉求
44.77,150.54,105.76999999999998,合理诉求
39.67,215.34,175.67000000000002,合理诉求
59.98,106.46,46.48,合理诉求
487.62,798.99,311.37,合理诉求
27.85,116.38,88.53,合理诉求
154.68,307.12,152.44,合理诉求
69.93,149.93,80.0,合理诉求
390.05,705.7,315.65000000000003,合理诉求
455.49,925.27,469.78,合理诉求
169.05,648.88,479.83,合理诉求
216.98,1188.63,971.6500000000001,诉求偏高
224.04,1344.88,1120.8400000000001,诉求偏高
105.88,312.5,206.62,合理诉求
447.99,527.86,79.87,合理诉求
152.86,225.47,72.60999999999999,合理诉求
185.24,487.51,302.27,合理诉求
346.31,476.61,130.3,合理诉求
1115.5,1694.0,578.5,合理诉求
124.69,383.59,258.9,合理诉求
184.43,242.25,57.81999999999999,合理诉求
45.56,193.88,148.32,合理诉求
45.25,146.05,100.80000000000001,合理诉求
107.71,270.03,162.32,合理诉求
522.25,550.15,27.899999999999977,合理诉求
22.6,163.58,140.98000000000002,合理诉求
112.89,672.48,559.59,诉求偏高
273.0,492.89,219.89,合理诉求
419.23,1375.12,955.8899999999999,合理诉求
240.55,599.75,359.2,合理诉求
551.1,1223.55,672.4499999999999,合理诉求
379.34,633.05,253.70999999999998,合理诉求
23.47,100.48,77.01,合理诉求
264.27,1243.65,979.3800000000001,诉求偏高
235.17,284.7,49.53,合理诉求
147.69,228.94,81.25,合理诉求
276.63,748.51,471.88,合理诉求
40.48,142.72,102.24000000000001,合理诉求
64.64,107.32,42.67999999999999,合理诉求
435.42,681.71,246.29000000000002,合理诉求
483.61,952.9,469.28999999999996,合理诉求
82.78,189.68,106.9,合理诉求
68.71,209.85,141.14,合理诉求
887.23,3843.29,2956.06,诉求偏高
54.91,269.63,214.72,合理诉求
174.98,420.6,245.62000000000003,合理诉求
29.5,104.01,74.51,合理诉求
39.64,106.1,66.46,合理诉求
206.31,509.83,303.52,合理诉求
225.29,724.07,498.7800000000001,合理诉求
8.25,102.21,93.96,合理诉求
548.07,1523.89,975.82,合理诉求
4.29,109.23,104.94,合理诉求
59.77,103.88,44.10999999999999,合理诉求
191.28,792.41,601.13,合理诉求
169.03,421.72,252.69000000000003,合理诉求
55.84,102.42,46.58,合理诉求
3.73,179.51,175.78,合理诉求
254.95,255.48,0.5300000000000011,合理诉求
201.5,562.66,361.15999999999997,合理诉求
415.01,1541.91,1126.9,合理诉求
242.43,869.77,627.3399999999999,合理诉求
491.7,699.41,207.70999999999998,合理诉求
443.71,1265.84,822.1299999999999,合理诉求
107.17,331.44,224.26999999999998,合理诉求
141.62,509.64,368.02,合理诉求
633.59,2909.93,2276.3399999999997,诉求偏高
510.93,1924.92,1413.99,合理诉求
30.07,277.45,247.38,合理诉求
275.96,624.06,348.09999999999997,合理诉求
406.23,807.43,401.19999999999993,合理诉求
852.92,859.88,6.960000000000036,合理诉求
891.71,3278.33,2386.62,合理诉求
65.7,102.76,37.06,合理诉求
101.12,1048.15,947.0300000000001,诉求偏高
661.96,1446.77,784.81,合理诉求
256.62,1948.1,1691.48,严重超额
53.81,177.71,123.9,合理诉求
256.38,300.59,44.20999999999998,合理诉求
539.72,2873.57,2333.8500000000004,诉求偏高
407.86,1640.09,1232.23,合理诉求
12.89,282.79,269.90000000000003,合理诉求
971.64,1507.27,535.63,合理诉求
642.19,2265.22,1623.0299999999997,合理诉求
211.18,1875.1,1663.9199999999998,严重超额
217.77,292.25,74.47999999999999,合理诉求
1229.97,2708.39,1478.4199999999998,合理诉求
352.99,736.04,383.04999999999995,合理诉求
32.09,143.82,111.72999999999999,合理诉求
124.26,164.49,40.230000000000004,合理诉求
171.5,389.35,217.85000000000002,合理诉求
118.82,167.8,48.98000000000002,合理诉求
111.03,164.32,53.28999999999999,合理诉求
62.81,106.93,44.120000000000005,合理诉求
150.52,1007.79,857.27,诉求偏高
464.69,735.89,271.2,合理诉求
490.92,662.52,171.59999999999997,合理诉求
782.11,2767.37,1985.2599999999998,合理诉求
107.32,643.74,536.4200000000001,诉求偏高
95.02,1119.36,1024.34,诉求偏高
6.25,103.71,97.46,合理诉求
146.94,657.56,510.61999999999995,合理诉求
562.87,1913.27,1350.4,合理诉求
64.52,117.07,52.55,合理诉求
121.59,1207.14,1085.5500000000002,诉求偏高
744.37,2254.61,1510.2400000000002,合理诉求
4.17,198.56,194.39000000000001,合理诉求
154.02,1073.31,919.29,诉求偏高
95.14,145.75,50.61,合理诉求
263.19,371.92,108.73000000000002,合理诉求
23.44,183.82,160.38,合理诉求
731.01,1754.23,1023.22,合理诉求
143.91,1303.43,1159.52,诉求偏高
144.82,529.51,384.69,合理诉求
23.15,103.95,80.80000000000001,合理诉求
205.64,1180.74,975.1,诉求偏高
221.83,438.29,216.46,合理诉求
54.79,100.35,45.559999999999995,合理诉求
566.25,3869.5,3303.25,严重超额
495.5,1338.4,842.9000000000001,合理诉求
23.83,131.84,108.01,合理诉求
246.25,498.15,251.89999999999998,合理诉求
129.59,371.91,242.32000000000002,合理诉求
20.92,180.81,159.89,合理诉求
81.97,1453.05,1371.08,严重超额
871.87,3205.91,2334.04,合理诉求
47.63,582.73,535.1,诉求偏高
364.11,1267.52,903.41,合理诉求
66.26,116.12,49.86,合理诉求
709.19,3123.35,2414.16,诉求偏高
441.42,1165.96,724.54,合理诉求
170.04,360.13,190.09,合理诉求
313.67,1017.71,704.04,合理诉求
347.14,688.65,341.51,合理诉求
154.44,648.69,494.25000000000006,合理诉求
392.02,953.45,561.4300000000001,合理诉求
134.4,167.49,33.09,合理诉求
862.12,1110.49,248.37,合理诉求
81.03,384.81,303.78,合理诉求
180.12,418.36,238.24,合理诉求
104.2,352.66,248.46000000000004,合理诉求
292.44,510.59,218.14999999999998,合理诉求
147.46,234.46,87.0,合理诉求
933.48,1876.41,942.9300000000001,合理诉求
38.1,178.8,140.70000000000002,合理诉求
544.27,728.52,184.25,合理诉求
91.55,186.42,94.86999999999999,合理诉求
75.91,1189.76,1113.85,严重超额
181.23,374.6,193.37000000000003,合理诉求
68.55,940.3,871.75,诉求偏高
130.61,401.48,270.87,合理诉求
194.17,783.72,589.5500000000001,合理诉求
1257.83,2966.26,1708.4300000000003,合理诉求
735.08,1193.63,458.55000000000007,合理诉求
320.9,682.99,362.09000000000003,合理诉求
62.68,115.63,52.949999999999996,合理诉求
20.93,106.35,85.41999999999999,合理诉求
117.45,135.0,17.549999999999997,合理诉求
285.73,320.43,34.69999999999999,合理诉求
1043.6,2942.54,1898.94,合理诉求
121.31,834.4,713.0899999999999,诉求偏高
430.86,917.17,486.30999999999995,合理诉求
494.03,781.12,287.09000000000003,合理诉求
539.84,1499.32,959.4799999999999,合理诉求
450.06,1074.96,624.9000000000001,合理诉求
1167.28,4101.67,2934.3900000000003,合理诉求
914.08,3358.92,2444.84,合理诉求
333.42,540.17,206.74999999999994,合理诉求
144.12,256.67,112.55000000000001,合理诉求
21.74,214.58,192.84,合理诉求
428.92,703.82,274.90000000000003,合理诉求
233.21,267.04,33.83000000000001,合理诉求
355.0,567.19,212.19000000000005,合理诉求
419.4,578.97,159.57000000000005,合理诉求
117.61,229.6,111.99,合理诉求
161.96,210.56,48.599999999999994,合理诉求
40.51,138.49,97.98000000000002,合理诉求
377.91,861.93,484.0199999999999,合理诉求
55.69,119.04,63.35000000000001,合理诉求
167.13,187.64,20.50999999999999,合理诉求
335.81,667.62,331.81,合理诉求
109.55,243.21,133.66000000000003,合理诉求
100.14,133.41,33.269999999999996,合理诉求
1534.75,3648.54,2113.79,合理诉求
27.72,131.5,103.78,合理诉求
195.97,592.27,396.29999999999995,合理诉求
402.93,2618.97,2216.04,严重超额
192.75,316.24,123.49000000000001,合理诉求
706.98,1509.63,802.6500000000001,合理诉求
324.67,921.03,596.3599999999999,合理诉求
205.9,409.47,203.57000000000002,合理诉求
692.1,1559.67,867.57,合理诉求
797.33,1711.4,914.07,合理诉求
294.78,384.27,89.49000000000001,合理诉求
88.84,108.27,19.429999999999993,合理诉求
493.78,2745.45,2251.67,诉求偏高
206.82,547.68,340.85999999999996,合理诉求
266.41,614.58,348.17,合理诉求
248.11,511.29,263.18,合理诉求
491.58,961.65,470.07,合理诉求
70.47,107.62,37.150000000000006,合理诉求
114.13,125.02,10.89,合理诉求
734.78,917.33,182.55000000000007,合理诉求
40.74,324.75,284.01,合理诉求
21.8,108.81,87.01,合理诉求
446.67,1374.67,928.0,合理诉求
392.03,1019.86,627.83,合理诉求
210.48,420.82,210.34,合理诉求
432.51,617.92,185.40999999999997,合理诉求
54.82,154.46,99.64000000000001,合理诉求
208.66,1989.79,1781.1299999999999,严重超额
401.54,923.99,522.45,合理诉求
213.09,695.5,482.40999999999997,合理诉求
117.72,211.2,93.47999999999999,合理诉求
191.59,460.56,268.97,合理诉求
329.73,350.05,20.319999999999993,合理诉求
407.19,1364.08,956.8899999999999,合理诉求
2309.54,3114.46,804.9200000000001,合理诉求
62.97,106.29,43.32000000000001,合理诉求
76.99,245.5,168.51,合理诉求
222.59,570.21,347.62,合理诉求
35.06,170.15,135.09,合理诉求
431.68,939.3,507.61999999999995,合理诉求
195.46,1086.18,890.72,诉求偏高
328.08,554.45,226.37000000000006,合理诉求
208.69,237.15,28.460000000000008,合理诉求
126.84,692.78,565.9399999999999,合理诉求
534.31,611.2,76.8900000000001,合理诉求
156.44,267.8,111.36000000000001,合理诉求
603.11,1700.83,1097.7199999999998,合理诉求
128.71,294.92,166.21,合理诉求
687.65,1790.01,1102.3600000000001,合理诉求
199.87,2440.32,2240.4500000000003,严重超额
12.4,100.04,87.64,合理诉求
146.33,328.39,182.05999999999997,合理诉求
1274.6,1786.49,511.8900000000001,合理诉求
320.18,579.28,259.09999999999997,合理诉求
733.94,3879.74,3145.7999999999997,诉求偏高
63.86,126.75,62.89,合理诉求
669.65,2153.81,1484.1599999999999,合理诉求
1372.34,3556.14,2183.8,合理诉求
12.84,101.54,88.7,合理诉求
40.53,137.81,97.28,合理诉求
55.02,276.18,221.16,合理诉求
566.31,1066.96,500.6500000000001,合理诉求
351.03,694.13,343.1,合理诉求
203.06,289.49,86.43,合理诉求
495.9,678.22,182.32000000000005,合理诉求
634.06,1935.01,1300.95,合理诉求
478.33,2246.08,1767.75,诉求偏高
406.07,1137.29,731.22,合理诉求
494.56,1521.52,1026.96,合理诉求
748.86,3145.92,2397.06,诉求偏高
602.77,1463.28,860.51,合理诉求
196.74,348.72,151.98000000000002,合理诉求
104.62,331.72,227.10000000000002,合理诉求
113.7,1054.75,941.05,诉求偏高
421.81,1065.4,643.5900000000001,合理诉求
181.89,258.32,76.43,合理诉求
1018.99,2498.99,1479.9999999999998,合理诉求
129.67,550.11,420.44000000000005,合理诉求
714.75,960.36,245.61,合理诉求
288.35,387.68,99.32999999999998,合理诉求
704.54,2082.45,1377.9099999999999,合理诉求
586.73,920.9,334.16999999999996,合理诉求
219.37,240.26,20.889999999999986,合理诉求
188.22,616.05,427.8299999999999,合理诉求
357.46,546.41,188.95,合理诉求
307.3,311.0,3.6999999999999886,合理诉求
99.17,232.56,133.39,合理诉求
118.92,166.05,47.13000000000001,合理诉求
583.25,3143.44,2560.19,诉求偏高
87.57,147.84,60.27000000000001,合理诉求
76.03,118.51,42.480000000000004,合理诉求
174.48,1009.79,835.31,诉求偏高
118.27,372.18,253.91000000000003,合理诉求
1203.27,3207.34,2004.0700000000002,合理诉求
34.1,521.33,487.23,诉求偏高
189.7,410.69,220.99,合理诉求
38.98,205.7,166.72,合理诉求
324.01,2273.75,1949.74,严重超额
65.61,166.36,100.75000000000001,合理诉求
46.62,169.59,122.97,合理诉求
324.53,789.23,464.70000000000005,合理诉求
635.51,703.67,68.15999999999997,合理诉求
408.0,451.33,43.329999999999984,合理诉求
26.73,138.84,112.11,合理诉求
63.25,264.09,200.83999999999997,合理诉求
251.54,1004.25,752.71,合理诉求
40.96,100.17,59.21,合理诉求
305.24,316.32,11.079999999999984,合理诉求
94.34,140.8,46.46000000000001,合理诉求
58.78,163.24,104.46000000000001,合理诉求
68.86,732.08,663.22,诉求偏高
778.12,1154.45,376.33000000000004,合理诉求
167.26,869.73,702.47,诉求偏高
271.02,917.69,646.6700000000001,合理诉求
1302.3,3504.73,2202.4300000000003,合理诉求
430.79,1441.84,1011.05,合理诉求
269.01,285.82,16.810000000000002,合理诉求
264.52,484.18,219.66000000000003,合理诉求
998.79,4716.68,3717.8900000000003,诉求偏高
666.72,1141.8,475.0799999999999,合理诉求
755.19,2247.57,1492.38,合理诉求
70.07,390.0,319.93,合理诉求
918.64,2475.89,1557.25,合理诉求
225.57,626.88,401.31,合理诉求
126.97,275.32,148.35,合理诉求
471.14,877.08,405.94000000000005,合理诉求
41.35,271.27,229.92,合理诉求
128.6,1201.16,1072.5600000000002,诉求偏高
475.45,2788.27,2312.82,诉求偏高
552.37,1473.6,921.2299999999999,合理诉求
18.21,284.64,266.43,合理诉求
255.63,385.57,129.94,合理诉求
9.39,277.67,268.28000000000003,合理诉求
94.14,159.69,65.55,合理诉求
447.45,1232.67,785.22,合理诉求
646.68,733.8,87.12,合理诉求
18.47,100.34,81.87,合理诉求
75.28,562.97,487.69000000000005,诉求偏高
637.31,761.83,124.5200000000001,合理诉求
458.43,1395.23,936.8,合理诉求
5.12,143.12,138.0,合理诉求
475.72,923.4,447.67999999999995,合理诉求
191.91,596.56,404.65,合理诉求
1115.84,4619.0,3503.16,诉求偏高
273.57,589.49,315.92,合理诉求
976.84,2956.52,1979.6799999999998,合理诉求
61.64,113.27,51.629999999999995,合理诉求
9.75,100.51,90.76,合理诉求
86.93,111.24,24.309999999999988,合理诉求
131.85,1631.88,1500.0300000000002,严重超额
31.36,138.39,107.02999999999999,合理诉求
298.67,431.32,132.64999999999998,合理诉求
825.86,1599.14,773.2800000000001,合理诉求
458.91,3014.74,2555.83,严重超额
32.47,626.98,594.51,诉求偏高
21.62,113.75,92.13,合理诉求
32.33,503.47,471.14000000000004,诉求偏高
154.99,313.8,158.81,合理诉求
100.66,142.37,41.71000000000001,合理诉求
927.55,1037.41,109.86000000000013,合理诉求
64.18,250.42,186.23999999999998,合理诉求
959.48,1327.16,367.68000000000006,合理诉求
84.2,164.31,80.11,合理诉求
185.24,1125.84,940.5999999999999,诉求偏高
183.37,211.86,28.49000000000001,合理诉求
873.24,2073.58,1200.34,合理诉求
25.87,141.13,115.25999999999999,合理诉求
75.02,123.3,48.28,合理诉求
192.31,212.07,19.75999999999999,合理诉求
156.0,214.11,58.110000000000014,合理诉求
256.31,691.67,435.35999999999996,合理诉求
192.42,595.24,402.82000000000005,合理诉求
116.23,323.6,207.37,合理诉求
86.62,227.39,140.76999999999998,合理诉求
62.45,155.91,93.46,合理诉求
91.15,114.08,22.929999999999993,合理诉求
172.04,917.89,745.85,诉求偏高
658.12,880.08,221.96000000000004,合理诉求
59.49,125.96,66.47,合理诉求
73.88,166.57,92.69,合理诉求
105.78,231.01,125.22999999999999,合理诉求
347.03,1322.39,975.3600000000001,合理诉求
193.53,377.02,183.48999999999998,合理诉求
309.73,480.07,170.33999999999997,合理诉求
569.72,842.17,272.44999999999993,合理诉求
68.5,114.23,45.730000000000004,合理诉求
473.15,944.31,471.15999999999997,合理诉求
111.51,167.39,55.87999999999998,合理诉求
175.82,486.56,310.74,合理诉求
575.63,1126.15,550.5200000000001,合理诉求
216.48,442.07,225.59,合理诉求
797.3,1862.95,1065.65,合理诉求
23.25,100.68,77.43,合理诉求
894.99,2581.25,1686.26,合理诉求
53.23,126.28,73.05000000000001,合理诉求
714.91,916.01,201.10000000000002,合理诉求
399.67,602.01,202.33999999999997,合理诉求
435.93,1661.63,1225.7,合理诉求
539.86,1234.43,694.57,合理诉求
199.88,1254.67,1054.79,诉求偏高
146.34,405.03,258.68999999999994,合理诉求
865.81,2234.7,1368.8899999999999,合理诉求
106.15,109.75,3.5999999999999943,合理诉求
251.62,633.06,381.43999999999994,合理诉求
48.01,325.59,277.58,合理诉求
66.33,143.64,77.30999999999999,合理诉求
527.18,1205.2,678.0200000000001,合理诉求
1059.9,3217.95,2158.0499999999997,合理诉求
40.02,110.97,70.94999999999999,合理诉求
729.93,2018.16,1288.23,合理诉求
77.99,437.19,359.2,合理诉求
318.34,347.81,29.470000000000027,合理诉求
338.51,1227.21,888.7,合理诉求
249.68,840.59,590.9100000000001,合理诉求
466.42,3270.67,2804.25,严重超额
509.75,1048.37,538.6199999999999,合理诉求
139.77,440.9,301.13,合理诉求
13.46,115.14,101.68,合理诉求
418.43,1254.5,836.0699999999999,合理诉求
214.37,420.29,205.92000000000002,合理诉求
111.93,159.35,47.41999999999999,合理诉求
254.45,473.18,218.73000000000002,合理诉求
1297.57,1365.82,68.25,合理诉求
69.61,121.12,51.510000000000005,合理诉求
328.01,551.11,223.10000000000002,合理诉求
131.1,209.38,78.28,合理诉求
122.86,444.39,321.53,合理诉求
105.95,120.28,14.329999999999998,合理诉求
50.97,262.65,211.67999999999998,合理诉求
185.62,605.61,419.99,合理诉求
378.09,535.69,157.60000000000008,合理诉求
368.43,2179.32,1810.89,诉求偏高
141.84,146.58,4.740000000000009,合理诉求
17.33,234.0,216.67000000000002,合理诉求
54.07,102.03,47.96,合理诉求
201.52,546.26,344.74,合理诉求
518.31,1034.73,516.4200000000001,合理诉求
232.38,1191.34,958.9599999999999,诉求偏高
347.71,980.86,633.1500000000001,合理诉求
17.31,102.74,85.42999999999999,合理诉求
400.65,604.32,203.67000000000007,合理诉求
505.54,891.1,385.56,合理诉求
259.73,382.0,122.26999999999998,合理诉求
325.58,2291.38,1965.8000000000002,严重超额
387.61,2269.22,1881.6099999999997,诉求偏高
83.93,271.72,187.79000000000002,合理诉求
456.94,578.16,121.21999999999997,合理诉求
919.69,3191.96,2272.27,合理诉求
364.83,555.35,190.52000000000004,合理诉求
1310.49,3647.99,2337.5,合理诉求
20.96,124.2,103.24000000000001,合理诉求
264.73,1220.58,955.8499999999999,诉求偏高
1047.13,1137.57,90.43999999999983,合理诉求
314.13,864.74,550.61,合理诉求
701.86,2875.82,2173.96,诉求偏高
23.42,110.15,86.73,合理诉求
587.49,1284.64,697.1500000000001,合理诉求
48.53,132.85,84.32,合理诉求
167.73,780.34,612.61,合理诉求
396.64,2665.57,2268.9300000000003,严重超额
136.17,1915.96,1779.79,严重超额
369.73,999.91,630.18,合理诉求
264.83,993.3,728.47,合理诉求
776.71,923.4,146.68999999999994,合理诉求
25.01,212.29,187.28,合理诉求
21.94,110.36,88.42,合理诉求
149.85,473.08,323.23,合理诉求
161.2,402.37,241.17000000000002,合理诉求
1081.66,2612.89,1531.2299999999998,合理诉求
36.11,564.03,527.92,诉求偏高
151.92,955.51,803.59,诉求偏高
92.69,623.02,530.3299999999999,诉求偏高
594.2,2837.16,2242.96,诉求偏高
323.0,1809.55,1486.55,诉求偏高
44.54,100.12,55.580000000000005,合理诉求
104.64,145.15,40.510000000000005,合理诉求
538.77,754.1,215.33000000000004,合理诉求
327.58,1124.56,796.98,合理诉求
102.78,287.59,184.80999999999997,合理诉求
94.98,145.28,50.3,合理诉求
22.16,107.71,85.55,合理诉求
95.51,284.5,188.99,合理诉求
20.96,105.53,84.57,合理诉求
702.25,3011.97,2309.72,诉求偏高
308.99,602.96,293.97,合理诉求
790.33,859.87,69.53999999999996,合理诉求
301.69,716.92,415.22999999999996,合理诉求
98.11,117.89,19.78,合理诉求
106.74,390.53,283.78999999999996,合理诉求
104.18,274.37,170.19,合理诉求
101.48,148.56,47.08,合理诉求
302.25,1186.08,883.8299999999999,合理诉求
83.22,354.92,271.70000000000005,合理诉求
377.52,817.46,439.94000000000005,合理诉求
309.28,679.33,370.05000000000007,合理诉求
139.52,284.17,144.65,合理诉求
139.99,148.24,8.25,合理诉求
660.25,2165.63,1505.38,合理诉求
672.38,996.05,323.66999999999996,合理诉求
9.56,150.25,140.69,合理诉求
82.87,166.21,83.34,合理诉求
203.34,443.38,240.04,合理诉求
115.17,209.63,94.46,合理诉求
160.8,305.52,144.71999999999997,合理诉求
36.43,147.7,111.26999999999998,合理诉求
8.38,129.85,121.47,合理诉求
153.05,227.68,74.63,合理诉求
46.06,109.86,63.8,合理诉求
8.95,118.74,109.78999999999999,合理诉求
804.42,862.28,57.860000000000014,合理诉求
466.71,2416.66,1949.9499999999998,诉求偏高
98.17,557.72,459.55,合理诉求
544.75,1237.46,692.71,合理诉求
8.4,175.08,166.68,合理诉求
234.14,273.05,38.910000000000025,合理诉求
359.02,968.49,609.47,合理诉求
647.15,1170.29,523.14,合理诉求
1172.64,4888.21,3715.5699999999997,诉求偏高
381.59,1303.23,921.6400000000001,合理诉求
7.66,110.87,103.21000000000001,合理诉求
430.01,614.85,184.84000000000003,合理诉求
147.36,340.0,192.64,合理诉求
512.48,1415.85,903.3699999999999,合理诉求
585.86,969.01,383.15,合理诉求
223.87,467.45,243.57999999999998,合理诉求
418.46,943.65,525.19,合理诉求
91.05,118.83,27.78,合理诉求
517.89,2594.54,2076.65,诉求偏高
263.28,661.06,397.78,合理诉求
238.43,408.05,169.62,合理诉求
170.12,1463.77,1293.65,诉求偏高
127.29,770.7,643.4100000000001,诉求偏高
80.69,573.4,492.71,诉求偏高
1053.87,3108.14,2054.27,合理诉求
56.13,200.78,144.65,合理诉求
242.99,445.26,202.26999999999998,合理诉求
199.74,338.99,139.25,合理诉求
149.38,428.79,279.41,合理诉求
52.68,858.78,806.1,诉求偏高
694.48,2874.01,2179.53,诉求偏高
51.16,103.48,52.32000000000001,合理诉求
394.89,591.96,197.07000000000005,合理诉求
172.04,242.78,70.74000000000001,合理诉求
13.59,341.64,328.05,诉求偏高
46.89,340.61,293.72,合理诉求
1073.59,1143.96,70.37000000000012,合理诉求
190.18,212.17,21.98999999999998,合理诉求
441.23,2536.31,2095.08,诉求偏高
72.56,104.22,31.659999999999997,合理诉求
103.42,591.38,487.96,合理诉求
167.96,471.92,303.96000000000004,合理诉求
427.44,821.68,394.23999999999995,合理诉求
273.9,574.8,300.9,合理诉求
490.49,1306.82,816.3299999999999,合理诉求
81.87,301.71,219.83999999999997,合理诉求
498.87,928.13,429.26,合理诉求
890.9,1552.61,661.7099999999999,合理诉求
539.17,908.41,369.24,合理诉求
113.12,146.56,33.44,合理诉求
202.3,299.68,97.38,合理诉求
254.31,797.01,542.7,合理诉求
570.45,1716.6,1146.1499999999999,合理诉求
254.01,395.53,141.51999999999998,合理诉求
157.57,679.06,521.49,合理诉求
222.58,296.88,74.29999999999998,合理诉求
87.38,486.86,399.48,合理诉求
632.17,1212.4,580.2300000000001,合理诉求
272.31,625.72,353.41,合理诉求
349.99,646.37,296.38,合理诉求
43.76,194.55,150.79000000000002,合理诉求
228.36,395.18,166.82,合理诉求
39.85,687.27,647.42,诉求偏高
301.76,346.36,44.60000000000002,合理诉求
349.88,994.13,644.25,合理诉求
115.31,915.73,800.4200000000001,诉求偏高
5.03,153.02,147.99,合理诉求
61.95,810.43,748.4799999999999,诉求偏高
656.87,1783.36,1126.4899999999998,合理诉求
97.35,235.51,138.16,合理诉求
643.77,1018.81,375.03999999999996,合理诉求
52.78,151.3,98.52000000000001,合理诉求
1108.35,2485.71,1377.3600000000001,合理诉求
46.02,155.32,109.29999999999998,合理诉求
106.31,1322.19,1215.88,严重超额
27.14,180.36,153.22000000000003,合理诉求
310.67,873.81,563.1399999999999,合理诉求
129.15,150.68,21.53,合理诉求
241.62,1581.61,1339.9899999999998,诉求偏高
269.09,608.74,339.65000000000003,合理诉求
503.95,1779.25,1275.3,合理诉求
34.09,154.42,120.32999999999998,合理诉求
7.31,179.3,171.99,合理诉求
734.66,1017.07,282.4100000000001,合理诉求
42.16,196.85,154.69,合理诉求
307.21,608.72,301.51000000000005,合理诉求
724.12,1891.7,1167.58,合理诉求
233.2,352.3,119.10000000000002,合理诉求
55.62,593.54,537.92,诉求偏高
174.75,532.63,357.88,合理诉求
280.85,318.41,37.56,合理诉求
537.71,1447.02,909.31,合理诉求
328.85,812.7,483.85,合理诉求
312.88,785.83,472.95000000000005,合理诉求
300.79,688.73,387.94,合理诉求
70.05,596.15,526.1,诉求偏高
163.58,198.51,34.92999999999998,合理诉求
419.5,1407.7,988.2,合理诉求
76.94,115.33,38.39,合理诉求
198.62,665.75,467.13,合理诉求
450.14,830.14,380.0,合理诉求
620.17,1088.5,468.33000000000004,合理诉求
172.96,388.08,215.11999999999998,合理诉求
108.25,221.2,112.94999999999999,合理诉求
103.91,193.39,89.47999999999999,合理诉求
97.14,361.57,264.43,合理诉求
573.08,1724.03,1150.9499999999998,合理诉求
746.17,1373.77,627.6,合理诉求
19.76,103.45,83.69,合理诉求
530.16,877.93,347.77,合理诉求
800.08,1546.69,746.61,合理诉求
355.27,460.55,105.28000000000003,合理诉求
39.67,102.43,62.760000000000005,合理诉求
105.88,676.06,570.18,诉求偏高
708.71,1053.17,344.46000000000004,合理诉求
1368.51,2331.78,963.2700000000002,合理诉求
234.48,269.0,34.52000000000001,合理诉求
419.82,1003.73,583.9100000000001,合理诉求
265.22,305.56,40.339999999999975,合理诉求
758.02,1515.12,757.0999999999999,合理诉求
124.25,181.4,57.150000000000006,合理诉求
131.22,280.01,148.79,合理诉求
513.97,1209.46,695.49,合理诉求
287.89,813.93,526.04,合理诉求
601.46,965.51,364.04999999999995,合理诉求
261.05,522.6,261.55,合理诉求
317.17,927.39,610.22,合理诉求
1039.58,2784.31,1744.73,合理诉求
75.16,127.26,52.10000000000001,合理诉求
142.21,223.16,80.94999999999999,合理诉求
251.25,1987.36,1736.11,严重超额
408.93,1598.09,1189.1599999999999,合理诉求
413.72,912.79,499.06999999999994,合理诉求
76.2,116.16,39.959999999999994,合理诉求
93.45,456.88,363.43,合理诉求
188.43,335.64,147.20999999999998,合理诉求
198.56,727.47,528.9100000000001,合理诉求
55.98,263.53,207.54999999999998,合理诉求
544.16,1682.62,1138.46,合理诉求
32.99,118.24,85.25,合理诉求
1169.94,1699.89,529.95,合理诉求
1030.57,4381.18,3350.6100000000006,诉求偏高
7.56,102.48,94.92,合理诉求
50.26,100.29,50.03000000000001,合理诉求
150.76,747.75,596.99,合理诉求
345.68,541.79,196.10999999999996,合理诉求
91.5,125.72,34.22,合理诉求
188.34,371.27,182.92999999999998,合理诉求
404.22,934.26,530.04,合理诉求
427.21,1166.21,739.0,合理诉求
67.8,177.84,110.04,合理诉求
175.03,1398.79,1223.76,诉求偏高
27.58,111.9,84.32000000000001,合理诉求
40.7,182.73,142.02999999999997,合理诉求
81.06,420.18,339.12,合理诉求
9.71,250.79,241.07999999999998,合理诉求
167.38,410.55,243.17000000000002,合理诉求
1080.53,2025.43,944.9000000000001,合理诉求
102.81,1385.86,1283.05,严重超额
410.14,700.42,290.28,合理诉求
60.29,100.1,39.809999999999995,合理诉求
97.4,114.48,17.08,合理诉求
