行ID,实际赔付金额,索赔金额,索赔差额,风险标注
1,144.51,947.97,-803.46,诉求偏高
2,135.98,992.87,-856.89,诉求偏高
3,119.35,352.65,-233.3,合理诉求
4,74.85,264.29,-189.44000000000003,合理诉求
5,22.14,157.58,-135.44,合理诉求
6,13.53,214.52,-200.99,合理诉求
7,29.26,133.24,-103.98,合理诉求
8,220.55,1786.95,-1566.4,诉求偏高
9,275.97,1981.78,-1705.81,诉求偏高
10,70.29,334.37,-264.08,合理诉求
11,29.71,189.4,-159.69,合理诉求
12,39.42,136.21,-96.79,合理诉求
13,51.86,115.09,-63.23,合理诉求
14,367.9,791.75,-423.85,合理诉求
15,8.78,145.91,-137.13,合理诉求
16,58.33,449.33,-391.0,诉求偏高
17,77.81,176.61,-98.8,合理诉求
18,163.77,436.37,-272.6,合理诉求
19,135.63,174.65,-39.02000000000001,合理诉求
20,122.8,287.97,-165.17000000000002,合理诉求
21,107.62,132.6,-24.97999999999999,合理诉求
22,949.09,1771.89,-822.8000000000001,合理诉求
23,39.61,102.65,-63.040000000000006,合理诉求
24,300.78,372.81,-72.03000000000003,合理诉求
25,249.01,2225.35,-1976.34,严重超额
26,194.61,208.2,-13.589999999999977,合理诉求
27,506.18,1293.48,-787.3,合理诉求
28,64.59,312.88,-248.29,合理诉求
29,120.75,517.43,-396.68,合理诉求
30,215.04,1807.64,-1592.6,诉求偏高
31,268.66,638.55,-369.88999999999993,合理诉求
32,253.51,686.37,-432.86,合理诉求
33,495.53,3207.22,-2711.69,诉求偏高
34,40.74,101.7,-60.96,合理诉求
35,491.31,826.53,-335.22,合理诉求
36,323.55,447.69,-124.14,合理诉求
37,74.51,127.63,-53.11999999999999,合理诉求
38,236.63,748.98,-512.35,合理诉求
39,599.99,1738.71,-1138.72,合理诉求
40,60.55,350.6,-290.05,合理诉求
41,14.15,100.06,-85.91,合理诉求
42,112.59,186.13,-73.53999999999999,合理诉求
43,960.86,2064.62,-1103.7599999999998,合理诉求
44,19.01,300.57,-281.56,合理诉求
45,261.06,522.52,-261.46,合理诉求
46,1003.62,1830.27,-826.65,合理诉求
47,651.88,769.13,-117.25,合理诉求
48,31.78,182.47,-150.69,合理诉求
49,90.04,154.03,-63.99,合理诉求
50,94.36,533.78,-439.42,合理诉求
51,150.32,354.37,-204.05,合理诉求
52,92.38,105.7,-13.320000000000007,合理诉求
53,206.22,719.53,-513.31,合理诉求
54,36.57,551.61,-515.04,诉求偏高
55,278.24,544.38,-266.14,合理诉求
56,658.78,816.17,-157.39,合理诉求
57,260.94,1153.65,-892.71,诉求偏高
58,117.44,483.53,-366.09,合理诉求
59,122.49,519.84,-397.35,合理诉求
60,106.58,155.85,-49.27,合理诉求
61,30.29,216.72,-186.43,合理诉求
62,183.73,188.35,-4.6200000000000045,合理诉求
63,861.94,1786.51,-924.57,合理诉求
64,57.72,108.53,-50.81,合理诉求
65,232.99,910.8,-677.81,合理诉求
66,76.26,892.72,-816.46,诉求偏高
67,956.29,3546.98,-2590.69,诉求偏高
68,489.5,2083.27,-1593.77,合理诉求
69,196.56,374.12,-177.56,合理诉求
70,1041.05,2572.42,-1531.37,合理诉求
71,312.76,331.48,-18.720000000000027,合理诉求
72,82.34,171.22,-88.88,合理诉求
73,1161.74,1985.95,-824.21,合理诉求
74,40.29,259.3,-219.01,合理诉求
75,951.24,979.51,-28.269999999999985,合理诉求
76,366.41,397.74,-31.329999999999984,合理诉求
77,451.19,2161.77,-1710.58,诉求偏高
78,287.59,1081.95,-794.3600000000001,合理诉求
79,54.42,147.83,-93.41,合理诉求
80,41.46,163.08,-121.62,合理诉求
81,320.79,434.19,-113.39999999999998,合理诉求
82,47.79,112.01,-64.22,合理诉求
83,170.35,815.91,-645.56,合理诉求
84,126.29,538.04,-411.75,合理诉求
85,907.03,4702.32,-3795.29,严重超额
86,145.91,231.22,-85.31,合理诉求
87,29.85,124.0,-94.15,合理诉求
88,110.79,141.95,-31.159999999999982,合理诉求
89,19.8,100.41,-80.61,合理诉求
90,113.39,555.99,-442.6,合理诉求
91,99.46,232.26,-132.8,合理诉求
92,136.1,285.97,-149.87000000000003,合理诉求
93,47.37,139.3,-91.93,合理诉求
94,6.49,101.6,-95.11,合理诉求
95,61.42,374.92,-313.5,合理诉求
96,26.62,161.56,-134.94,合理诉求
97,98.68,436.34,-337.66,合理诉求
98,228.08,1549.89,-1321.8100000000002,诉求偏高
99,915.1,1328.64,-413.5400000000001,合理诉求
100,139.86,558.45,-418.59,合理诉求
101,135.76,139.21,-3.450000000000017,合理诉求
102,203.71,476.98,-273.27,合理诉求
103,150.36,398.88,-248.52,合理诉求
104,21.44,110.52,-89.08,合理诉求
105,199.37,239.67,-40.29999999999998,合理诉求
106,66.93,116.92,-49.99,合理诉求
107,228.66,662.76,-434.1,合理诉求
108,131.21,213.14,-81.92999999999998,合理诉求
109,445.8,978.07,-532.27,合理诉求
110,64.45,583.87,-519.42,诉求偏高
111,64.54,312.04,-247.5,合理诉求
112,11.96,145.47,-133.51,合理诉求
113,112.24,394.86,-282.62,合理诉求
114,290.06,2113.81,-1823.75,诉求偏高
115,423.36,598.06,-174.69999999999993,合理诉求
116,545.35,901.94,-356.59000000000003,合理诉求
117,390.2,1531.76,-1141.56,诉求偏高
118,95.94,102.99,-7.049999999999997,合理诉求
119,57.21,587.64,-530.43,诉求偏高
120,437.99,792.47,-354.48,合理诉求
121,157.71,345.37,-187.66,合理诉求
122,483.77,966.23,-482.46,合理诉求
123,74.43,156.6,-82.16999999999999,合理诉求
124,86.1,527.73,-441.63,合理诉求
125,218.32,2519.73,-2301.41,严重超额
126,165.05,244.31,-79.25999999999999,合理诉求
127,529.99,1042.73,-512.74,合理诉求
128,61.39,363.02,-301.63,合理诉求
129,70.05,109.77,-39.72,合理诉求
130,90.01,1354.36,-1264.35,诉求偏高
131,30.07,140.07,-110.0,合理诉求
132,125.25,1423.26,-1298.01,严重超额
133,108.15,310.69,-202.54,合理诉求
134,239.39,827.47,-588.08,合理诉求
135,555.61,592.76,-37.14999999999998,合理诉求
136,83.82,283.89,-200.07,合理诉求
137,566.89,2182.8,-1615.9100000000003,合理诉求
138,123.41,681.04,-557.63,合理诉求
139,614.7,1158.83,-544.1299999999999,合理诉求
140,97.28,227.08,-129.8,合理诉求
141,124.96,375.78,-250.82,合理诉求
142,73.93,397.63,-323.7,合理诉求
143,584.98,1050.4,-465.4200000000001,合理诉求
144,229.99,1105.89,-875.9000000000001,诉求偏高
145,350.37,824.9,-474.53,合理诉求
146,974.6,1034.01,-59.40999999999997,合理诉求
147,48.56,134.38,-85.82,合理诉求
148,1163.37,3294.15,-2130.78,诉求偏高
149,144.37,274.11,-129.74,合理诉求
150,405.36,585.74,-180.38,合理诉求
151,54.64,122.33,-67.69,合理诉求
152,57.77,867.86,-810.09,严重超额
153,1042.87,3468.91,-2426.04,诉求偏高
154,365.3,408.62,-43.31999999999999,合理诉求
155,305.0,2542.39,-2237.39,严重超额
156,217.74,2328.14,-2110.4,严重超额
157,87.3,200.92,-113.62,合理诉求
158,71.63,160.61,-88.98000000000002,合理诉求
159,250.52,686.58,-436.06000000000006,合理诉求
160,45.4,130.26,-84.85999999999999,合理诉求
161,145.73,759.23,-613.5,诉求偏高
162,512.52,688.53,-176.01,合理诉求
163,90.51,183.8,-93.29,合理诉求
164,164.32,439.17,-274.85,合理诉求
165,75.39,322.47,-247.08000000000004,合理诉求
166,197.6,302.48,-104.88000000000002,合理诉求
167,104.26,176.57,-72.30999999999999,合理诉求
168,359.71,1443.25,-1083.54,合理诉求
169,500.11,1611.43,-1111.3200000000002,合理诉求
170,236.46,969.13,-732.67,合理诉求
171,32.61,132.07,-99.46,合理诉求
172,104.03,117.4,-13.370000000000005,合理诉求
173,228.32,243.39,-15.069999999999991,合理诉求
174,274.73,984.8,-710.0699999999999,合理诉求
175,719.44,1459.06,-739.6199999999999,合理诉求
176,277.95,852.79,-574.8399999999999,合理诉求
177,307.68,394.71,-87.02999999999997,合理诉求
178,137.61,340.4,-202.79,合理诉求
179,276.04,1862.95,-1586.91,诉求偏高
180,556.65,1621.56,-1064.91,合理诉求
181,462.77,498.62,-35.85000000000002,合理诉求
182,29.57,134.29,-104.72,合理诉求
183,73.55,220.47,-146.92000000000002,合理诉求
184,1009.83,1773.16,-763.33,合理诉求
185,299.57,893.62,-594.05,合理诉求
186,122.26,345.41,-223.15000000000003,合理诉求
187,66.25,795.08,-728.83,诉求偏高
188,11.43,185.82,-174.39,合理诉求
189,334.88,388.38,-53.5,合理诉求
190,67.99,152.33,-84.34000000000002,合理诉求
191,45.64,333.36,-287.72,合理诉求
192,544.79,1270.89,-726.1000000000001,合理诉求
193,12.93,107.12,-94.19,合理诉求
194,758.15,1080.73,-322.58000000000004,合理诉求
195,387.06,1486.16,-1099.1,诉求偏高
196,344.4,1189.77,-845.37,合理诉求
197,200.89,266.06,-65.17000000000002,合理诉求
198,881.09,1135.74,-254.65,合理诉求
199,360.89,1340.92,-980.03,合理诉求
200,174.26,762.88,-588.62,合理诉求
201,82.28,266.17,-183.89,合理诉求
202,377.37,774.21,-396.84,合理诉求
203,375.04,2246.68,-1871.64,诉求偏高
204,716.38,1516.52,-800.14,合理诉求
205,57.33,815.79,-758.4599999999999,诉求偏高
206,720.65,1000.08,-279.43000000000006,合理诉求
207,62.17,1180.46,-1118.29,严重超额
208,166.97,868.71,-701.74,合理诉求
209,287.56,344.46,-56.89999999999998,合理诉求
210,32.32,318.81,-286.49,合理诉求
211,108.74,337.36,-228.62,合理诉求
212,206.61,485.69,-279.08,合理诉求
213,520.93,1131.96,-611.0300000000001,合理诉求
214,444.75,877.46,-432.71,合理诉求
215,517.38,804.27,-286.89,合理诉求
216,55.01,100.94,-45.93,合理诉求
217,64.18,550.31,-486.13,诉求偏高
218,330.41,727.23,-396.82,合理诉求
219,342.03,478.63,-136.60000000000002,合理诉求
220,498.95,1511.93,-1012.98,合理诉求
221,253.11,914.45,-661.34,合理诉求
222,171.15,184.71,-13.560000000000002,合理诉求
223,386.31,898.45,-512.1400000000001,合理诉求
224,493.92,568.32,-74.40000000000003,合理诉求
225,28.88,129.84,-100.96,合理诉求
226,4.78,105.71,-100.93,合理诉求
227,274.31,344.52,-70.20999999999998,合理诉求
228,143.6,643.18,-499.5799999999999,合理诉求
229,343.53,973.39,-629.86,合理诉求
230,145.33,262.26,-116.92999999999998,合理诉求
231,137.94,201.48,-63.53999999999999,合理诉求
232,266.28,284.71,-18.430000000000007,合理诉求
233,102.68,514.06,-411.38,合理诉求
234,12.1,111.79,-99.69,合理诉求
235,133.22,1501.66,-1368.44,严重超额
236,816.81,1392.18,-575.3700000000001,合理诉求
237,153.32,938.09,-784.77,合理诉求
238,68.6,118.45,-49.85000000000001,合理诉求
239,136.16,1666.02,-1529.86,严重超额
240,143.45,295.97,-152.52000000000004,合理诉求
241,346.23,433.85,-87.62,合理诉求
242,2.8,102.09,-99.29,合理诉求
243,156.83,393.72,-236.89,合理诉求
244,264.9,682.28,-417.38,合理诉求
245,92.43,648.39,-555.96,合理诉求
246,268.55,898.77,-630.22,合理诉求
247,78.62,814.93,-736.31,诉求偏高
248,32.96,366.04,-333.08000000000004,合理诉求
249,69.69,1085.58,-1015.89,严重超额
250,365.77,918.08,-552.3100000000001,合理诉求
251,107.88,1256.14,-1148.2600000000002,诉求偏高
252,93.78,257.23,-163.45000000000002,合理诉求
253,66.82,177.69,-110.87,合理诉求
254,63.9,595.83,-531.9300000000001,诉求偏高
255,181.17,439.9,-258.73,合理诉求
256,583.23,848.96,-265.73,合理诉求
257,496.95,2230.25,-1733.3,合理诉求
258,535.26,1251.18,-715.9200000000001,合理诉求
259,21.87,119.53,-97.66,合理诉求
260,206.55,394.64,-188.09,合理诉求
261,2.58,165.67,-163.08999999999995,合理诉求
262,160.16,389.16,-229.00000000000003,合理诉求
263,294.09,656.1,-362.0100000000001,合理诉求
264,358.48,1136.44,-777.96,合理诉求
265,109.01,340.93,-231.92,合理诉求
266,57.58,237.12,-179.54000000000002,合理诉求
267,129.76,143.44,-13.680000000000009,合理诉求
268,67.46,114.0,-46.540000000000006,合理诉求
269,192.31,484.24,-291.93,合理诉求
270,134.68,146.35,-11.669999999999987,合理诉求
271,1198.5,2363.14,-1164.64,合理诉求
272,62.95,147.77,-84.82000000000001,合理诉求
273,326.51,922.31,-595.8,合理诉求
274,93.66,434.02,-340.36,合理诉求
275,707.89,924.15,-216.26,合理诉求
276,48.7,440.77,-392.07,诉求偏高
277,123.98,126.63,-2.6499999999999915,合理诉求
278,124.26,365.98,-241.72000000000003,合理诉求
279,707.97,2499.78,-1791.8100000000002,合理诉求
280,68.18,621.68,-553.5,诉求偏高
281,372.86,512.4,-139.53999999999996,合理诉求
282,316.37,414.5,-98.13,合理诉求
283,501.16,1730.1,-1228.9399999999998,合理诉求
284,430.05,455.22,-25.170000000000016,合理诉求
285,17.91,158.33,-140.42000000000002,合理诉求
286,42.19,103.04,-60.85000000000001,合理诉求
287,391.93,1165.24,-773.31,合理诉求
288,82.92,117.91,-34.989999999999995,合理诉求
289,71.35,147.93,-76.58000000000001,合理诉求
290,70.84,101.0,-30.16,合理诉求
291,55.51,119.71,-64.19999999999999,合理诉求
292,74.3,1062.06,-987.76,诉求偏高
293,93.31,126.77,-33.459999999999994,合理诉求
294,266.96,1172.16,-905.2,诉求偏高
295,224.35,497.96,-273.61,合理诉求
296,267.24,314.97,-47.73000000000002,合理诉求
297,250.63,375.37,-124.74,合理诉求
298,294.9,819.86,-524.96,合理诉求
299,286.21,643.38,-357.17,合理诉求
300,53.71,116.61,-62.9,合理诉求
301,274.72,1153.5,-878.78,合理诉求
302,25.68,122.58,-96.9,合理诉求
303,319.72,990.78,-671.06,合理诉求
304,134.45,1003.49,-869.04,诉求偏高
305,53.29,130.6,-77.31,合理诉求
306,365.81,885.5,-519.69,合理诉求
307,385.03,689.94,-304.9100000000001,合理诉求
308,738.33,3493.52,-2755.19,诉求偏高
309,40.52,129.0,-88.47999999999999,合理诉求
310,202.17,486.56,-284.39,合理诉求
311,359.82,850.43,-490.61,合理诉求
312,242.66,581.7,-339.0400000000001,合理诉求
313,298.06,434.49,-136.43,合理诉求
314,36.76,113.7,-76.94,合理诉求
315,159.55,323.0,-163.45,合理诉求
316,535.58,2434.26,-1898.6800000000003,合理诉求
317,216.49,360.83,-144.33999999999995,合理诉求
318,213.44,816.69,-603.25,合理诉求
319,653.0,1464.88,-811.8800000000001,合理诉求
320,156.63,378.84,-222.21,合理诉求
321,188.01,374.0,-185.99,合理诉求
322,72.27,118.26,-45.99000000000001,合理诉求
323,19.72,326.08,-306.36,合理诉求
324,255.82,590.95,-335.13000000000005,合理诉求
325,614.51,2350.71,-1736.2,合理诉求
326,93.45,254.69,-161.24,合理诉求
327,457.41,1157.88,-700.47,合理诉求
328,25.05,180.98,-155.92999999999998,合理诉求
329,318.52,548.15,-229.63,合理诉求
330,140.77,731.62,-590.85,诉求偏高
331,75.43,177.97,-102.54,合理诉求
332,2.16,102.28,-100.12,合理诉求
333,43.26,123.58,-80.32,合理诉求
334,767.56,2262.74,-1495.1799999999998,合理诉求
335,279.15,1755.17,-1476.02,诉求偏高
336,100.3,312.89,-212.59,合理诉求
337,40.52,108.05,-67.53,合理诉求
338,440.79,990.16,-549.3699999999999,合理诉求
339,21.0,114.0,-93.0,合理诉求
340,456.29,577.43,-121.13999999999992,合理诉求
341,999.54,1041.68,-42.1400000000001,合理诉求
342,318.21,617.67,-299.46,合理诉求
343,393.09,585.22,-192.13000000000005,合理诉求
344,480.36,1097.87,-617.5099999999999,合理诉求
345,368.25,453.32,-85.07,合理诉求
346,368.39,1391.29,-1022.9,合理诉求
347,19.05,137.05,-118.0,合理诉求
348,27.33,291.91,-264.58000000000004,合理诉求
349,286.83,1281.49,-994.66,合理诉求
350,652.4,1188.21,-535.8100000000001,合理诉求
351,76.64,541.45,-464.81000000000006,合理诉求
352,93.51,619.24,-525.73,合理诉求
353,521.68,1582.74,-1061.06,合理诉求
354,835.84,3657.35,-2821.51,诉求偏高
355,303.84,456.61,-152.77000000000004,合理诉求
356,180.26,509.25,-328.99,合理诉求
357,263.06,450.48,-187.42,合理诉求
358,198.06,865.03,-666.97,合理诉求
359,229.04,466.96,-237.92,合理诉求
360,312.24,318.93,-6.689999999999998,合理诉求
361,223.54,476.11,-252.57,合理诉求
362,45.56,142.04,-96.48,合理诉求
363,1874.22,2406.1,-531.8799999999999,合理诉求
364,36.91,139.93,-103.02,合理诉求
365,825.26,1297.53,-472.27,合理诉求
366,291.09,2471.09,-2180.0,诉求偏高
367,74.41,116.74,-42.33,合理诉求
368,418.3,884.18,-465.88,合理诉求
369,43.93,201.3,-157.37,合理诉求
370,372.78,373.62,-0.8400000000000318,合理诉求
371,76.14,201.97,-125.83,合理诉求
372,1437.45,2546.69,-1109.24,合理诉求
373,11.67,359.81,-348.14,诉求偏高
374,351.42,549.36,-197.94,合理诉求
375,39.85,687.27,-647.42,诉求偏高
376,73.81,161.71,-87.9,合理诉求
377,35.98,109.06,-73.08000000000001,合理诉求
378,270.17,739.12,-468.95,合理诉求
379,215.84,437.11,-221.27,合理诉求
380,227.67,588.19,-360.5200000000001,合理诉求
381,490.7,1177.7,-687.0,合理诉求
382,67.9,131.05,-63.150000000000006,合理诉求
383,390.37,1023.49,-633.12,合理诉求
384,149.88,297.8,-147.92000000000002,合理诉求
385,116.5,1036.12,-919.62,诉求偏高
386,65.51,220.77,-155.26,合理诉求
387,575.88,896.12,-320.24,合理诉求
388,26.76,100.36,-73.6,合理诉求
389,207.83,476.77,-268.93999999999994,合理诉求
390,119.76,217.87,-98.11,合理诉求
391,20.76,103.63,-82.86999999999999,合理诉求
392,539.33,1025.01,-485.68,合理诉求
393,577.69,1324.2,-746.51,合理诉求
394,1050.08,3268.0,-2217.92,诉求偏高
395,86.07,150.6,-64.53,合理诉求
396,602.42,1027.22,-424.80000000000007,合理诉求
397,537.71,1909.08,-1371.37,合理诉求
398,137.47,913.02,-775.55,诉求偏高
399,322.18,562.85,-240.67,合理诉求
400,155.93,832.69,-676.76,合理诉求
401,385.02,1540.33,-1155.31,诉求偏高
402,61.19,112.38,-51.19,合理诉求
403,2.92,104.06,-101.14,合理诉求
404,118.5,624.28,-505.78,合理诉求
405,302.61,1366.29,-1063.6799999999998,合理诉求
406,182.12,202.39,-20.269999999999985,合理诉求
407,140.51,939.27,-798.76,诉求偏高
408,84.96,168.2,-83.24,合理诉求
409,265.58,810.71,-545.1300000000001,合理诉求
410,41.35,138.74,-97.39,合理诉求
411,108.58,212.82,-104.24,合理诉求
412,29.14,103.93,-74.79,合理诉求
413,545.31,3417.92,-2872.61,诉求偏高
414,180.4,192.26,-11.859999999999983,合理诉求
415,1.37,102.94,-101.57,合理诉求
416,4.07,205.77,-201.7,合理诉求
417,523.11,709.49,-186.38,合理诉求
418,80.03,116.01,-35.980000000000004,合理诉求
419,24.76,103.44,-78.67999999999999,合理诉求
420,458.8,2467.99,-2009.19,诉求偏高
421,81.51,365.12,-283.61,合理诉求
422,222.16,431.16,-209.00000000000003,合理诉求
423,100.94,470.28,-369.34,合理诉求
424,19.91,100.22,-80.31,合理诉求
425,63.25,336.73,-273.48,合理诉求
426,6.91,118.61,-111.7,合理诉求
427,75.66,162.18,-86.52000000000001,合理诉求
428,246.14,1304.95,-1058.81,诉求偏高
429,268.08,475.26,-207.18,合理诉求
430,183.7,373.75,-190.05,合理诉求
431,164.2,194.01,-29.81,合理诉求
432,35.48,325.42,-289.94,合理诉求
433,184.85,257.76,-72.91,合理诉求
434,210.51,515.68,-305.17,合理诉求
435,407.14,408.1,-0.9600000000000364,合理诉求
436,1268.14,2244.1,-975.9599999999998,合理诉求
437,233.59,1016.08,-782.49,合理诉求
438,153.84,295.4,-141.55999999999997,合理诉求
439,113.07,171.48,-58.41,合理诉求
440,494.13,723.98,-229.85,合理诉求
441,75.6,1468.99,-1393.39,严重超额
442,35.2,104.03,-68.83,合理诉求
443,332.9,1377.55,-1044.65,合理诉求
444,40.23,624.82,-584.59,诉求偏高
445,70.02,141.33,-71.31000000000002,合理诉求
446,43.91,257.21,-213.3,合理诉求
447,270.27,376.98,-106.71000000000004,合理诉求
448,257.86,366.22,-108.36,合理诉求
449,25.24,140.97,-115.73,合理诉求
450,66.24,222.26,-156.01999999999998,合理诉求
451,59.18,867.07,-807.8900000000001,严重超额
452,185.27,248.08,-62.81,合理诉求
453,110.74,917.37,-806.63,诉求偏高
454,1333.5,2179.4,-845.9000000000001,合理诉求
455,504.77,1652.41,-1147.64,合理诉求
456,784.48,1048.91,-264.43000000000006,合理诉求
457,150.31,463.59,-313.28,合理诉求
458,338.89,1311.44,-972.55,合理诉求
459,93.19,113.17,-19.980000000000004,合理诉求
460,769.78,3138.72,-2368.94,诉求偏高
461,148.95,160.48,-11.53,合理诉求
462,496.75,2352.86,-1856.11,合理诉求
463,256.02,979.51,-723.49,合理诉求
464,54.01,102.62,-48.61000000000001,合理诉求
465,264.02,1403.84,-1139.82,诉求偏高
466,516.7,536.84,-20.139999999999983,合理诉求
467,111.08,206.28,-95.2,合理诉求
468,53.53,471.6,-418.0700000000001,诉求偏高
469,643.01,1393.31,-750.3,合理诉求
470,62.88,165.47,-102.59,合理诉求
471,49.75,100.08,-50.33,合理诉求
472,196.61,658.47,-461.86,合理诉求
473,60.83,155.59,-94.76,合理诉求
474,201.53,587.33,-385.80000000000007,合理诉求
475,95.7,160.7,-64.99999999999999,合理诉求
476,209.6,587.78,-378.18,合理诉求
477,223.74,425.39,-201.65,合理诉求
478,47.92,147.57,-99.65,合理诉求
479,207.29,392.5,-185.21,合理诉求
480,76.77,230.58,-153.81,合理诉求
481,35.71,266.33,-230.62,合理诉求
482,6.36,104.66,-98.3,合理诉求
483,423.62,952.64,-529.02,合理诉求
484,403.78,692.94,-289.1600000000001,合理诉求
485,296.43,446.39,-149.95999999999998,合理诉求
486,54.47,114.02,-59.55,合理诉求
487,688.94,2094.17,-1405.23,合理诉求
488,97.59,409.53,-311.93999999999994,合理诉求
489,517.14,1966.19,-1449.0500000000002,合理诉求
490,213.31,530.68,-317.36999999999995,合理诉求
491,141.68,903.25,-761.5699999999999,诉求偏高
492,34.98,558.72,-523.74,诉求偏高
493,242.45,582.58,-340.13000000000005,合理诉求
494,433.53,1472.75,-1039.22,合理诉求
495,224.7,240.92,-16.22,合理诉求
496,30.56,133.89,-103.32999999999998,合理诉求
497,394.38,731.11,-336.73,合理诉求
498,123.99,473.63,-349.64,合理诉求
499,38.16,213.53,-175.37,合理诉求
500,23.32,445.4,-422.08,诉求偏高
501,431.93,1051.38,-619.45,合理诉求
502,619.62,2671.67,-2052.05,合理诉求
503,226.1,246.7,-20.599999999999994,合理诉求
504,388.83,555.01,-166.18,合理诉求
505,270.6,1006.06,-735.4599999999999,合理诉求
506,259.32,785.01,-525.69,合理诉求
507,211.22,222.01,-10.789999999999992,合理诉求
508,65.26,175.39,-110.12999999999998,合理诉求
509,853.52,4060.19,-3206.67,诉求偏高
510,356.21,801.82,-445.61000000000007,合理诉求
511,244.51,1834.58,-1590.07,诉求偏高
512,424.53,1036.95,-612.4200000000001,合理诉求
513,668.45,2714.23,-2045.78,合理诉求
514,153.59,488.67,-335.08000000000004,合理诉求
515,58.16,107.36,-49.2,合理诉求
516,233.59,1698.48,-1464.89,诉求偏高
517,166.85,264.72,-97.87000000000003,合理诉求
518,77.67,319.3,-241.63,合理诉求
519,315.13,494.24,-179.11,合理诉求
520,53.75,168.31,-114.56,合理诉求
521,216.13,1004.74,-788.61,合理诉求
522,1523.18,3424.55,-1901.37,合理诉求
523,44.75,185.24,-140.49,合理诉求
524,425.21,1171.2,-745.99,合理诉求
525,49.48,310.2,-260.72,合理诉求
526,245.09,355.19,-110.1,合理诉求
527,714.63,1420.18,-705.5500000000001,合理诉求
528,112.31,122.65,-10.340000000000003,合理诉求
529,139.12,185.67,-46.54999999999998,合理诉求
530,1280.29,2005.13,-724.8400000000001,合理诉求
531,83.06,1278.44,-1195.38,诉求偏高
532,3.11,231.65,-228.54,合理诉求
533,128.26,478.33,-350.07,合理诉求
534,619.73,2295.87,-1676.14,合理诉求
535,347.7,386.98,-39.28000000000003,合理诉求
536,1073.53,1734.82,-661.29,合理诉求
537,460.03,655.63,-195.6,合理诉求
538,4.83,104.48,-99.65,合理诉求
539,117.87,120.88,-3.009999999999991,合理诉求
540,204.76,2235.51,-2030.75,严重超额
541,352.25,424.3,-72.05000000000001,合理诉求
542,22.59,115.4,-92.81,合理诉求
543,217.55,694.63,-477.08,合理诉求
544,1077.63,3134.3,-2056.67,合理诉求
545,509.17,1608.63,-1099.46,合理诉求
546,154.62,232.17,-77.54999999999998,合理诉求
547,85.24,190.52,-105.28000000000002,合理诉求
548,629.43,2894.93,-2265.5,诉求偏高
549,194.67,881.98,-687.3100000000001,合理诉求
550,624.99,2155.06,-1530.07,合理诉求
551,4.85,101.46,-96.61,合理诉求
552,548.7,1074.01,-525.31,合理诉求
553,379.95,660.38,-280.43,合理诉求
554,67.85,127.2,-59.35000000000001,合理诉求
555,118.29,264.9,-146.60999999999996,合理诉求
556,27.63,119.59,-91.96,合理诉求
557,31.58,236.87,-205.29,合理诉求
558,235.58,242.49,-6.909999999999997,合理诉求
559,203.04,568.73,-365.69000000000005,合理诉求
560,904.11,3560.21,-2656.1,诉求偏高
561,10.6,205.32,-194.72,合理诉求
562,128.68,170.94,-42.25999999999999,合理诉求
563,39.84,142.61,-102.77,合理诉求
564,930.75,2758.91,-1828.16,合理诉求
565,643.13,1041.86,-398.7299999999999,合理诉求
566,27.12,103.01,-75.89,合理诉求
567,570.19,2875.82,-2305.63,诉求偏高
568,210.49,768.7,-558.21,合理诉求
569,41.92,239.42,-197.5,合理诉求
570,93.36,140.72,-47.36,合理诉求
571,74.25,167.97,-93.72,合理诉求
572,258.94,319.34,-60.39999999999998,合理诉求
573,567.9,595.18,-27.279999999999973,合理诉求
574,272.48,344.29,-71.81,合理诉求
575,613.3,637.45,-24.15000000000009,合理诉求
576,57.07,101.83,-44.76,合理诉求
577,443.05,1166.07,-723.02,合理诉求
578,706.06,1221.19,-515.1300000000001,合理诉求
579,280.12,751.71,-471.59,合理诉求
580,100.24,116.19,-15.950000000000005,合理诉求
581,430.46,1655.26,-1224.8,诉求偏高
582,46.42,100.08,-53.66,合理诉求
583,15.0,256.17,-241.17,合理诉求
584,88.28,365.62,-277.34000000000003,合理诉求
585,12.71,200.36,-187.65,合理诉求
586,203.42,736.09,-532.6700000000001,合理诉求
587,60.1,316.7,-256.6,合理诉求
588,107.49,145.58,-38.09000000000002,合理诉求
589,236.78,870.78,-634.0,合理诉求
590,64.47,517.43,-452.9599999999999,诉求偏高
591,207.56,2254.0,-2046.44,严重超额
592,48.35,194.43,-146.08,合理诉求
593,817.57,1404.11,-586.5399999999998,合理诉求
594,167.8,1142.14,-974.34,诉求偏高
595,237.31,1495.44,-1258.13,诉求偏高
596,45.92,114.02,-68.1,合理诉求
597,25.16,104.78,-79.62,合理诉求
598,234.04,758.15,-524.11,合理诉求
599,187.99,597.05,-409.06,合理诉求
600,853.68,4111.58,-3257.9,诉求偏高
601,262.53,545.16,-282.63,合理诉求
602,23.52,139.38,-115.86,合理诉求
603,128.33,1446.0,-1317.67,严重超额
604,245.13,884.36,-639.23,合理诉求
605,63.13,131.25,-68.12,合理诉求
606,429.71,692.77,-263.06,合理诉求
607,718.87,865.19,-146.32000000000005,合理诉求
608,281.98,539.06,-257.0799999999999,合理诉求
609,1237.56,1860.59,-623.03,合理诉求
610,130.59,309.33,-178.73999999999998,合理诉求
611,22.36,131.26,-108.9,合理诉求
612,298.01,415.56,-117.55,合理诉求
613,211.77,304.67,-92.9,合理诉求
614,134.98,337.36,-202.38,合理诉求
615,225.63,1171.36,-945.73,诉求偏高
616,268.46,867.24,-598.78,合理诉求
617,257.36,445.38,-188.02,合理诉求
618,45.56,201.61,-156.05,合理诉求
619,825.76,1055.28,-229.52,合理诉求
620,2.89,162.94,-160.05,合理诉求
621,369.83,1106.68,-736.8500000000001,合理诉求
622,169.15,451.25,-282.1,合理诉求
623,32.4,242.67,-210.27,合理诉求
624,140.19,243.72,-103.53,合理诉求
625,215.72,749.5,-533.78,合理诉求
626,588.7,1556.48,-967.78,合理诉求
627,258.75,707.01,-448.26,合理诉求
628,26.14,103.56,-77.42,合理诉求
629,630.21,1175.11,-544.8999999999999,合理诉求
630,85.04,591.94,-506.9,合理诉求
631,335.75,874.08,-538.33,合理诉求
632,84.07,132.2,-48.13,合理诉求
633,87.01,320.25,-233.24,合理诉求
634,542.03,1914.52,-1372.49,合理诉求
635,640.94,2597.57,-1956.63,合理诉求
636,230.18,262.25,-32.06999999999999,合理诉求
637,3.2,139.12,-135.92000000000002,合理诉求
638,430.27,1106.77,-676.5,合理诉求
639,376.47,514.14,-137.66999999999996,合理诉求
640,160.16,2040.36,-1880.2,严重超额
641,531.16,845.39,-314.23,合理诉求
642,47.79,177.23,-129.44,合理诉求
643,266.03,392.27,-126.24,合理诉求
644,415.65,1450.33,-1034.6799999999998,合理诉求
645,283.61,1526.9,-1243.29,诉求偏高
646,118.78,239.45,-120.67,合理诉求
647,430.97,2150.92,-1719.95,诉求偏高
648,84.88,101.07,-16.189999999999998,合理诉求
649,89.94,232.14,-142.2,合理诉求
650,102.38,303.68,-201.3,合理诉求
651,290.76,1001.49,-710.73,合理诉求
652,76.31,144.57,-68.25999999999999,合理诉求
653,517.88,1089.4,-571.5200000000001,合理诉求
654,86.26,324.68,-238.42,合理诉求
655,378.38,921.48,-543.1,合理诉求
656,189.53,497.87,-308.34000000000003,合理诉求
657,269.3,337.53,-68.22999999999996,合理诉求
658,3.2,108.01,-104.81,合理诉求
659,299.57,728.35,-428.78,合理诉求
660,80.39,793.55,-713.16,诉求偏高
661,153.02,1351.28,-1198.26,诉求偏高
662,23.78,278.1,-254.32,合理诉求
663,101.81,672.99,-571.1800000000001,合理诉求
664,1165.82,4644.09,-3478.2700000000004,严重超额
665,177.53,1952.89,-1775.36,严重超额
666,1495.84,3872.47,-2376.63,诉求偏高
667,79.21,534.0,-454.79,合理诉求
668,125.88,741.43,-615.55,诉求偏高
669,332.53,1016.61,-684.08,合理诉求
670,446.65,1355.68,-909.03,合理诉求
671,27.8,164.76,-136.95999999999998,合理诉求
672,187.18,280.06,-92.88,合理诉求
673,611.02,3221.29,-2610.27,诉求偏高
674,51.07,358.31,-307.24,合理诉求
675,257.39,1157.02,-899.63,诉求偏高
676,208.79,239.57,-30.78,合理诉求
677,182.51,182.99,-0.4800000000000182,合理诉求
678,67.6,504.96,-437.36,诉求偏高
679,209.56,814.73,-605.1700000000001,合理诉求
680,183.57,189.23,-5.659999999999997,合理诉求
681,189.66,214.76,-25.099999999999994,合理诉求
682,53.35,133.83,-80.48000000000002,合理诉求
683,265.7,1084.24,-818.54,诉求偏高
684,53.57,103.54,-49.970000000000006,合理诉求
685,11.36,120.65,-109.29,合理诉求
686,40.5,101.63,-61.13,合理诉求
687,696.64,2664.51,-1967.8700000000003,合理诉求
688,929.96,4332.22,-3402.26,诉求偏高
689,144.9,241.47,-96.57,合理诉求
690,113.21,465.83,-352.62,合理诉求
691,160.75,492.72,-331.97,合理诉求
692,76.86,193.07,-116.21,合理诉求
693,641.42,2474.05,-1832.63,合理诉求
694,537.43,1816.46,-1279.0300000000002,合理诉求
695,478.42,1076.39,-597.97,合理诉求
696,273.71,377.87,-104.16000000000004,合理诉求
697,34.38,100.0,-65.62,合理诉求
698,212.19,648.34,-436.15,合理诉求
699,95.25,301.21,-205.96,合理诉求
700,185.43,563.19,-377.7600000000001,合理诉求
701,180.16,383.18,-203.02,合理诉求
702,383.56,852.95,-469.39,合理诉求
703,56.58,215.8,-159.22000000000003,合理诉求
704,47.8,107.1,-59.3,合理诉求
705,302.78,435.39,-132.61,合理诉求
706,44.32,376.57,-332.25,合理诉求
707,167.21,232.76,-65.54999999999998,合理诉求
708,67.88,126.93,-59.05000000000001,合理诉求
709,485.44,856.27,-370.83,合理诉求
710,137.08,692.66,-555.5799999999999,合理诉求
711,491.78,611.45,-119.67000000000009,合理诉求
712,580.1,1696.47,-1116.37,合理诉求
713,73.24,154.03,-80.79,合理诉求
714,14.4,123.23,-108.83,合理诉求
715,84.29,897.75,-813.46,诉求偏高
716,91.53,782.25,-690.72,诉求偏高
717,27.16,114.35,-87.19,合理诉求
718,278.23,316.23,-38.0,合理诉求
719,812.4,2712.92,-1900.52,合理诉求
720,835.16,3594.14,-2758.98,诉求偏高
721,61.03,171.84,-110.81,合理诉求
722,359.54,891.67,-532.1299999999999,合理诉求
723,19.21,113.15,-93.94,合理诉求
724,790.16,2823.19,-2033.03,合理诉求
725,452.63,962.69,-510.06000000000006,合理诉求
726,164.48,874.71,-710.23,合理诉求
727,141.99,1638.41,-1496.42,严重超额
728,242.34,841.58,-599.24,合理诉求
729,673.92,836.24,-162.32000000000005,合理诉求
730,11.26,136.74,-125.48,合理诉求
731,32.15,303.93,-271.78000000000003,合理诉求
732,198.79,1107.6,-908.81,诉求偏高
733,143.25,202.14,-58.88999999999999,合理诉求
734,500.08,1184.7,-684.6200000000001,合理诉求
735,384.02,485.49,-101.47000000000004,合理诉求
736,389.22,659.1,-269.88,合理诉求
737,108.8,175.17,-66.36999999999999,合理诉求
738,176.41,677.87,-501.46,合理诉求
739,193.44,354.89,-161.45,合理诉求
740,77.61,127.25,-49.64,合理诉求
741,58.15,796.76,-738.61,诉求偏高
742,14.04,194.72,-180.68,合理诉求
743,57.11,238.26,-181.15,合理诉求
744,46.0,101.39,-55.39,合理诉求
745,82.92,138.14,-55.21999999999999,合理诉求
746,581.31,674.46,-93.15000000000008,合理诉求
747,224.98,620.16,-395.18,合理诉求
748,240.59,683.7,-443.11,合理诉求
749,864.85,3742.4,-2877.55,诉求偏高
750,232.67,248.42,-15.75,合理诉求
751,63.82,113.32,-49.49999999999999,合理诉求
752,210.71,695.9,-485.19,合理诉求
753,144.84,658.17,-513.3299999999999,合理诉求
754,14.17,112.71,-98.54,合理诉求
755,78.63,576.06,-497.43,合理诉求
756,234.07,659.95,-425.88000000000005,合理诉求
757,84.23,372.01,-287.78,合理诉求
758,94.4,484.67,-390.27,合理诉求
759,86.87,983.56,-896.6899999999999,诉求偏高
760,381.19,945.0,-563.81,合理诉求
761,26.48,120.9,-94.42,合理诉求
762,1026.58,4611.41,-3584.83,严重超额
763,473.71,924.78,-451.07,合理诉求
764,373.95,1119.98,-746.03,合理诉求
765,173.36,347.32,-173.95999999999998,合理诉求
766,226.46,617.35,-390.89,合理诉求
767,298.72,519.53,-220.80999999999997,合理诉求
768,770.87,2038.07,-1267.1999999999998,合理诉求
769,1142.22,2367.84,-1225.62,合理诉求
770,417.6,743.62,-326.02,合理诉求
771,92.75,134.34,-41.59,合理诉求
772,275.34,616.31,-340.97,合理诉求
773,39.16,279.51,-240.35,合理诉求
774,524.84,654.55,-129.70999999999992,合理诉求
775,463.88,1313.86,-849.9799999999999,合理诉求
776,93.09,793.48,-700.39,诉求偏高
777,188.3,606.43,-418.13,合理诉求
778,97.23,110.95,-13.72,合理诉求
779,311.33,412.34,-101.01,合理诉求
780,447.88,680.56,-232.67999999999995,合理诉求
781,107.88,275.47,-167.59000000000003,合理诉求
782,787.21,1288.67,-501.46,合理诉求
783,50.87,274.39,-223.52,合理诉求
784,28.83,139.78,-110.95,合理诉求
785,257.83,385.25,-127.42000000000002,合理诉求
786,514.78,1815.05,-1300.27,合理诉求
787,350.54,561.41,-210.86999999999995,合理诉求
788,380.46,1419.04,-1038.58,合理诉求
789,67.25,215.81,-148.56,合理诉求
790,133.93,312.45,-178.51999999999998,合理诉求
791,481.58,525.0,-43.420000000000016,合理诉求
792,632.47,800.49,-168.01999999999998,合理诉求
793,410.93,705.84,-294.91,合理诉求
794,207.81,582.53,-374.72,合理诉求
795,207.83,288.97,-81.14000000000001,合理诉求
796,41.91,123.96,-82.05,合理诉求
797,304.33,1119.23,-814.9000000000001,合理诉求
798,1352.5,1592.57,-240.06999999999996,合理诉求
799,47.86,136.16,-88.3,合理诉求
800,120.86,259.83,-138.96999999999997,合理诉求
801,518.41,1630.92,-1112.5100000000002,合理诉求
802,1453.38,1775.85,-322.4699999999998,合理诉求
803,149.27,234.23,-84.95999999999998,合理诉求
804,258.73,326.96,-68.22999999999996,合理诉求
805,579.29,1387.95,-808.6600000000001,合理诉求
806,1089.74,2163.56,-1073.82,合理诉求
807,541.24,1681.79,-1140.55,合理诉求
808,890.78,1581.94,-691.1600000000001,合理诉求
809,172.13,175.16,-3.030000000000001,合理诉求
810,535.57,1899.97,-1364.4,合理诉求
811,393.98,660.47,-266.49,合理诉求
812,55.58,148.9,-93.32,合理诉求
813,24.02,222.63,-198.61,合理诉求
814,205.61,305.73,-100.12,合理诉求
815,164.51,975.8,-811.29,诉求偏高
816,34.91,135.99,-101.08,合理诉求
817,274.26,436.72,-162.46000000000004,合理诉求
818,436.58,1679.26,-1242.68,诉求偏高
819,74.13,118.7,-44.57000000000001,合理诉求
820,593.8,1261.43,-667.6300000000001,合理诉求
821,106.92,121.2,-14.28,合理诉求
822,367.06,630.04,-262.98,合理诉求
823,288.72,1175.73,-887.01,合理诉求
824,53.04,100.53,-47.49,合理诉求
825,360.83,540.0,-179.17000000000002,合理诉求
826,24.52,313.45,-288.93,合理诉求
827,118.55,739.07,-620.5200000000001,诉求偏高
828,195.2,422.57,-227.37,合理诉求
829,240.28,779.14,-538.86,合理诉求
830,309.89,990.49,-680.6,合理诉求
831,216.72,220.95,-4.22999999999999,合理诉求
832,46.81,204.51,-157.7,合理诉求
833,28.56,135.22,-106.66,合理诉求
834,91.6,202.83,-111.23000000000002,合理诉求
835,353.91,1329.06,-975.15,合理诉求
836,712.91,2450.06,-1737.15,合理诉求
837,74.13,189.2,-115.07,合理诉求
838,136.66,293.08,-156.42,合理诉求
839,16.84,148.61,-131.77,合理诉求
840,207.06,512.41,-305.35,合理诉求
841,1010.46,2198.27,-1187.81,合理诉求
842,374.59,539.08,-164.49000000000007,合理诉求
843,71.0,647.3,-576.3,诉求偏高
844,502.94,980.23,-477.29,合理诉求
845,136.12,205.61,-69.49000000000001,合理诉求
846,190.88,599.46,-408.58,合理诉求
847,160.22,563.57,-403.35,合理诉求
848,222.84,443.03,-220.19,合理诉求
849,598.54,1407.96,-809.4200000000001,合理诉求
850,55.46,238.06,-182.6,合理诉求
851,0.9,101.0,-100.1,合理诉求
852,41.24,146.33,-105.09,合理诉求
853,207.21,632.52,-425.31,合理诉求
854,235.64,283.98,-48.34000000000003,合理诉求
855,65.65,1043.63,-977.98,严重超额
856,195.67,448.73,-253.06000000000003,合理诉求
857,142.33,627.69,-485.36,合理诉求
858,24.92,381.17,-356.25,诉求偏高
859,115.67,615.02,-499.35,合理诉求
860,82.91,349.11,-266.20000000000005,合理诉求
861,23.38,103.97,-80.59,合理诉求
862,231.4,335.04,-103.64,合理诉求
863,135.02,1799.17,-1664.15,严重超额
864,203.2,1055.49,-852.29,诉求偏高
865,61.81,374.18,-312.37,合理诉求
866,95.36,148.45,-53.08999999999999,合理诉求
867,111.17,194.02,-82.85000000000001,合理诉求
868,15.19,630.93,-615.7399999999999,诉求偏高
869,159.97,191.66,-31.69,合理诉求
870,127.73,344.82,-217.09,合理诉求
871,171.01,519.18,-348.17,合理诉求
872,287.66,1477.44,-1189.78,诉求偏高
873,132.48,271.43,-138.95000000000002,合理诉求
874,831.67,1387.7,-556.0300000000001,合理诉求
875,343.34,628.22,-284.88000000000005,合理诉求
876,480.29,1156.53,-676.24,合理诉求
877,110.53,544.74,-434.21,合理诉求
878,143.22,688.79,-545.5699999999999,合理诉求
879,356.68,935.79,-579.1099999999999,合理诉求
880,69.69,243.84,-174.15,合理诉求
881,502.99,927.11,-424.12,合理诉求
882,205.11,253.74,-48.63,合理诉求
883,335.93,408.81,-72.88,合理诉求
884,503.87,2194.91,-1691.04,合理诉求
885,94.95,189.99,-95.04,合理诉求
886,48.91,157.76,-108.85,合理诉求
887,791.59,991.82,-200.23,合理诉求
888,53.79,104.15,-50.36000000000001,合理诉求
889,422.61,777.88,-355.27,合理诉求
890,579.45,2849.78,-2270.33,诉求偏高
891,121.6,283.64,-162.04,合理诉求
892,53.28,227.33,-174.05,合理诉求
893,99.95,582.51,-482.56,合理诉求
894,284.43,408.52,-124.08999999999996,合理诉求
895,620.1,991.27,-371.17,合理诉求
896,294.38,799.93,-505.55,合理诉求
897,162.53,935.38,-772.85,合理诉求
898,254.67,402.67,-148.00000000000003,合理诉求
899,101.41,370.91,-269.5,合理诉求
900,364.75,1668.75,-1304.0,诉求偏高
901,792.54,2063.36,-1270.8200000000002,合理诉求
902,229.35,341.01,-111.66,合理诉求
903,117.46,1402.49,-1285.03,严重超额
904,350.13,1331.25,-981.12,合理诉求
905,176.21,1043.72,-867.51,诉求偏高
906,406.07,1166.54,-760.47,合理诉求
907,454.56,459.61,-5.050000000000011,合理诉求
908,49.88,115.12,-65.24000000000001,合理诉求
909,71.7,180.65,-108.95,合理诉求
910,671.4,919.36,-247.96000000000004,合理诉求
911,53.14,224.89,-171.75,合理诉求
912,143.7,450.09,-306.39,合理诉求
913,1273.04,1349.56,-76.51999999999998,合理诉求
914,175.15,264.6,-89.45000000000002,合理诉求
915,174.06,301.79,-127.73000000000002,合理诉求
916,35.37,167.65,-132.28,合理诉求
917,35.37,197.94,-162.57,合理诉求
918,17.18,134.48,-117.29999999999998,合理诉求
919,100.43,451.69,-351.26,合理诉求
920,119.11,413.75,-294.64,合理诉求
921,477.98,2333.41,-1855.43,合理诉求
922,1.69,101.21,-99.52,合理诉求
923,182.7,1800.46,-1617.76,诉求偏高
924,516.24,908.99,-392.75,合理诉求
925,9.99,110.8,-100.81,合理诉求
926,595.75,1946.08,-1350.33,合理诉求
927,219.71,227.16,-7.449999999999989,合理诉求
928,490.55,1400.41,-909.86,合理诉求
929,173.0,526.01,-353.01,合理诉求
930,12.41,100.01,-87.60000000000001,合理诉求
931,340.94,1176.17,-835.23,合理诉求
932,360.87,475.83,-114.95999999999998,合理诉求
933,643.29,1333.7,-690.4100000000001,合理诉求
934,590.15,1438.2,-848.0500000000001,合理诉求
935,178.5,355.29,-176.79000000000002,合理诉求
936,36.08,407.53,-371.45,诉求偏高
937,23.61,144.44,-120.83,合理诉求
938,162.95,426.13,-263.18,合理诉求
939,323.92,1442.5,-1118.58,诉求偏高
940,164.15,288.15,-123.99999999999996,合理诉求
941,138.37,226.6,-88.22999999999999,合理诉求
942,141.42,183.52,-42.10000000000002,合理诉求
943,103.67,553.17,-449.5,合理诉求
944,467.62,496.95,-29.329999999999984,合理诉求
945,351.64,833.22,-481.58,合理诉求
946,1342.25,1664.64,-322.3900000000001,合理诉求
947,460.76,904.08,-443.3200000000001,合理诉求
948,9.28,103.72,-94.44,合理诉求
949,310.7,536.05,-225.35,合理诉求
950,499.18,1748.8,-1249.62,合理诉求
951,365.68,459.47,-93.79000000000002,合理诉求
952,453.25,994.3,-541.05,合理诉求
953,127.97,142.92,-14.949999999999989,合理诉求
954,90.82,194.75,-103.93,合理诉求
955,91.83,202.52,-110.69,合理诉求
956,54.6,206.87,-152.27,合理诉求
957,140.16,555.46,-415.30000000000007,合理诉求
958,719.74,1975.34,-1255.6,合理诉求
959,354.24,1439.6,-1085.36,合理诉求
960,267.97,461.66,-193.69,合理诉求
961,294.68,334.75,-40.06999999999999,合理诉求
962,133.89,589.11,-455.22,合理诉求
963,112.67,351.94,-239.27,合理诉求
964,872.1,2708.23,-1836.13,合理诉求
965,110.27,756.24,-645.97,诉求偏高
966,337.66,544.14,-206.48,合理诉求
967,196.98,326.51,-129.53,合理诉求
968,99.15,134.04,-34.889999999999986,合理诉求
969,970.95,1925.77,-954.82,合理诉求
970,460.06,804.92,-344.86,合理诉求
971,253.1,977.92,-724.8199999999999,合理诉求
972,78.26,189.89,-111.62999999999998,合理诉求
973,347.73,992.01,-644.28,合理诉求
974,265.64,276.37,-10.730000000000018,合理诉求
975,458.52,896.12,-437.6,合理诉求
976,75.25,337.73,-262.48,合理诉求
977,7.72,102.14,-94.42,合理诉求
978,172.34,1162.23,-989.89,诉求偏高
979,458.83,656.02,-197.19,合理诉求
980,346.23,373.9,-27.66999999999996,合理诉求
981,247.56,797.26,-549.7,合理诉求
982,6.22,102.78,-96.56,合理诉求
983,92.39,121.81,-29.42,合理诉求
984,127.23,513.55,-386.32,合理诉求
985,376.74,1039.19,-662.45,合理诉求
986,317.91,950.59,-632.6800000000001,合理诉求
987,604.12,1610.32,-1006.2,合理诉求
988,135.44,627.06,-491.62,合理诉求
989,317.76,562.71,-244.95000000000005,合理诉求
990,38.37,269.09,-230.72,合理诉求
991,62.61,175.6,-112.99,合理诉求
992,303.74,2776.45,-2472.71,严重超额
993,174.77,1888.41,-1713.64,诉求偏高
994,168.4,690.1,-521.7,合理诉求
995,475.74,1681.67,-1205.93,合理诉求
996,70.21,313.42,-243.21000000000004,合理诉求
997,147.22,236.4,-89.18,合理诉求
998,94.72,873.16,-778.4399999999999,诉求偏高
999,85.36,120.12,-34.760000000000005,合理诉求
1000,216.95,475.87,-258.92,合理诉求
1001,59.31,267.88,-208.57,合理诉求
1002,137.52,887.33,-749.8100000000001,诉求偏高
1003,325.9,1512.12,-1186.2199999999998,诉求偏高
1004,62.57,606.56,-543.9899999999999,诉求偏高
1005,147.75,415.45,-267.7,合理诉求
1006,47.96,260.72,-212.76,合理诉求
1007,109.75,424.51,-314.76,合理诉求
1008,150.87,1394.68,-1243.81,诉求偏高
1009,127.81,203.18,-75.37,合理诉求
1010,585.42,2657.53,-2072.11,合理诉求
1011,1028.46,1314.07,-285.6099999999999,合理诉求
1012,141.97,303.71,-161.73999999999998,合理诉求
1013,46.08,146.83,-100.75,合理诉求
1014,94.94,1180.1,-1085.16,诉求偏高
1015,525.04,1286.73,-761.69,合理诉求
1016,122.7,227.53,-104.83,合理诉求
1017,166.47,308.88,-142.41,合理诉求
1018,478.23,1003.17,-524.9399999999999,合理诉求
1019,288.28,430.02,-141.74,合理诉求
1020,120.17,160.36,-40.19000000000001,合理诉求
1021,92.15,229.04,-136.89,合理诉求
1022,96.68,699.41,-602.73,诉求偏高
1023,723.74,2099.25,-1375.51,合理诉求
1024,463.09,809.5,-346.41,合理诉求
1025,145.99,1627.16,-1481.17,严重超额
1026,613.9,721.89,-107.99,合理诉求
1027,388.41,635.93,-247.51999999999992,合理诉求
1028,40.08,282.96,-242.88,合理诉求
1029,28.52,138.04,-109.52,合理诉求
1030,378.89,394.33,-15.439999999999998,合理诉求
1031,587.93,935.9,-347.97,合理诉求
1032,65.52,224.97,-159.45,合理诉求
1033,213.34,347.17,-133.83,合理诉求
1034,159.75,285.62,-125.87,合理诉求
1035,92.93,101.27,-8.33999999999999,合理诉求
1036,151.8,1184.51,-1032.71,诉求偏高
1037,97.59,176.34,-78.75,合理诉求
1038,16.09,218.81,-202.72,合理诉求
1039,229.93,577.25,-347.32,合理诉求
1040,522.2,1261.13,-738.9300000000001,合理诉求
1041,242.28,514.75,-272.47,合理诉求
1042,237.68,783.41,-545.73,合理诉求
1043,333.69,475.69,-142.0,合理诉求
1044,536.94,1112.56,-575.6199999999999,合理诉求
1045,270.04,1114.18,-844.1400000000001,合理诉求
1046,138.27,631.9,-493.63,合理诉求
1047,816.0,4263.18,-3447.1800000000003,严重超额
1048,79.36,181.08,-101.72,合理诉求
1049,87.0,647.52,-560.52,合理诉求
1050,245.75,464.31,-218.56,合理诉求
1051,145.68,268.83,-123.14999999999998,合理诉求
1052,112.54,1289.57,-1177.03,诉求偏高
1053,146.08,811.11,-665.03,诉求偏高
1054,82.49,315.28,-232.79,合理诉求
1055,550.07,751.39,-201.31999999999996,合理诉求
1056,281.66,959.91,-678.25,合理诉求
1057,297.74,512.3,-214.55999999999997,合理诉求
1058,285.79,609.07,-323.28000000000003,合理诉求
1059,9.24,152.9,-143.66,合理诉求
1060,7.51,100.1,-92.59,合理诉求
1061,363.9,403.2,-39.30000000000001,合理诉求
1062,12.3,113.41,-101.11,合理诉求
1063,432.49,1413.53,-981.04,合理诉求
1064,58.87,410.58,-351.71,诉求偏高
1065,442.14,490.53,-48.38999999999999,合理诉求
1066,127.58,364.77,-237.19,合理诉求
1067,58.29,103.92,-45.63,合理诉求
1068,612.97,674.61,-61.63999999999999,合理诉求
1069,52.56,838.87,-786.31,诉求偏高
1070,322.34,406.54,-84.20000000000005,合理诉求
1071,152.39,227.21,-74.82000000000002,合理诉求
1072,30.65,143.73,-113.07999999999998,合理诉求
1073,75.21,136.8,-61.59000000000002,合理诉求
1074,59.66,137.35,-77.69,合理诉求
1075,545.06,2138.77,-1593.71,合理诉求
1076,83.57,168.11,-84.54000000000002,合理诉求
1077,90.29,158.74,-68.45,合理诉求
1078,425.46,1300.82,-875.3599999999999,合理诉求
1079,72.38,152.41,-80.03,合理诉求
1080,212.44,435.02,-222.58,合理诉求
1081,412.76,1115.43,-702.6700000000001,合理诉求
1082,409.11,1306.22,-897.11,合理诉求
1083,280.43,1305.04,-1024.61,合理诉求
1084,63.36,822.01,-758.65,诉求偏高
1085,598.92,986.24,-387.3200000000001,合理诉求
1086,66.07,758.46,-692.3900000000001,诉求偏高
1087,1025.7,1788.02,-762.3199999999999,合理诉求
1088,68.45,128.12,-59.67,合理诉求
1089,115.78,312.62,-196.84,合理诉求
1090,38.03,100.03,-62.0,合理诉求
1091,562.53,1796.9,-1234.37,合理诉求
1092,99.57,113.86,-14.290000000000006,合理诉求
1093,84.32,194.1,-109.78,合理诉求
1094,152.74,350.71,-197.97,合理诉求
1095,36.67,100.67,-64.0,合理诉求
1096,165.86,483.9,-318.04,合理诉求
1097,37.88,122.72,-84.84,合理诉求
1098,157.08,261.21,-104.12999999999997,合理诉求
1099,493.37,595.17,-101.79999999999995,合理诉求
1100,70.63,137.46,-66.83000000000001,合理诉求
1101,1187.25,1974.23,-786.98,合理诉求
1102,55.26,103.4,-48.14000000000001,合理诉求
1103,188.34,1033.8,-845.4599999999999,诉求偏高
1104,64.9,107.58,-42.67999999999999,合理诉求
1105,231.34,298.05,-66.71000000000001,合理诉求
1106,36.82,256.76,-219.94,合理诉求
1107,41.11,208.05,-166.94,合理诉求
1108,79.63,154.09,-74.46000000000001,合理诉求
1109,383.41,713.45,-330.04,合理诉求
1110,61.68,101.2,-39.52,合理诉求
1111,675.74,1254.22,-578.48,合理诉求
1112,74.38,177.83,-103.45000000000002,合理诉求
1113,2.53,111.84,-109.31,合理诉求
1114,617.28,1450.34,-833.06,合理诉求
1115,25.37,131.86,-106.49,合理诉求
1116,257.54,743.32,-485.78,合理诉求
1117,833.81,2201.57,-1367.7600000000002,合理诉求
1118,1116.11,1373.57,-257.46000000000004,合理诉求
1119,85.28,149.25,-63.97,合理诉求
1120,55.41,193.49,-138.08,合理诉求
1121,30.41,104.81,-74.4,合理诉求
1122,191.42,560.3,-368.88,合理诉求
1123,49.44,153.43,-103.99,合理诉求
1124,653.76,1098.55,-444.79,合理诉求
1125,80.66,100.14,-19.480000000000004,合理诉求
1126,701.11,1399.45,-698.34,合理诉求
1127,351.36,2502.69,-2151.33,诉求偏高
1128,103.76,188.57,-84.80999999999999,合理诉求
1129,231.38,508.25,-276.87,合理诉求
1130,246.11,693.48,-447.37,合理诉求
1131,31.35,110.61,-79.25999999999999,合理诉求
1132,19.5,110.88,-91.38,合理诉求
1133,136.2,241.96,-105.76000000000002,合理诉求
1134,102.45,299.42,-196.97000000000003,合理诉求
1135,56.62,116.93,-60.31000000000001,合理诉求
1136,15.34,150.27,-134.93,合理诉求
1137,75.09,295.46,-220.37,合理诉求
1138,148.79,173.44,-24.65000000000001,合理诉求
1139,628.39,2036.21,-1407.8200000000002,合理诉求
1140,489.73,540.66,-50.92999999999995,合理诉求
1141,304.69,816.48,-511.79,合理诉求
1142,384.42,1396.41,-1011.99,合理诉求
1143,394.7,1286.98,-892.28,合理诉求
1144,70.39,144.15,-73.76,合理诉求
1145,22.48,634.79,-612.31,诉求偏高
1146,271.37,695.81,-424.44,合理诉求
1147,209.91,918.07,-708.1600000000001,合理诉求
1148,683.04,2648.81,-1965.77,合理诉求
1149,287.12,996.49,-709.37,合理诉求
1150,324.1,609.16,-285.05999999999995,合理诉求
1151,580.42,1011.95,-431.5300000000001,合理诉求
1152,245.82,681.33,-435.5100000000001,合理诉求
1153,465.03,1571.63,-1106.6,诉求偏高
1154,377.98,478.62,-100.64,合理诉求
1155,71.87,194.06,-122.19,合理诉求
1156,23.59,102.47,-78.88,合理诉求
1157,278.87,477.11,-198.24,合理诉求
1158,166.99,664.66,-497.67,合理诉求
1159,23.32,149.44,-126.12,合理诉求
1160,77.84,769.82,-691.98,诉求偏高
1161,128.81,182.61,-53.80000000000001,合理诉求
1162,226.16,749.66,-523.5,合理诉求
1163,186.79,1034.01,-847.22,诉求偏高
1164,116.89,136.48,-19.58999999999999,合理诉求
1165,427.36,642.71,-215.35,合理诉求
1166,146.88,582.61,-435.73,合理诉求
1167,509.83,1005.95,-496.12000000000006,合理诉求
1168,647.4,1055.09,-407.69,合理诉求
1169,784.95,1101.38,-316.43000000000006,合理诉求
1170,103.32,437.18,-333.86,合理诉求
1171,94.68,304.34,-209.66,合理诉求
1172,241.29,425.01,-183.72,合理诉求
1173,38.27,709.88,-671.61,诉求偏高
1174,4.25,114.45,-110.2,合理诉求
1175,470.42,773.01,-302.59,合理诉求
1176,57.59,174.98,-117.39,合理诉求
1177,131.05,578.32,-447.27,合理诉求
1178,85.11,123.28,-38.17,合理诉求
1179,145.84,245.53,-99.69,合理诉求
1180,384.06,1151.16,-767.1000000000001,合理诉求
1181,22.44,135.41,-112.97,合理诉求
1182,7.08,115.34,-108.26,合理诉求
1183,28.95,148.57,-119.62,合理诉求
1184,735.94,809.03,-73.08999999999992,合理诉求
1185,2.91,105.22,-102.31,合理诉求
1186,304.09,352.87,-48.78000000000003,合理诉求
1187,490.07,931.96,-441.89,合理诉求
1188,18.9,123.21,-104.31,合理诉求
1189,253.56,557.54,-303.98,合理诉求
1190,141.29,540.77,-399.48,合理诉求
1191,300.85,867.04,-566.1899999999999,合理诉求
1192,78.97,723.73,-644.76,诉求偏高
1193,103.58,201.07,-97.49,合理诉求
1194,528.18,1073.88,-545.7000000000002,合理诉求
1195,329.37,421.84,-92.46999999999996,合理诉求
1196,94.32,472.85,-378.53,合理诉求
1197,917.58,3704.05,-2786.4700000000003,诉求偏高
1198,302.99,651.38,-348.39,合理诉求
1199,243.41,945.2,-701.7900000000001,合理诉求
1200,542.48,629.46,-86.98000000000002,合理诉求
1201,36.51,543.04,-506.53,诉求偏高
1202,258.27,1258.01,-999.74,诉求偏高
1203,140.65,571.38,-430.73,合理诉求
1204,163.8,458.41,-294.61,合理诉求
1205,756.26,2359.09,-1602.8300000000002,合理诉求
1206,206.7,526.7,-320.00000000000006,合理诉求
1207,206.5,256.31,-49.81,合理诉求
1208,212.02,758.09,-546.07,合理诉求
1209,199.14,1392.81,-1193.67,诉求偏高
1210,35.85,326.34,-290.48999999999995,合理诉求
1211,61.91,123.33,-61.42,合理诉求
1212,740.46,3576.32,-2835.86,诉求偏高
1213,113.42,581.56,-468.13999999999993,合理诉求
1214,427.5,1023.52,-596.02,合理诉求
1215,994.92,3874.52,-2879.6,诉求偏高
1216,77.05,1226.06,-1149.01,诉求偏高
1217,310.27,2937.57,-2627.3,严重超额
1218,426.8,902.58,-475.78,合理诉求
1219,71.94,138.15,-66.21000000000001,合理诉求
1220,1100.64,2137.76,-1037.12,合理诉求
1221,336.5,339.01,-2.509999999999991,合理诉求
1222,15.61,255.51,-239.9,合理诉求
1223,173.49,566.84,-393.35,合理诉求
1224,275.27,297.36,-22.090000000000032,合理诉求
1225,152.69,307.84,-155.14999999999998,合理诉求
1226,165.88,425.12,-259.24,合理诉求
1227,236.49,665.7,-429.21,合理诉求
1228,112.42,316.48,-204.06,合理诉求
1229,92.47,199.45,-106.98,合理诉求
1230,69.41,129.84,-60.43000000000001,合理诉求
1231,1264.65,1944.84,-680.1899999999998,合理诉求
1232,11.26,120.64,-109.38,合理诉求
1233,198.15,621.22,-423.0700000000001,合理诉求
1234,465.52,3075.71,-2610.19,严重超额
1235,22.77,100.53,-77.76,合理诉求
1236,102.23,232.14,-129.90999999999997,合理诉求
1237,323.85,1373.12,-1049.27,合理诉求
1238,73.46,206.69,-133.23000000000002,合理诉求
1239,224.78,356.96,-132.17999999999998,合理诉求
1240,223.03,834.35,-611.32,合理诉求
1241,31.65,144.51,-112.86,合理诉求
1242,854.84,1742.36,-887.5199999999999,合理诉求
1243,990.83,2649.53,-1658.7000000000005,合理诉求
1244,75.56,213.76,-138.2,合理诉求
1245,308.65,626.6,-317.95000000000005,合理诉求
1246,95.48,330.19,-234.71,合理诉求
1247,178.87,181.58,-2.710000000000008,合理诉求
1248,86.64,893.25,-806.61,诉求偏高
1249,82.68,348.19,-265.51,合理诉求
1250,114.15,1409.72,-1295.57,严重超额
1251,117.41,441.26,-323.85,合理诉求
1252,88.71,239.84,-151.13,合理诉求
1253,623.5,2315.33,-1691.83,合理诉求
1254,425.19,1256.13,-830.94,合理诉求
1255,164.22,1012.53,-848.31,诉求偏高
1256,355.91,2339.59,-1983.68,诉求偏高
1257,92.46,213.34,-120.88,合理诉求
1258,47.51,123.15,-75.64000000000001,合理诉求
1259,70.37,181.41,-111.04,合理诉求
1260,188.31,486.47,-298.16,合理诉求
1261,424.64,674.33,-249.69000000000003,合理诉求
1262,114.63,1349.88,-1235.25,诉求偏高
1263,22.45,279.14,-256.69,合理诉求
1264,344.92,485.4,-140.47999999999996,合理诉求
1265,244.99,919.82,-674.83,合理诉求
1266,2.44,100.06,-97.62,合理诉求
1267,151.98,172.41,-20.430000000000007,合理诉求
1268,147.79,301.36,-153.57000000000002,合理诉求
1269,44.52,208.97,-164.45,合理诉求
1270,106.99,210.68,-103.69,合理诉求
1271,189.28,1217.6,-1028.32,诉求偏高
1272,477.51,1375.23,-897.72,合理诉求
1273,130.5,270.16,-139.66000000000005,合理诉求
1274,367.47,436.17,-68.69999999999999,合理诉求
1275,1151.47,1688.22,-536.75,合理诉求
1276,431.09,983.88,-552.79,合理诉求
1277,87.97,192.16,-104.19,合理诉求
1278,4.98,108.42,-103.44,合理诉求
1279,451.3,1252.52,-801.22,合理诉求
1280,41.14,327.73,-286.59000000000003,合理诉求
1281,713.23,856.18,-142.94999999999993,合理诉求
1282,768.08,4300.89,-3532.8100000000004,严重超额
1283,113.57,546.94,-433.37000000000006,合理诉求
1284,445.16,1368.62,-923.4599999999998,合理诉求
1285,93.31,220.55,-127.24,合理诉求
1286,986.3,1918.18,-931.88,合理诉求
1287,697.72,1667.09,-969.37,合理诉求
1288,610.82,1316.91,-706.09,合理诉求
1289,191.06,499.68,-308.62,合理诉求
1290,1041.15,1449.29,-408.1399999999999,合理诉求
1291,213.61,229.25,-15.639999999999986,合理诉求
1292,75.04,362.24,-287.2,合理诉求
1293,196.86,667.0,-470.14,合理诉求
1294,112.97,974.04,-861.0699999999999,诉求偏高
1295,658.21,2346.35,-1688.14,合理诉求
1296,770.52,3203.41,-2432.89,诉求偏高
1297,472.71,848.87,-376.16,合理诉求
1298,63.52,852.05,-788.53,诉求偏高
1299,123.26,919.19,-795.9300000000001,诉求偏高
1300,103.92,123.96,-20.039999999999992,合理诉求
1301,131.82,501.92,-370.1,合理诉求
1302,57.36,807.71,-750.35,诉求偏高
1303,85.92,379.04,-293.12,合理诉求
1304,521.13,1706.23,-1185.1,合理诉求
1305,470.52,974.18,-503.66,合理诉求
1306,560.47,929.95,-369.48,合理诉求
1307,11.06,125.71,-114.65,合理诉求
1308,105.21,539.45,-434.24000000000007,合理诉求
1309,427.2,434.71,-7.509999999999991,合理诉求
1310,187.73,665.87,-478.14,合理诉求
1311,95.6,398.19,-302.59000000000003,合理诉求
1312,540.21,1139.8,-599.5899999999999,合理诉求
1313,11.92,175.63,-163.71,合理诉求
1314,72.04,383.47,-311.43,合理诉求
1315,131.29,147.95,-16.659999999999997,合理诉求
1316,96.53,478.08,-381.55,合理诉求
1317,119.33,186.25,-66.92,合理诉求
1318,23.62,116.36,-92.74,合理诉求
1319,84.06,264.38,-180.32,合理诉求
1320,106.01,117.59,-11.579999999999998,合理诉求
1321,79.78,230.89,-151.11,合理诉求
1322,67.38,111.53,-44.150000000000006,合理诉求
1323,58.39,394.12,-335.73,合理诉求
1324,63.54,260.48,-196.94000000000003,合理诉求
1325,647.66,2047.76,-1400.1,合理诉求
1326,56.8,241.55,-184.75,合理诉求
1327,437.08,2271.63,-1834.55,诉求偏高
1328,297.49,710.79,-413.3,合理诉求
1329,178.41,239.86,-61.45000000000002,合理诉求
1330,387.79,684.1,-296.31,合理诉求
1331,43.31,217.33,-174.02,合理诉求
1332,140.54,164.96,-24.420000000000016,合理诉求
1333,91.38,125.7,-34.32000000000001,合理诉求
1334,37.04,100.02,-62.98,合理诉求
1335,78.13,340.66,-262.53000000000003,合理诉求
1336,225.3,443.45,-218.15,合理诉求
1337,445.55,1787.9,-1342.35,诉求偏高
1338,1435.19,3221.55,-1786.36,合理诉求
1339,107.73,620.25,-512.52,合理诉求
1340,37.8,178.67,-140.87,合理诉求
1341,150.35,548.13,-397.78,合理诉求
1342,16.06,114.43,-98.37,合理诉求
1343,21.48,353.09,-331.61,合理诉求
1344,118.85,240.39,-121.54,合理诉求
1345,479.59,847.15,-367.56,合理诉求
1346,318.55,415.72,-97.17000000000002,合理诉求
1347,454.23,587.03,-132.79999999999995,合理诉求
1348,202.23,922.11,-719.88,合理诉求
1349,353.89,566.35,-212.46000000000004,合理诉求
1350,104.06,528.99,-424.93,合理诉求
1351,19.02,194.5,-175.48,合理诉求
1352,642.25,717.4,-75.14999999999998,合理诉求
1353,276.34,1037.07,-760.73,合理诉求
1354,78.57,175.96,-97.39,合理诉求
1355,263.96,1060.2,-796.24,合理诉求
1356,113.09,381.61,-268.52,合理诉求
1357,46.23,325.99,-279.76,合理诉求
1358,552.05,1346.14,-794.0900000000001,合理诉求
1359,323.66,1748.8,-1425.14,诉求偏高
1360,60.79,253.59,-192.8,合理诉求
1361,37.24,122.85,-85.60999999999999,合理诉求
1362,434.69,1614.52,-1179.83,诉求偏高
1363,5.87,153.89,-148.01999999999998,合理诉求
1364,86.32,186.93,-100.61,合理诉求
1365,76.33,284.53,-208.2,合理诉求
1366,280.89,554.62,-273.73,合理诉求
1367,37.65,112.93,-75.28,合理诉求
1368,800.83,1151.09,-350.2599999999999,合理诉求
1369,246.64,461.3,-214.66000000000005,合理诉求
1370,143.44,152.74,-9.300000000000011,合理诉求
1371,606.0,2109.5,-1503.5,合理诉求
1372,817.78,3803.23,-2985.45,诉求偏高
1373,326.06,614.13,-288.07,合理诉求
1374,398.52,752.71,-354.19000000000005,合理诉求
1375,663.44,3261.3,-2597.86,诉求偏高
1376,161.61,341.96,-180.35,合理诉求
1377,228.07,934.29,-706.22,合理诉求
1378,395.14,1183.97,-788.83,合理诉求
1379,253.92,908.83,-654.9100000000001,合理诉求
1380,27.17,200.88,-173.70999999999998,合理诉求
1381,93.66,456.99,-363.33,合理诉求
1382,803.31,1942.26,-1138.95,合理诉求
1383,103.74,298.63,-194.89,合理诉求
1384,65.88,189.29,-123.41,合理诉求
1385,135.16,169.99,-34.83000000000001,合理诉求
1386,127.88,144.24,-16.360000000000014,合理诉求
1387,29.24,369.85,-340.61,诉求偏高
1388,286.21,603.65,-317.44,合理诉求
1389,126.75,1541.8,-1415.05,严重超额
1390,209.36,568.04,-358.67999999999995,合理诉求
1391,296.08,1611.29,-1315.21,诉求偏高
1392,280.19,315.6,-35.410000000000025,合理诉求
1393,1068.09,2725.78,-1657.6900000000005,合理诉求
1394,358.14,1931.23,-1573.09,诉求偏高
1395,189.49,1336.94,-1147.45,诉求偏高
1396,72.04,219.49,-147.45,合理诉求
1397,506.69,892.12,-385.43,合理诉求
1398,313.05,1185.13,-872.0800000000002,合理诉求
1399,429.74,484.4,-54.65999999999997,合理诉求
1400,143.42,386.83,-243.41,合理诉求
1401,313.15,1262.17,-949.02,合理诉求
1402,859.2,1054.79,-195.58999999999992,合理诉求
1403,760.87,1712.91,-952.04,合理诉求
1404,99.24,428.13,-328.89,合理诉求
1405,176.01,266.63,-90.62,合理诉求
1406,224.4,616.06,-391.66,合理诉求
1407,37.56,212.77,-175.21,合理诉求
1408,84.92,147.61,-62.69000000000001,合理诉求
1409,312.0,696.5,-384.5,合理诉求
1410,223.82,399.3,-175.48000000000002,合理诉求
1411,625.43,626.79,-1.3600000000000136,合理诉求
1412,152.08,755.37,-603.29,合理诉求
1413,663.99,865.67,-201.67999999999995,合理诉求
1414,138.07,503.98,-365.91,合理诉求
1415,241.06,2106.11,-1865.05,严重超额
1416,675.13,1861.85,-1186.7199999999998,合理诉求
1417,11.31,104.11,-92.8,合理诉求
1418,191.11,367.73,-176.62,合理诉求
1419,299.53,407.24,-107.71000000000004,合理诉求
1420,230.16,411.72,-181.56000000000003,合理诉求
1421,447.17,1395.05,-947.88,合理诉求
1422,43.26,458.44,-415.18,诉求偏高
1423,168.16,1004.8,-836.64,诉求偏高
1424,127.57,172.03,-44.46000000000001,合理诉求
1425,437.76,757.2,-319.44000000000005,合理诉求
1426,156.55,335.03,-178.47999999999996,合理诉求
1427,53.32,102.0,-48.68,合理诉求
1428,209.89,291.19,-81.30000000000001,合理诉求
1429,11.68,103.14,-91.46,合理诉求
1430,58.72,114.29,-55.57000000000001,合理诉求
1431,276.18,277.53,-1.349999999999966,合理诉求
1432,123.68,303.56,-179.88,合理诉求
1433,116.06,334.84,-218.78,合理诉求
1434,106.75,725.18,-618.43,诉求偏高
1435,116.82,1203.91,-1087.09,诉求偏高
1436,400.95,865.65,-464.7,合理诉求
1437,317.91,1504.04,-1186.13,诉求偏高
1438,591.86,1870.26,-1278.4,合理诉求
1439,385.23,2019.7,-1634.47,诉求偏高
1440,215.18,318.27,-103.08999999999996,合理诉求
1441,615.67,1093.86,-478.19,合理诉求
1442,184.67,698.44,-513.7700000000001,合理诉求
1443,102.15,122.95,-20.8,合理诉求
1444,136.96,176.62,-39.66,合理诉求
1445,49.37,224.3,-174.93,合理诉求
1446,28.14,266.6,-238.46000000000004,合理诉求
1447,296.93,401.46,-104.52999999999996,合理诉求
1448,134.65,159.9,-25.25,合理诉求
1449,66.05,316.18,-250.13,合理诉求
1450,193.7,629.51,-435.81,合理诉求
1451,34.48,183.73,-149.25,合理诉求
1452,266.97,355.25,-88.27999999999997,合理诉求
1453,303.53,599.46,-295.93000000000006,合理诉求
1454,174.64,236.4,-61.76000000000002,合理诉求
1455,139.2,331.3,-192.1,合理诉求
1456,138.04,317.52,-179.48,合理诉求
1457,705.09,1835.3,-1130.21,合理诉求
1458,362.53,832.95,-470.4200000000001,合理诉求
1459,13.24,104.97,-91.73,合理诉求
1460,83.88,157.72,-73.84,合理诉求
1461,218.02,700.63,-482.61,合理诉求
1462,90.26,848.7,-758.44,诉求偏高
1463,546.5,1434.51,-888.01,合理诉求
1464,697.39,1915.8,-1218.41,合理诉求
1465,160.97,198.35,-37.38,合理诉求
1466,38.77,113.84,-75.07,合理诉求
1467,465.89,734.75,-268.86,合理诉求
1468,32.19,149.35,-117.16,合理诉求
1469,751.58,941.41,-189.82999999999996,合理诉求
1470,148.2,2313.5,-2165.3,严重超额
1471,105.87,155.7,-49.829999999999984,合理诉求
1472,76.91,938.5,-861.59,诉求偏高
1473,924.1,1503.56,-579.4599999999999,合理诉求
1474,398.76,1258.82,-860.06,合理诉求
1475,81.41,772.02,-690.61,诉求偏高
1476,69.36,404.83,-335.47,合理诉求
1477,520.9,1705.14,-1184.2400000000002,合理诉求
1478,299.51,2575.9,-2276.3900000000003,严重超额
1479,70.62,142.91,-72.28999999999999,合理诉求
1480,92.62,403.43,-310.81,合理诉求
1481,14.87,112.15,-97.28,合理诉求
1482,667.16,957.67,-290.51,合理诉求
1483,232.83,467.03,-234.2,合理诉求
1484,91.65,137.86,-46.21000000000001,合理诉求
1485,327.48,1026.46,-698.98,合理诉求
1486,349.5,1060.23,-710.73,合理诉求
1487,32.81,100.12,-67.31,合理诉求
1488,125.19,426.45,-301.26,合理诉求
1489,9.11,100.74,-91.63,合理诉求
1490,186.36,442.27,-255.91,合理诉求
1491,91.98,488.58,-396.6,合理诉求
1492,311.28,484.47,-173.19000000000003,合理诉求
1493,729.69,1321.28,-591.5899999999999,合理诉求
1494,553.38,2857.03,-2303.65,诉求偏高
1495,239.13,872.25,-633.12,合理诉求
1496,524.55,2693.04,-2168.49,诉求偏高
1497,607.44,2246.18,-1638.7399999999998,合理诉求
1498,1002.09,2937.19,-1935.1,合理诉求
1499,364.06,874.64,-510.58,合理诉求
1500,500.05,1467.15,-967.1,合理诉求
1501,12.41,515.59,-503.18,诉求偏高
1502,656.5,888.48,-231.98,合理诉求
1503,21.89,135.1,-113.21,合理诉求
1504,303.34,529.27,-225.93,合理诉求
1505,64.98,237.15,-172.17000000000002,合理诉求
1506,39.48,100.09,-60.61000000000001,合理诉求
1507,402.67,2389.48,-1986.81,诉求偏高
1508,16.81,129.73,-112.92,合理诉求
1509,290.39,460.33,-169.94,合理诉求
1510,1086.66,1783.68,-697.02,合理诉求
1511,20.65,421.24,-400.59,诉求偏高
1512,667.51,918.28,-250.77,合理诉求
1513,82.73,394.56,-311.83,合理诉求
1514,86.67,565.39,-478.72,合理诉求
1515,125.36,260.41,-135.05,合理诉求
1516,228.62,420.95,-192.33,合理诉求
1517,693.4,967.05,-273.65,合理诉求
1518,60.45,266.99,-206.54,合理诉求
1519,257.91,371.98,-114.07,合理诉求
1520,435.33,1444.03,-1008.7,合理诉求
1521,413.01,1297.95,-884.94,合理诉求
1522,215.67,309.53,-93.86,合理诉求
1523,494.87,1644.95,-1150.08,合理诉求
1524,101.58,241.36,-139.78000000000003,合理诉求
1525,553.35,1514.77,-961.42,合理诉求
1526,435.18,1015.34,-580.1600000000001,合理诉求
1527,82.17,357.51,-275.34,合理诉求
1528,149.98,1562.69,-1412.71,诉求偏高
1529,823.75,985.31,-161.55999999999997,合理诉求
1530,397.65,1254.65,-857.0000000000001,合理诉求
1531,671.89,1451.95,-780.0600000000001,合理诉求
1532,467.67,716.08,-248.41000000000005,合理诉求
1533,159.44,296.39,-136.95,合理诉求
1534,78.5,409.47,-330.97,合理诉求
1535,144.01,213.71,-69.70000000000002,合理诉求
1536,224.08,775.88,-551.8,合理诉求
1537,640.94,2506.35,-1865.41,合理诉求
1538,132.55,273.25,-140.7,合理诉求
1539,202.16,378.41,-176.25000000000003,合理诉求
1540,97.8,165.79,-67.99,合理诉求
1541,18.27,271.89,-253.62,合理诉求
1542,223.54,989.53,-765.99,合理诉求
1543,104.36,143.68,-39.32000000000001,合理诉求
1544,44.41,402.62,-358.21000000000004,诉求偏高
1545,406.11,953.4,-547.29,合理诉求
1546,58.67,239.14,-180.47,合理诉求
1547,266.06,505.15,-239.09,合理诉求
1548,15.97,112.86,-96.89,合理诉求
1549,88.36,503.47,-415.11,合理诉求
1550,194.65,299.17,-104.52,合理诉求
1551,69.67,139.14,-69.46999999999998,合理诉求
1552,42.84,338.54,-295.70000000000005,合理诉求
1553,456.86,549.52,-92.65999999999995,合理诉求
1554,72.85,230.28,-157.43,合理诉求
1555,3.65,114.44,-110.79,合理诉求
1556,623.38,3266.66,-2643.28,诉求偏高
1557,39.36,108.12,-68.76,合理诉求
1558,488.74,534.49,-45.75,合理诉求
1559,578.98,1215.57,-636.5899999999999,合理诉求
1560,176.17,413.65,-237.48,合理诉求
1561,3.4,140.13,-136.73,合理诉求
1562,668.1,3252.51,-2584.4100000000003,诉求偏高
1563,315.9,823.3,-507.4,合理诉求
1564,640.96,1931.01,-1290.05,合理诉求
1565,696.29,1888.92,-1192.63,合理诉求
1566,553.67,1404.0,-850.33,合理诉求
1567,62.97,295.5,-232.53,合理诉求
1568,95.81,206.36,-110.55,合理诉求
1569,206.28,251.72,-45.44,合理诉求
1570,571.25,628.55,-57.29999999999996,合理诉求
1571,44.66,154.88,-110.22,合理诉求
1572,113.54,138.33,-24.790000000000006,合理诉求
1573,598.07,1457.35,-859.2799999999999,合理诉求
1574,211.09,361.99,-150.9,合理诉求
1575,72.2,892.19,-819.99,诉求偏高
1576,266.81,544.94,-278.13000000000005,合理诉求
1577,599.85,1150.24,-550.39,合理诉求
1578,382.39,1006.66,-624.27,合理诉求
1579,10.29,110.74,-100.45,合理诉求
1580,384.48,424.31,-39.829999999999984,合理诉求
1581,255.94,356.74,-100.8,合理诉求
1582,328.86,925.04,-596.18,合理诉求
1583,201.26,528.72,-327.46000000000004,合理诉求
1584,198.49,211.49,-13.0,合理诉求
1585,4.47,153.59,-149.12,合理诉求
1586,134.77,144.43,-9.659999999999997,合理诉求
1587,132.14,1190.55,-1058.41,诉求偏高
1588,142.69,795.09,-652.4000000000001,诉求偏高
1589,46.4,101.7,-55.3,合理诉求
1590,481.95,1071.84,-589.8899999999999,合理诉求
1591,201.87,424.64,-222.77,合理诉求
1592,93.77,326.9,-233.13,合理诉求
1593,480.39,652.58,-172.19000000000003,合理诉求
1594,423.54,673.83,-250.29,合理诉求
1595,785.41,1769.29,-983.88,合理诉求
1596,128.24,165.24,-37.0,合理诉求
1597,663.76,1015.56,-351.79999999999995,合理诉求
1598,133.11,208.93,-75.82,合理诉求
1599,166.39,183.16,-16.77000000000001,合理诉求
1600,134.27,672.54,-538.27,合理诉求
1601,785.74,3447.64,-2661.9,诉求偏高
1602,99.52,140.17,-40.64999999999999,合理诉求
1603,84.92,130.12,-45.2,合理诉求
1604,300.52,1913.3,-1612.78,诉求偏高
1605,823.49,3774.07,-2950.58,诉求偏高
1606,185.92,339.5,-153.58,合理诉求
1607,27.36,248.4,-221.04,合理诉求
1608,409.71,535.36,-125.65000000000003,合理诉求
1609,422.77,462.61,-39.84000000000003,合理诉求
1610,132.96,711.51,-578.55,合理诉求
1611,849.09,929.74,-80.64999999999998,合理诉求
1612,360.8,826.7,-465.9,合理诉求
1613,78.24,278.78,-200.54,合理诉求
1614,51.74,179.08,-127.34,合理诉求
1615,246.84,443.67,-196.83,合理诉求
1616,51.42,134.3,-82.88000000000001,合理诉求
1617,35.85,319.86,-284.01,合理诉求
1618,45.92,589.2,-543.2800000000001,诉求偏高
1619,658.34,2437.27,-1778.9299999999998,合理诉求
1620,364.97,390.13,-25.159999999999968,合理诉求
1621,133.94,425.73,-291.79,合理诉求
1622,121.54,205.34,-83.8,合理诉求
1623,26.13,122.84,-96.71,合理诉求
1624,150.34,328.4,-178.05999999999997,合理诉求
1625,592.25,3504.48,-2912.23,诉求偏高
1626,213.52,340.82,-127.29999999999998,合理诉求
1627,284.21,513.86,-229.65000000000003,合理诉求
1628,238.68,1183.78,-945.1,诉求偏高
1629,78.05,132.89,-54.83999999999999,合理诉求
1630,203.26,219.55,-16.29000000000002,合理诉求
1631,173.76,242.03,-68.27000000000001,合理诉求
1632,102.65,202.85,-100.2,合理诉求
1633,508.12,772.72,-264.6,合理诉求
1634,343.74,799.47,-455.73,合理诉求
1635,273.29,1309.96,-1036.67,合理诉求
1636,57.14,233.26,-176.12,合理诉求
1637,867.85,1335.12,-467.2699999999999,合理诉求
1638,228.14,357.98,-129.84000000000003,合理诉求
1639,472.07,545.78,-73.70999999999998,合理诉求
1640,27.39,110.78,-83.39,合理诉求
1641,124.3,309.89,-185.59,合理诉求
1642,90.18,224.48,-134.29999999999998,合理诉求
1643,72.83,107.04,-34.21000000000001,合理诉求
1644,35.83,191.25,-155.42000000000002,合理诉求
1645,105.6,224.46,-118.86,合理诉求
1646,178.46,260.83,-82.36999999999998,合理诉求
1647,563.58,2005.44,-1441.86,合理诉求
1648,157.6,479.09,-321.49,合理诉求
1649,109.79,170.12,-60.33,合理诉求
1650,226.92,774.67,-547.75,合理诉求
1651,305.51,469.65,-164.14,合理诉求
1652,393.85,1309.85,-916.0,合理诉求
1653,561.31,585.03,-23.720000000000027,合理诉求
1654,41.89,174.32,-132.43,合理诉求
1655,3.26,117.89,-114.63,合理诉求
1656,57.53,118.3,-60.77,合理诉求
1657,186.52,2399.56,-2213.04,严重超额
1658,229.1,231.63,-2.530000000000001,合理诉求
1659,25.49,198.77,-173.28,合理诉求
1660,86.29,444.69,-358.4,合理诉求
1661,30.87,385.88,-355.01,诉求偏高
1662,105.54,602.31,-496.7699999999999,合理诉求
1663,563.38,2513.74,-1950.36,合理诉求
1664,102.04,138.68,-36.64,合理诉求
1665,595.04,761.04,-166.0,合理诉求
1666,108.01,119.88,-11.86999999999999,合理诉求
1667,107.44,146.49,-39.05000000000001,合理诉求
1668,161.75,818.7,-656.95,合理诉求
1669,365.73,1013.25,-647.52,合理诉求
1670,7.4,100.35,-92.95,合理诉求
1671,213.34,770.54,-557.1999999999999,合理诉求
1672,264.18,755.67,-491.49,合理诉求
1673,82.32,102.19,-19.870000000000005,合理诉求
1674,6.83,103.41,-96.58,合理诉求
1675,29.19,100.67,-71.48,合理诉求
1676,144.24,507.61,-363.37,合理诉求
1677,16.48,213.31,-196.83,合理诉求
1678,135.37,332.23,-196.86,合理诉求
1679,407.9,446.82,-38.920000000000016,合理诉求
1680,345.31,591.07,-245.76000000000005,合理诉求
1681,247.81,636.52,-388.71,合理诉求
1682,74.77,463.0,-388.23,合理诉求
1683,30.3,131.88,-101.58,合理诉求
1684,583.1,867.01,-283.91,合理诉求
1685,30.1,192.02,-161.92000000000002,合理诉求
1686,297.53,474.28,-176.75,合理诉求
1687,150.13,1435.03,-1284.9,诉求偏高
1688,70.62,128.42,-57.79999999999998,合理诉求
1689,301.03,691.93,-390.9,合理诉求
1690,193.57,388.14,-194.57,合理诉求
1691,9.35,113.05,-103.7,合理诉求
1692,120.21,789.57,-669.36,诉求偏高
1693,153.8,236.16,-82.35999999999999,合理诉求
1694,13.38,113.11,-99.73,合理诉求
1695,360.11,690.61,-330.5,合理诉求
1696,2.85,102.97,-100.12,合理诉求
1697,147.4,233.4,-86.0,合理诉求
1698,130.02,867.25,-737.23,诉求偏高
1699,61.27,146.18,-84.91,合理诉求
1700,135.76,1097.99,-962.23,诉求偏高
1701,74.53,112.39,-37.86,合理诉求
1702,155.64,454.94,-299.3,合理诉求
1703,313.58,1323.35,-1009.77,合理诉求
1704,140.28,250.25,-109.97,合理诉求
1705,167.74,300.85,-133.11,合理诉求
1706,643.24,3231.78,-2588.54,诉求偏高
1707,383.45,689.19,-305.74000000000007,合理诉求
1708,334.66,908.63,-573.97,合理诉求
1709,1166.95,5056.18,-3889.230000000001,严重超额
1710,21.55,104.61,-83.06,合理诉求
1711,520.46,2804.57,-2284.11,诉求偏高
1712,428.65,3177.35,-2748.7,严重超额
1713,106.51,351.68,-245.17,合理诉求
1714,89.45,117.86,-28.41,合理诉求
1715,414.42,941.6,-527.1800000000001,合理诉求
1716,589.13,3146.58,-2557.45,诉求偏高
1717,876.97,2242.31,-1365.34,合理诉求
1718,409.41,1039.84,-630.4299999999998,合理诉求
1719,198.41,488.49,-290.08000000000004,合理诉求
1720,332.81,393.84,-61.02999999999997,合理诉求
1721,71.52,114.27,-42.75,合理诉求
1722,131.59,217.92,-86.32999999999998,合理诉求
1723,144.85,347.55,-202.7,合理诉求
1724,194.35,493.25,-298.9,合理诉求
1725,130.71,194.8,-64.09,合理诉求
1726,102.0,1072.47,-970.47,诉求偏高
1727,83.85,145.14,-61.28999999999999,合理诉求
1728,161.37,398.45,-237.08,合理诉求
1729,102.16,337.57,-235.41,合理诉求
1730,100.66,388.17,-287.51,合理诉求
1731,173.64,1027.83,-854.1899999999999,诉求偏高
1732,990.8,1271.54,-280.74,合理诉求
1733,288.97,1396.02,-1107.05,诉求偏高
1734,500.17,1658.25,-1158.08,合理诉求
1735,102.49,621.92,-519.43,合理诉求
1736,285.52,812.51,-526.99,合理诉求
1737,256.37,304.44,-48.06999999999999,合理诉求
1738,47.61,462.32,-414.71,诉求偏高
1739,218.55,277.62,-59.06999999999999,合理诉求
1740,993.44,1623.41,-629.97,合理诉求
1741,44.44,170.72,-126.28,合理诉求
1742,74.85,119.78,-44.93000000000001,合理诉求
1743,556.93,1513.72,-956.79,合理诉求
1744,193.09,1517.5,-1324.41,诉求偏高
1745,118.49,1113.31,-994.82,诉求偏高
1746,641.39,1069.9,-428.5100000000001,合理诉求
1747,237.47,340.19,-102.72,合理诉求
1748,257.01,750.87,-493.86,合理诉求
1749,121.46,381.93,-260.47,合理诉求
1750,251.57,312.02,-60.44999999999999,合理诉求
1751,91.84,123.04,-31.200000000000003,合理诉求
1752,400.68,908.25,-507.57,合理诉求
1753,21.6,117.48,-95.88,合理诉求
1754,58.74,227.99,-169.25,合理诉求
1755,1136.9,1533.52,-396.6199999999999,合理诉求
1756,72.48,107.89,-35.41,合理诉求
1757,52.17,784.25,-732.08,诉求偏高
1758,700.44,2529.16,-1828.72,合理诉求
1759,822.27,1079.21,-256.94000000000005,合理诉求
1760,92.66,194.69,-102.03,合理诉求
1761,636.6,1953.16,-1316.56,合理诉求
1762,179.14,873.03,-693.89,合理诉求
1763,627.49,1355.19,-727.7,合理诉求
1764,492.92,704.83,-211.91000000000005,合理诉求
1765,377.61,1101.08,-723.4699999999999,合理诉求
1766,6.91,100.29,-93.38,合理诉求
1767,1374.48,1611.97,-237.49,合理诉求
1768,54.8,124.67,-69.87,合理诉求
1769,285.98,1473.0,-1187.02,诉求偏高
1770,207.9,268.54,-60.640000000000015,合理诉求
1771,82.28,120.88,-38.6,合理诉求
1772,79.19,191.46,-112.27,合理诉求
1773,582.54,819.99,-237.45000000000005,合理诉求
1774,91.02,442.31,-351.29,合理诉求
1775,136.4,437.45,-301.04999999999995,合理诉求
1776,1077.33,5035.76,-3958.43,严重超额
1777,441.45,1613.22,-1171.77,诉求偏高
1778,568.97,944.75,-375.78,合理诉求
1779,51.49,109.34,-57.85,合理诉求
1780,27.13,371.35,-344.22,诉求偏高
1781,165.99,517.02,-351.03,合理诉求
1782,110.94,303.31,-192.37,合理诉求
1783,73.31,918.38,-845.0699999999999,诉求偏高
1784,182.48,1024.03,-841.55,诉求偏高
1785,101.3,102.77,-1.4699999999999989,合理诉求
1786,20.76,114.42,-93.66,合理诉求
1787,191.72,827.97,-636.25,合理诉求
1788,29.2,556.98,-527.78,诉求偏高
1789,23.2,105.53,-82.33,合理诉求
1790,162.96,634.4,-471.44,合理诉求
1791,679.99,1783.57,-1103.58,合理诉求
1792,133.93,216.56,-82.63,合理诉求
1793,720.91,858.21,-137.30000000000007,合理诉求
1794,33.31,195.32,-162.01,合理诉求
1795,249.96,700.46,-450.5,合理诉求
1796,287.93,1173.28,-885.3499999999999,合理诉求
1797,127.04,131.2,-4.159999999999982,合理诉求
1798,381.14,990.75,-609.61,合理诉求
1799,215.69,399.71,-184.02,合理诉求
1800,174.46,905.69,-731.23,合理诉求
1801,75.05,231.74,-156.69,合理诉求
1802,69.93,1010.83,-940.9,严重超额
1803,319.47,484.71,-165.23999999999995,合理诉求
1804,364.43,424.63,-60.19999999999999,合理诉求
1805,637.39,1229.29,-591.9,合理诉求
1806,284.15,1206.21,-922.06,合理诉求
1807,315.13,762.3,-447.17,合理诉求
1808,17.34,118.56,-101.22,合理诉求
1809,131.55,925.62,-794.0699999999999,诉求偏高
1810,335.78,1257.67,-921.89,合理诉求
1811,18.54,244.86,-226.32,合理诉求
1812,530.93,2806.16,-2275.23,诉求偏高
1813,116.7,503.97,-387.27,合理诉求
1814,133.44,277.91,-144.47000000000003,合理诉求
1815,866.0,4197.74,-3331.74,诉求偏高
1816,99.7,267.76,-168.06,合理诉求
1817,645.31,1089.04,-443.73,合理诉求
1818,92.38,209.09,-116.71,合理诉求
1819,958.77,3957.92,-2999.15,诉求偏高
1820,172.08,205.17,-33.089999999999975,合理诉求
1821,34.98,558.72,-523.74,诉求偏高
1822,113.92,921.87,-807.95,诉求偏高
1823,1278.11,5498.77,-4220.660000000001,严重超额
1824,453.41,1068.77,-615.3599999999999,合理诉求
1825,109.95,122.37,-12.420000000000002,合理诉求
1826,146.53,496.88,-350.35,合理诉求
1827,442.47,1047.28,-604.81,合理诉求
1828,396.85,457.18,-60.329999999999984,合理诉求
1829,338.9,1093.42,-754.5200000000001,合理诉求
1830,173.99,916.36,-742.37,合理诉求
1831,136.08,281.7,-145.61999999999998,合理诉求
1832,344.95,901.59,-556.6400000000001,合理诉求
1833,967.11,2414.55,-1447.44,合理诉求
1834,605.74,1146.92,-541.1800000000001,合理诉求
1835,318.1,861.57,-543.47,合理诉求
1836,141.6,398.9,-257.29999999999995,合理诉求
1837,426.58,581.0,-154.42000000000002,合理诉求
1838,57.06,558.86,-501.8,诉求偏高
1839,579.55,1295.52,-715.97,合理诉求
1840,262.48,969.99,-707.51,合理诉求
1841,1725.24,2334.11,-608.8700000000001,合理诉求
1842,317.67,704.88,-387.21,合理诉求
1843,212.18,328.47,-116.29000000000002,合理诉求
1844,458.29,1706.48,-1248.19,诉求偏高
1845,198.61,444.5,-245.89,合理诉求
1846,302.74,463.24,-160.5,合理诉求
1847,432.27,829.94,-397.6700000000001,合理诉求
1848,217.55,1236.22,-1018.67,诉求偏高
1849,449.81,669.09,-219.28000000000003,合理诉求
1850,41.15,454.98,-413.83,诉求偏高
1851,225.97,253.47,-27.5,合理诉求
1852,103.99,546.96,-442.97,合理诉求
1853,139.34,551.5,-412.16,合理诉求
1854,114.75,330.48,-215.73,合理诉求
1855,43.66,772.95,-729.2900000000001,诉求偏高
1856,168.74,188.95,-20.20999999999998,合理诉求
1857,66.29,982.59,-916.3,严重超额
1858,466.26,2536.82,-2070.5600000000004,诉求偏高
1859,291.12,571.41,-280.29,合理诉求
1860,215.98,540.61,-324.63,合理诉求
1861,254.2,486.38,-232.18,合理诉求
1862,990.32,4337.53,-3347.21,诉求偏高
1863,101.93,430.55,-328.62,合理诉求
1864,475.2,1732.14,-1256.94,诉求偏高
1865,154.55,679.07,-524.52,合理诉求
1866,409.85,1073.86,-664.0099999999999,合理诉求
1867,160.14,358.22,-198.08000000000004,合理诉求
1868,300.94,614.78,-313.84,合理诉求
1869,321.97,632.7,-310.73,合理诉求
1870,208.24,691.96,-483.72,合理诉求
1871,184.05,662.12,-478.07,合理诉求
1872,1071.81,1680.69,-608.8800000000001,合理诉求
1873,345.15,1594.51,-1249.36,诉求偏高
1874,186.09,530.5,-344.41,合理诉求
1875,47.95,139.86,-91.91,合理诉求
1876,1192.29,5237.7,-4045.41,严重超额
1877,112.74,317.2,-204.46,合理诉求
1878,147.88,367.21,-219.33,合理诉求
1879,177.46,632.18,-454.7199999999999,合理诉求
1880,250.48,366.5,-116.02,合理诉求
1881,288.12,833.93,-545.81,合理诉求
1882,242.4,248.1,-5.699999999999989,合理诉求
1883,72.33,571.72,-499.39,合理诉求
1884,732.64,766.54,-33.89999999999998,合理诉求
1885,330.93,698.11,-367.18,合理诉求
1886,208.54,274.1,-65.56000000000003,合理诉求
1887,105.04,209.18,-104.14,合理诉求
1888,10.86,102.65,-91.79,合理诉求
1889,45.97,428.72,-382.75,诉求偏高
1890,600.77,1272.15,-671.3800000000001,合理诉求
1891,240.0,373.0,-133.0,合理诉求
1892,142.58,381.97,-239.39,合理诉求
1893,73.08,110.3,-37.22,合理诉求
1894,112.04,1186.12,-1074.08,诉求偏高
1895,1676.05,3742.86,-2066.8100000000004,合理诉求
1896,97.55,111.7,-14.150000000000006,合理诉求
1897,505.98,1361.78,-855.8,合理诉求
1898,166.63,198.0,-31.370000000000005,合理诉求
1899,400.19,1461.23,-1061.04,合理诉求
1900,88.35,105.01,-16.66000000000001,合理诉求
1901,155.63,482.71,-327.08,合理诉求
1902,49.19,129.73,-80.53999999999999,合理诉求
1903,330.77,2503.84,-2173.07,诉求偏高
1904,971.13,2270.57,-1299.44,合理诉求
1905,235.16,559.56,-324.4,合理诉求
1906,24.76,1221.6,-1196.84,严重超额
1907,644.72,1694.99,-1050.27,合理诉求
1908,304.32,415.1,-110.78000000000004,合理诉求
1909,84.27,133.06,-48.790000000000006,合理诉求
1910,83.77,144.48,-60.71,合理诉求
1911,363.21,580.29,-217.08,合理诉求
1912,61.59,115.96,-54.36999999999999,合理诉求
1913,630.93,1945.64,-1314.71,合理诉求
1914,368.35,872.48,-504.13,合理诉求
1915,326.68,428.06,-101.38,合理诉求
1916,258.9,986.67,-727.77,合理诉求
1917,30.04,367.16,-337.12,诉求偏高
1918,179.07,256.41,-77.34000000000003,合理诉求
1919,357.64,636.22,-278.58000000000004,合理诉求
1920,174.66,395.72,-221.06000000000003,合理诉求
1921,991.59,4102.28,-3110.69,诉求偏高
1922,68.58,154.62,-86.04,合理诉求
1923,84.39,167.09,-82.7,合理诉求
1924,666.31,1684.6,-1018.29,合理诉求
1925,395.56,1585.44,-1189.88,诉求偏高
1926,252.83,374.14,-121.30999999999996,合理诉求
1927,139.23,366.39,-227.16,合理诉求
1928,131.93,150.75,-18.819999999999997,合理诉求
1929,489.62,669.8,-180.17999999999995,合理诉求
1930,13.23,106.45,-93.22,合理诉求
1931,285.08,1019.87,-734.79,合理诉求
1932,505.62,569.99,-64.37,合理诉求
1933,401.64,600.01,-198.37,合理诉求
1934,240.21,570.06,-329.8499999999999,合理诉求
1935,960.37,1939.15,-978.78,合理诉求
1936,542.13,1109.21,-567.08,合理诉求
1937,382.36,933.32,-550.96,合理诉求
1938,375.8,719.32,-343.52000000000004,合理诉求
1939,197.15,239.38,-42.22999999999999,合理诉求
1940,68.37,113.39,-45.02,合理诉求
1941,202.38,227.69,-25.31,合理诉求
1942,695.99,3360.2,-2664.21,诉求偏高
1943,284.93,841.6,-556.6700000000001,合理诉求
1944,520.89,1884.68,-1363.79,合理诉求
1945,55.2,103.81,-48.61,合理诉求
1946,162.34,963.89,-801.55,诉求偏高
1947,185.2,231.62,-46.420000000000016,合理诉求
1948,632.03,1556.46,-924.43,合理诉求
1949,33.93,520.74,-486.81,诉求偏高
1950,7.06,798.73,-791.6700000000001,诉求偏高
1951,126.01,158.86,-32.85000000000001,合理诉求
1952,406.5,963.99,-557.49,合理诉求
1953,332.15,437.54,-105.39000000000004,合理诉求
1954,823.84,1923.22,-1099.38,合理诉求
1955,19.3,103.37,-84.07000000000001,合理诉求
1956,78.6,193.98,-115.38,合理诉求
1957,207.74,419.04,-211.3,合理诉求
1958,6.33,104.89,-98.56,合理诉求
1959,119.82,296.62,-176.8,合理诉求
1960,59.5,437.25,-377.75,诉求偏高
1961,130.87,145.11,-14.240000000000007,合理诉求
1962,853.97,2690.2,-1836.23,合理诉求
1963,308.59,405.52,-96.93,合理诉求
1964,934.89,1790.4,-855.5100000000001,合理诉求
1965,423.49,877.16,-453.67,合理诉求
1966,76.95,709.4,-632.4499999999999,诉求偏高
1967,312.78,464.84,-152.06,合理诉求
1968,93.65,364.97,-271.32000000000005,合理诉求
1969,151.24,464.25,-313.01,合理诉求
1970,661.44,3234.56,-2573.12,诉求偏高
1971,127.86,250.57,-122.71,合理诉求
1972,909.6,1247.84,-338.2399999999999,合理诉求
1973,611.95,1579.31,-967.36,合理诉求
1974,513.57,2346.32,-1832.75,合理诉求
1975,7.27,117.25,-109.98,合理诉求
1976,20.59,146.22,-125.63,合理诉求
1977,454.83,551.91,-97.07999999999998,合理诉求
1978,600.02,1179.71,-579.69,合理诉求
1979,722.77,1444.54,-721.77,合理诉求
1980,110.29,191.22,-80.92999999999999,合理诉求
1981,338.67,1147.93,-809.26,合理诉求
1982,227.93,233.55,-5.6200000000000045,合理诉求
1983,131.47,359.61,-228.14,合理诉求
1984,110.1,344.73,-234.63,合理诉求
1985,306.51,956.83,-650.32,合理诉求
1986,10.53,137.59,-127.06,合理诉求
1987,110.21,190.88,-80.67,合理诉求
1988,859.39,1761.96,-902.57,合理诉求
1989,94.48,272.32,-177.83999999999995,合理诉求
1990,173.12,273.52,-100.39999999999998,合理诉求
1991,200.33,271.69,-71.35999999999999,合理诉求
1992,73.39,1873.63,-1800.24,严重超额
1993,47.84,280.64,-232.8,合理诉求
1994,333.39,1183.91,-850.5200000000001,合理诉求
1995,275.68,1036.97,-761.29,合理诉求
1996,290.25,857.25,-567.0,合理诉求
1997,59.6,191.68,-132.08,合理诉求
1998,77.47,351.74,-274.27,合理诉求
1999,239.52,616.92,-377.4,合理诉求
2000,88.79,104.76,-15.97,合理诉求
2001,555.12,765.6,-210.48,合理诉求
2002,172.49,1404.72,-1232.23,诉求偏高
2003,55.92,118.38,-62.46,合理诉求
2004,300.37,494.76,-194.39,合理诉求
2005,4.58,118.94,-114.36,合理诉求
2006,177.98,380.45,-202.47,合理诉求
2007,458.76,1003.02,-544.26,合理诉求
2008,261.8,721.67,-459.87,合理诉求
2009,499.98,853.25,-353.27,合理诉求
2010,735.8,2030.0,-1294.2,合理诉求
2011,792.54,1505.21,-712.6700000000001,合理诉求
2012,225.89,316.08,-90.19,合理诉求
2013,21.14,131.82,-110.68,合理诉求
2014,58.12,143.33,-85.21000000000001,合理诉求
2015,226.32,299.73,-73.41000000000003,合理诉求
2016,381.3,420.55,-39.25,合理诉求
2017,1317.82,2425.03,-1107.2100000000005,合理诉求
2018,32.63,106.16,-73.53,合理诉求
2019,99.59,255.85,-156.26,合理诉求
2020,64.65,482.56,-417.91,诉求偏高
2021,67.88,141.52,-73.64000000000001,合理诉求
2022,34.83,155.57,-120.74,合理诉求
2023,10.83,111.09,-100.26,合理诉求
2024,106.17,339.85,-233.68,合理诉求
2025,105.94,220.98,-115.04,合理诉求
2026,194.58,703.8,-509.2199999999999,合理诉求
2027,663.19,1524.01,-860.8199999999999,合理诉求
2028,218.0,341.2,-123.2,合理诉求
2029,127.2,947.65,-820.4499999999999,诉求偏高
2030,392.5,904.63,-512.13,合理诉求
2031,586.11,1336.18,-750.07,合理诉求
2032,67.13,777.9,-710.77,诉求偏高
2033,193.27,204.89,-11.619999999999976,合理诉求
2034,17.98,109.6,-91.62,合理诉求
2035,112.61,391.33,-278.72,合理诉求
2036,163.72,400.42,-236.7,合理诉求
2037,640.11,1100.81,-460.69999999999993,合理诉求
2038,177.77,1079.41,-901.64,诉求偏高
2039,20.47,126.47,-106.0,合理诉求
2040,106.05,880.34,-774.2900000000001,诉求偏高
2041,790.34,1087.92,-297.58000000000004,合理诉求
2042,118.56,306.19,-187.63,合理诉求
2043,43.28,139.94,-96.66,合理诉求
2044,153.88,248.2,-94.32,合理诉求
2045,647.23,790.86,-143.63,合理诉求
2046,415.66,695.5,-279.84,合理诉求
2047,429.05,1397.7,-968.65,合理诉求
2048,72.08,373.94,-301.86,合理诉求
2049,37.43,105.02,-67.59,合理诉求
2050,14.72,135.01,-120.29,合理诉求
2051,180.46,289.89,-109.42999999999998,合理诉求
2052,19.82,112.43,-92.61,合理诉求
2053,286.05,303.26,-17.20999999999998,合理诉求
2054,91.23,381.72,-290.49,合理诉求
2055,613.12,839.61,-226.49,合理诉求
2056,138.32,758.79,-620.47,诉求偏高
2057,268.14,955.7,-687.5600000000001,合理诉求
2058,127.43,619.41,-491.98,合理诉求
2059,858.56,3574.71,-2716.15,诉求偏高
2060,136.15,156.16,-20.00999999999999,合理诉求
2061,77.6,106.17,-28.570000000000007,合理诉求
2062,42.75,113.19,-70.44,合理诉求
2063,179.58,987.36,-807.78,诉求偏高
2064,84.42,170.63,-86.21,合理诉求
2065,12.66,116.67,-104.01,合理诉求
2066,232.76,1084.23,-851.47,诉求偏高
2067,244.58,653.37,-408.79,合理诉求
2068,235.73,329.27,-93.54,合理诉求
2069,249.01,885.63,-636.62,合理诉求
2070,688.04,1050.5,-362.46,合理诉求
2071,53.42,306.38,-252.96,合理诉求
2072,48.31,307.09,-258.78,合理诉求
2073,171.28,224.86,-53.58000000000001,合理诉求
2074,323.16,520.55,-197.38999999999996,合理诉求
2075,992.04,1221.83,-229.79,合理诉求
2076,49.58,526.98,-477.4,诉求偏高
2077,73.46,234.45,-160.99,合理诉求
2078,337.9,420.99,-83.09000000000003,合理诉求
2079,60.15,290.81,-230.66,合理诉求
2080,508.69,577.61,-68.92000000000002,合理诉求
2081,450.05,2013.51,-1563.46,诉求偏高
2082,144.53,735.01,-590.48,诉求偏高
2083,310.03,1218.95,-908.92,合理诉求
2084,306.09,776.81,-470.72,合理诉求
2085,651.18,1760.9,-1109.7200000000005,合理诉求
2086,65.82,643.22,-577.4000000000001,诉求偏高
2087,415.18,1446.2,-1031.02,合理诉求
2088,220.61,262.42,-41.81,合理诉求
2089,355.45,609.8,-254.35,合理诉求
2090,70.18,116.84,-46.66,合理诉求
2091,788.54,2428.43,-1639.89,合理诉求
2092,473.39,1764.13,-1290.7400000000002,诉求偏高
2093,880.7,3660.49,-2779.79,诉求偏高
2094,530.18,632.4,-102.22000000000004,合理诉求
2095,420.59,1060.17,-639.5800000000002,合理诉求
2096,404.73,1035.22,-630.49,合理诉求
2097,90.27,100.88,-10.61,合理诉求
2098,843.04,1172.52,-329.48,合理诉求
2099,433.72,592.73,-159.01,合理诉求
2100,420.91,606.62,-185.71,合理诉求
2101,184.98,607.47,-422.49,合理诉求
2102,831.94,892.18,-60.239999999999895,合理诉求
2103,173.83,631.81,-457.9799999999999,合理诉求
2104,146.51,581.78,-435.27,合理诉求
2105,50.79,155.95,-105.16,合理诉求
2106,81.79,454.54,-372.75,合理诉求
2107,210.97,964.12,-753.15,合理诉求
2108,2040.08,3091.83,-1051.75,合理诉求
2109,82.82,750.77,-667.95,诉求偏高
2110,92.64,368.32,-275.68,合理诉求
2111,354.08,437.33,-83.25,合理诉求
2112,27.14,113.47,-86.33,合理诉求
2113,730.45,948.49,-218.04,合理诉求
2114,707.7,764.72,-57.01999999999998,合理诉求
2115,647.59,1287.41,-639.82,合理诉求
2116,168.39,193.97,-25.580000000000013,合理诉求
2117,515.99,1703.11,-1187.12,合理诉求
2118,148.54,276.88,-128.34,合理诉求
2119,652.83,828.31,-175.4799999999999,合理诉求
2120,153.72,876.38,-722.66,合理诉求
2121,251.79,284.11,-32.32000000000002,合理诉求
2122,1151.33,2280.85,-1129.52,合理诉求
2123,396.62,906.9,-510.28,合理诉求
2124,92.71,361.4,-268.69,合理诉求
2125,61.04,371.98,-310.94,合理诉求
2126,97.45,100.66,-3.2099999999999937,合理诉求
2127,373.66,713.93,-340.2699999999999,合理诉求
2128,407.09,2662.02,-2254.93,严重超额
2129,126.92,334.92,-208.0,合理诉求
2130,609.31,1285.83,-676.52,合理诉求
2131,305.42,1214.93,-909.51,合理诉求
2132,245.93,775.5,-529.5699999999999,合理诉求
2133,171.59,260.87,-89.28,合理诉求
2134,890.82,1022.46,-131.64,合理诉求
2135,35.58,109.75,-74.17,合理诉求
2136,361.46,552.55,-191.09,合理诉求
2137,424.61,625.23,-200.62,合理诉求
2138,63.92,562.26,-498.34,诉求偏高
2139,711.82,1169.39,-457.5700000000001,合理诉求
2140,172.13,549.36,-377.23,合理诉求
2141,429.43,1284.56,-855.1299999999999,合理诉求
2142,147.48,180.17,-32.69,合理诉求
2143,55.2,126.67,-71.47,合理诉求
2144,16.23,335.07,-318.84,合理诉求
2145,34.72,116.85,-82.13,合理诉求
2146,105.53,320.53,-215.0,合理诉求
2147,93.34,202.75,-109.41,合理诉求
2148,610.58,1568.49,-957.91,合理诉求
2149,134.86,323.52,-188.66,合理诉求
2150,333.52,362.89,-29.370000000000005,合理诉求
2151,224.06,938.04,-713.98,合理诉求
2152,315.55,394.18,-78.63,合理诉求
2153,102.92,117.6,-14.679999999999993,合理诉求
2154,134.9,147.26,-12.359999999999983,合理诉求
2155,314.79,2685.04,-2370.25,严重超额
2156,266.03,1052.3,-786.27,合理诉求
2157,36.56,347.18,-310.62,合理诉求
2158,451.07,469.98,-18.910000000000025,合理诉求
2159,16.84,138.0,-121.16,合理诉求
2160,144.83,221.75,-76.91999999999999,合理诉求
2161,111.07,182.77,-71.70000000000002,合理诉求
2162,141.37,1027.47,-886.1,诉求偏高
2163,334.88,399.57,-64.69,合理诉求
2164,56.93,116.52,-59.59,合理诉求
2165,415.78,1818.01,-1402.23,诉求偏高
2166,322.93,897.17,-574.24,合理诉求
2167,710.51,3753.0,-3042.49,诉求偏高
2168,104.85,284.89,-180.04,合理诉求
2169,182.35,435.76,-253.41,合理诉求
2170,235.03,608.03,-373.0,合理诉求
2171,157.73,311.89,-154.16,合理诉求
2172,42.45,763.3,-720.8499999999999,诉求偏高
2173,108.1,543.51,-435.41,合理诉求
2174,809.91,1680.95,-871.0400000000001,合理诉求
2175,2.28,102.55,-100.27,合理诉求
2176,341.61,1043.58,-701.9699999999999,合理诉求
2177,93.47,529.51,-436.04,合理诉求
2178,1154.57,4466.08,-3311.51,诉求偏高
2179,698.66,2368.21,-1669.5500000000002,合理诉求
2180,479.41,589.43,-110.01999999999992,合理诉求
2181,569.15,677.85,-108.70000000000005,合理诉求
2182,545.35,595.87,-50.51999999999998,合理诉求
2183,84.71,172.72,-88.01,合理诉求
2184,167.42,309.92,-142.50000000000003,合理诉求
2185,295.78,600.08,-304.30000000000007,合理诉求
2186,844.95,1873.61,-1028.66,合理诉求
2187,413.11,2507.75,-2094.64,诉求偏高
2188,200.2,409.52,-209.32,合理诉求
2189,225.25,469.57,-244.32,合理诉求
2190,524.24,677.75,-153.51,合理诉求
2191,594.55,2510.12,-1915.57,合理诉求
2192,58.68,106.05,-47.37,合理诉求
2193,55.87,180.04,-124.17,合理诉求
2194,44.1,130.6,-86.5,合理诉求
2195,228.28,519.64,-291.36,合理诉求
2196,514.83,1170.41,-655.58,合理诉求
2197,91.45,171.85,-80.39999999999999,合理诉求
2198,374.68,1102.07,-727.3899999999999,合理诉求
2199,139.81,270.24,-130.43,合理诉求
2200,122.43,423.15,-300.72,合理诉求
2201,129.34,245.81,-116.47,合理诉求
2202,99.94,242.71,-142.77,合理诉求
2203,158.62,272.28,-113.65999999999995,合理诉求
2204,289.5,741.0,-451.5,合理诉求
2205,260.77,549.41,-288.64,合理诉求
2206,293.73,1137.05,-843.3199999999999,合理诉求
2207,65.03,111.4,-46.370000000000005,合理诉求
2208,280.76,511.35,-230.59000000000003,合理诉求
2209,201.74,506.28,-304.54,合理诉求
2210,885.01,1950.22,-1065.21,合理诉求
2211,73.24,143.15,-69.91000000000001,合理诉求
2212,1070.38,3643.46,-2573.08,诉求偏高
2213,179.63,947.54,-767.91,合理诉求
2214,632.36,989.22,-356.86,合理诉求
2215,64.37,286.05,-221.68,合理诉求
2216,40.21,192.5,-152.29,合理诉求
2217,174.81,1278.07,-1103.26,诉求偏高
2218,59.44,151.01,-91.57,合理诉求
2219,568.35,700.72,-132.37,合理诉求
2220,142.27,271.33,-129.05999999999997,合理诉求
2221,188.31,246.01,-57.69999999999999,合理诉求
2222,18.08,101.58,-83.5,合理诉求
2223,59.59,408.25,-348.66,诉求偏高
2224,119.12,120.48,-1.3599999999999994,合理诉求
2225,587.29,2176.14,-1588.85,合理诉求
2226,432.28,1872.49,-1440.21,诉求偏高
2227,71.32,110.09,-38.77000000000001,合理诉求
2228,158.57,403.32,-244.75,合理诉求
2229,1238.9,4239.97,-3001.07,诉求偏高
2230,1098.27,1545.18,-446.9100000000001,合理诉求
2231,671.62,835.28,-163.65999999999997,合理诉求
2232,108.02,125.01,-16.99000000000001,合理诉求
2233,94.68,629.47,-534.79,合理诉求
2234,493.5,572.61,-79.11000000000001,合理诉求
2235,190.26,202.59,-12.330000000000013,合理诉求
2236,488.67,778.38,-289.71,合理诉求
2237,17.75,100.4,-82.65,合理诉求
2238,257.87,599.82,-341.95000000000005,合理诉求
2239,233.89,507.75,-273.86,合理诉求
2240,383.44,1091.14,-707.7,合理诉求
2241,173.87,342.03,-168.15999999999997,合理诉求
2242,20.55,172.84,-152.29,合理诉求
2243,70.01,136.73,-66.71999999999998,合理诉求
2244,338.05,680.94,-342.89000000000004,合理诉求
2245,21.84,120.76,-98.92,合理诉求
2246,207.85,523.16,-315.30999999999995,合理诉求
2247,296.35,316.91,-20.56,合理诉求
2248,296.38,300.54,-4.160000000000025,合理诉求
2249,106.96,599.16,-492.2,合理诉求
2250,101.79,126.56,-24.77,合理诉求
2251,101.67,1315.41,-1213.74,诉求偏高
2252,98.85,634.26,-535.41,合理诉求
2253,157.84,1209.53,-1051.69,诉求偏高
2254,388.52,984.62,-596.1,合理诉求
2255,107.89,361.05,-253.16000000000005,合理诉求
2256,514.78,933.48,-418.7000000000001,合理诉求
2257,747.0,1145.93,-398.93000000000006,合理诉求
2258,31.61,162.71,-131.10000000000002,合理诉求
2259,112.41,243.12,-130.71,合理诉求
2260,130.2,361.97,-231.77000000000004,合理诉求
2261,283.99,295.18,-11.189999999999998,合理诉求
2262,672.48,1414.5,-742.02,合理诉求
2263,951.53,3833.82,-2882.29,诉求偏高
2264,850.53,4190.26,-3339.7300000000005,诉求偏高
2265,111.62,325.36,-213.74,合理诉求
2266,990.6,1805.4,-814.8000000000001,合理诉求
2267,82.2,150.72,-68.52,合理诉求
2268,110.16,176.97,-66.81,合理诉求
2269,251.05,470.41,-219.36,合理诉求
2270,5.53,137.75,-132.22,合理诉求
2271,32.97,243.73,-210.76,合理诉求
2272,33.45,835.58,-802.13,严重超额
2273,4.83,100.19,-95.36,合理诉求
2274,204.28,371.62,-167.34,合理诉求
2275,615.69,1363.77,-748.0799999999999,合理诉求
2276,423.24,434.74,-11.5,合理诉求
2277,276.8,699.1,-422.3,合理诉求
2278,756.21,2050.33,-1294.12,合理诉求
2279,503.98,937.29,-433.31,合理诉求
2280,97.56,1011.09,-913.53,诉求偏高
2281,355.75,1004.18,-648.43,合理诉求
2282,99.65,863.83,-764.1800000000001,诉求偏高
2283,826.71,972.35,-145.64,合理诉求
2284,258.99,457.12,-198.13,合理诉求
2285,428.42,1004.8,-576.3799999999999,合理诉求
2286,431.07,779.35,-348.28000000000003,合理诉求
2287,22.43,108.91,-86.47999999999999,合理诉求
2288,276.26,456.11,-179.85000000000002,合理诉求
2289,68.81,100.23,-31.42,合理诉求
2290,472.29,525.47,-53.18000000000001,合理诉求
2291,116.52,253.4,-136.88,合理诉求
2292,598.8,1108.57,-509.77,合理诉求
2293,292.91,596.2,-303.29,合理诉求
2294,75.88,240.16,-164.28,合理诉求
2295,267.87,1748.86,-1480.9899999999998,诉求偏高
2296,218.82,389.74,-170.92000000000002,合理诉求
2297,72.34,277.93,-205.59,合理诉求
2298,497.09,1062.35,-565.26,合理诉求
2299,151.84,849.29,-697.4499999999999,合理诉求
2300,55.43,733.41,-677.98,诉求偏高
2301,1285.68,1832.48,-546.8,合理诉求
2302,446.66,1263.68,-817.02,合理诉求
2303,689.17,3437.59,-2748.42,诉求偏高
2304,167.94,202.55,-34.610000000000014,合理诉求
2305,216.57,382.24,-165.67000000000002,合理诉求
2306,78.65,305.74,-227.09,合理诉求
2307,878.85,1945.02,-1066.17,合理诉求
2308,169.57,318.14,-148.57,合理诉求
2309,19.31,1041.02,-1021.71,严重超额
2310,185.43,439.43,-254.0,合理诉求
2311,554.65,1471.61,-916.96,合理诉求
2312,474.17,1652.63,-1178.46,诉求偏高
2313,902.65,1778.35,-875.6999999999999,合理诉求
2314,31.49,157.42,-125.93,合理诉求
2315,151.19,303.13,-151.94,合理诉求
2316,872.62,1796.52,-923.9,合理诉求
2317,1003.08,1663.9,-660.82,合理诉求
2318,1045.87,2765.27,-1719.4,合理诉求
2319,245.9,845.93,-600.03,合理诉求
2320,97.88,127.95,-30.070000000000007,合理诉求
2321,38.23,100.87,-62.64000000000001,合理诉求
2322,125.66,457.01,-331.35,合理诉求
2323,774.43,874.57,-100.1400000000001,合理诉求
2324,327.14,411.85,-84.71000000000004,合理诉求
2325,1095.67,3019.67,-1924.0,合理诉求
2326,31.8,100.69,-68.89,合理诉求
2327,429.58,819.59,-390.0100000000001,合理诉求
2328,735.63,2117.03,-1381.4,合理诉求
2329,265.07,1829.35,-1564.28,诉求偏高
2330,442.52,935.85,-493.33,合理诉求
2331,89.0,443.99,-354.99,合理诉求
2332,507.21,1251.01,-743.8,合理诉求
2333,54.81,364.03,-309.22,合理诉求
2334,410.4,699.91,-289.51,合理诉求
2335,666.2,1503.06,-836.8599999999999,合理诉求
2336,863.16,4466.49,-3603.33,严重超额
2337,906.79,2041.24,-1134.45,合理诉求
2338,107.75,1444.81,-1337.06,严重超额
2339,182.64,309.8,-127.16000000000004,合理诉求
2340,92.85,169.63,-76.78,合理诉求
2341,147.24,289.49,-142.25,合理诉求
2342,323.58,668.64,-345.06,合理诉求
2343,34.38,100.01,-65.63,合理诉求
2344,221.98,570.55,-348.56999999999994,合理诉求
2345,155.44,195.38,-39.94,合理诉求
2346,1024.27,2978.55,-1954.28,合理诉求
2347,7.4,100.94,-93.54,合理诉求
2348,386.25,1333.56,-947.31,合理诉求
2349,92.86,175.87,-83.01,合理诉求
2350,52.08,107.48,-55.400000000000006,合理诉求
2351,169.8,842.14,-672.3399999999999,合理诉求
2352,45.68,118.74,-73.06,合理诉求
2353,167.49,1381.76,-1214.27,诉求偏高
2354,150.71,259.76,-109.04999999999998,合理诉求
2355,422.51,1509.16,-1086.65,诉求偏高
2356,319.95,1037.15,-717.2,合理诉求
2357,383.3,1024.2,-640.9000000000001,合理诉求
2358,128.33,586.29,-457.9599999999999,合理诉求
2359,690.23,1169.82,-479.5899999999999,合理诉求
2360,80.92,651.29,-570.37,合理诉求
2361,13.94,103.62,-89.68,合理诉求
2362,38.39,106.39,-68.0,合理诉求
2363,606.32,1587.63,-981.31,合理诉求
2364,218.54,960.92,-742.38,合理诉求
2365,177.88,1864.07,-1686.19,诉求偏高
2366,801.26,1009.65,-208.39,合理诉求
2367,169.87,192.78,-22.91,合理诉求
2368,7.91,109.35,-101.44,合理诉求
2369,156.86,632.43,-475.57,合理诉求
2370,260.0,413.97,-153.97000000000003,合理诉求
2371,449.33,989.29,-539.96,合理诉求
2372,139.36,470.54,-331.18,合理诉求
2373,126.35,194.84,-68.49000000000001,合理诉求
2374,76.65,143.46,-66.81,合理诉求
2375,41.21,109.15,-67.94,合理诉求
2376,573.23,949.22,-375.99,合理诉求
2377,675.24,1315.14,-639.9000000000001,合理诉求
2378,255.9,1147.8,-891.9,诉求偏高
2379,279.87,1002.68,-722.81,合理诉求
2380,86.78,118.53,-31.75,合理诉求
2381,642.43,3088.4,-2445.9700000000003,诉求偏高
2382,277.19,919.61,-642.4200000000001,合理诉求
2383,345.52,523.04,-177.51999999999998,合理诉求
2384,37.31,105.47,-68.16,合理诉求
2385,615.92,1137.76,-521.84,合理诉求
2386,194.84,1064.9,-870.0600000000001,诉求偏高
2387,77.16,208.31,-131.15,合理诉求
2388,741.24,1076.46,-335.22,合理诉求
2389,351.1,405.99,-54.88999999999999,合理诉求
2390,122.09,1366.34,-1244.25,诉求偏高
2391,605.85,1347.62,-741.7699999999999,合理诉求
2392,392.88,628.76,-235.88,合理诉求
2393,248.28,396.51,-148.23,合理诉求
2394,490.99,775.97,-284.98,合理诉求
2395,4.07,100.44,-96.37,合理诉求
2396,47.37,118.35,-70.97999999999999,合理诉求
2397,335.85,1069.53,-733.68,合理诉求
2398,148.32,206.09,-57.77000000000001,合理诉求
2399,470.97,718.46,-247.49,合理诉求
2400,263.51,373.73,-110.22000000000004,合理诉求
2401,445.63,1350.6,-904.97,合理诉求
2402,638.27,1478.53,-840.26,合理诉求
2403,553.11,1871.14,-1318.0300000000002,合理诉求
2404,229.74,484.33,-254.59,合理诉求
2405,596.7,864.61,-267.91,合理诉求
2406,157.51,452.02,-294.51,合理诉求
2407,98.11,132.76,-34.64999999999999,合理诉求
2408,30.45,270.57,-240.12,合理诉求
2409,71.37,1088.9,-1017.53,严重超额
2410,59.31,194.63,-135.32,合理诉求
2411,204.97,752.77,-547.8,合理诉求
2412,94.66,186.07,-91.41,合理诉求
2413,221.76,313.52,-91.76,合理诉求
2414,4.0,104.87,-100.87,合理诉求
2415,66.95,1192.05,-1125.1,严重超额
2416,279.88,485.74,-205.86,合理诉求
2417,229.93,734.2,-504.27,合理诉求
2418,657.71,1617.72,-960.01,合理诉求
2419,399.1,2854.79,-2455.69,严重超额
2420,69.63,200.46,-130.83,合理诉求
2421,1061.5,4777.26,-3715.76,严重超额
2422,617.98,1604.07,-986.09,合理诉求
2423,418.74,1231.62,-812.8799999999999,合理诉求
2424,108.44,198.16,-89.72,合理诉求
2425,21.68,128.02,-106.34,合理诉求
2426,237.96,920.94,-682.98,合理诉求
2427,187.83,852.16,-664.3299999999999,合理诉求
2428,84.89,297.45,-212.56,合理诉求
2429,169.38,192.74,-23.360000000000014,合理诉求
2430,38.34,108.34,-70.0,合理诉求
2431,32.85,225.85,-193.0,合理诉求
2432,391.89,1151.69,-759.8000000000001,合理诉求
2433,100.55,331.75,-231.2,合理诉求
2434,96.34,266.4,-170.05999999999997,合理诉求
2435,122.33,273.07,-150.74,合理诉求
2436,55.62,219.52,-163.9,合理诉求
2437,42.49,198.18,-155.69,合理诉求
2438,222.74,886.54,-663.8,合理诉求
2439,203.8,371.24,-167.44,合理诉求
2440,16.32,483.78,-467.46,诉求偏高
2441,219.08,419.61,-200.53,合理诉求
2442,20.59,185.01,-164.42,合理诉求
2443,569.57,1281.52,-711.9499999999999,合理诉求
2444,73.38,223.56,-150.18,合理诉求
2445,184.27,504.5,-320.23,合理诉求
2446,110.34,115.7,-5.359999999999999,合理诉求
2447,118.37,822.79,-704.42,诉求偏高
2448,29.33,626.41,-597.0799999999999,诉求偏高
2449,417.98,1273.44,-855.46,合理诉求
2450,612.31,1665.26,-1052.95,合理诉求
2451,478.2,1407.1,-928.9,合理诉求
2452,158.48,629.99,-471.51,合理诉求
2453,177.08,338.1,-161.02,合理诉求
2454,236.83,1218.15,-981.32,诉求偏高
2455,187.15,188.14,-0.9899999999999808,合理诉求
2456,636.79,887.6,-250.8100000000001,合理诉求
2457,238.41,302.04,-63.63000000000002,合理诉求
2458,659.57,989.04,-329.4699999999999,合理诉求
2459,385.46,1241.57,-856.1099999999999,合理诉求
2460,20.51,115.78,-95.27,合理诉求
2461,349.4,600.7,-251.30000000000007,合理诉求
2462,66.78,675.57,-608.7900000000001,诉求偏高
2463,178.7,548.22,-369.52,合理诉求
2464,137.6,261.72,-124.12000000000003,合理诉求
2465,31.1,109.29,-78.19,合理诉求
2466,687.19,1107.64,-420.4500000000001,合理诉求
2467,225.96,995.86,-769.9,合理诉求
2468,37.8,367.21,-329.41,合理诉求
2469,60.21,238.3,-178.09,合理诉求
2470,298.04,723.88,-425.84,合理诉求
2471,328.02,1012.67,-684.65,合理诉求
2472,529.67,858.4,-328.73,合理诉求
2473,7.49,104.36,-96.87,合理诉求
2474,399.25,686.27,-287.02,合理诉求
2475,528.72,777.16,-248.43999999999997,合理诉求
2476,25.76,737.82,-712.0600000000001,诉求偏高
2477,319.49,1123.25,-803.76,合理诉求
2478,289.8,475.25,-185.45,合理诉求
2479,172.68,219.79,-47.10999999999999,合理诉求
2480,856.33,1589.01,-732.68,合理诉求
2481,39.44,211.96,-172.52,合理诉求
2482,2.36,100.3,-97.94,合理诉求
2483,464.85,949.66,-484.81,合理诉求
2484,119.73,636.91,-517.18,合理诉求
2485,110.23,326.49,-216.26,合理诉求
2486,754.54,1260.28,-505.74,合理诉求
2487,24.04,121.33,-97.29,合理诉求
2488,96.11,264.09,-167.97999999999996,合理诉求
2489,53.97,161.12,-107.15,合理诉求
2490,127.41,146.6,-19.19,合理诉求
2491,81.02,151.89,-70.86999999999999,合理诉求
2492,378.67,2331.19,-1952.52,诉求偏高
2493,215.75,1724.73,-1508.98,诉求偏高
2494,300.79,1243.34,-942.55,合理诉求
2495,53.63,175.35,-121.72,合理诉求
2496,362.96,1012.04,-649.0799999999999,合理诉求
2497,138.09,147.23,-9.139999999999986,合理诉求
2498,529.54,823.5,-293.96000000000004,合理诉求
2499,22.78,116.65,-93.87,合理诉求
2500,214.03,570.56,-356.53,合理诉求
2501,54.1,138.35,-84.25,合理诉求
2502,58.58,795.62,-737.04,诉求偏高
2503,325.69,630.22,-304.53000000000003,合理诉求
2504,241.97,895.36,-653.39,合理诉求
2505,136.35,143.68,-7.3300000000000125,合理诉求
2506,41.74,530.17,-488.43,诉求偏高
2507,684.24,1796.24,-1112.0,合理诉求
2508,46.86,100.01,-53.150000000000006,合理诉求
2509,132.21,250.15,-117.94,合理诉求
2510,315.67,984.02,-668.3499999999999,合理诉求
2511,154.92,282.68,-127.76000000000002,合理诉求
2512,290.72,528.38,-237.66,合理诉求
2513,16.67,121.55,-104.88,合理诉求
2514,509.11,1458.94,-949.83,合理诉求
2515,293.83,1607.11,-1313.28,诉求偏高
2516,432.03,1660.97,-1228.94,诉求偏高
2517,41.69,113.52,-71.83,合理诉求
2518,132.05,182.05,-50.0,合理诉求
2519,86.73,138.21,-51.48,合理诉求
2520,686.66,3739.0,-3052.34,诉求偏高
2521,206.38,352.99,-146.61,合理诉求
2522,8.96,100.8,-91.84,合理诉求
2523,852.57,1088.28,-235.70999999999992,合理诉求
2524,1083.98,4491.0,-3407.02,诉求偏高
2525,51.6,157.42,-105.82,合理诉求
2526,366.7,1126.86,-760.1599999999999,合理诉求
2527,0.98,102.89,-101.91,合理诉求
2528,281.79,292.12,-10.329999999999984,合理诉求
2529,49.74,367.14,-317.4,合理诉求
2530,448.39,1197.32,-748.93,合理诉求
2531,170.74,1352.34,-1181.6,诉求偏高
2532,253.67,334.29,-80.62000000000003,合理诉求
2533,381.84,599.16,-217.32,合理诉求
2534,343.84,419.9,-76.06,合理诉求
2535,42.26,104.07,-61.81,合理诉求
2536,13.36,106.84,-93.48,合理诉求
2537,764.73,1229.98,-465.25,合理诉求
2538,480.4,538.43,-58.02999999999997,合理诉求
2539,349.94,1407.27,-1057.33,合理诉求
2540,803.14,3574.45,-2771.31,诉求偏高
2541,118.89,198.49,-79.60000000000001,合理诉求
2542,95.92,220.57,-124.65,合理诉求
2543,116.98,363.41,-246.43,合理诉求
2544,190.97,912.6,-721.63,合理诉求
2545,71.34,828.1,-756.76,诉求偏高
2546,402.02,583.94,-181.92000000000007,合理诉求
2547,3023.27,5460.87,-2437.6,诉求偏高
2548,79.38,394.26,-314.88,合理诉求
2549,869.04,1335.27,-466.23,合理诉求
2550,109.82,131.66,-21.840000000000003,合理诉求
2551,610.27,3921.82,-3311.55,诉求偏高
2552,116.85,706.13,-589.28,诉求偏高
2553,265.62,920.08,-654.46,合理诉求
2554,300.98,645.43,-344.44999999999993,合理诉求
2555,173.14,191.85,-18.710000000000008,合理诉求
2556,241.38,470.2,-228.82,合理诉求
2557,237.97,308.79,-70.82000000000002,合理诉求
2558,40.44,458.49,-418.05,诉求偏高
2559,363.87,503.8,-139.93,合理诉求
2560,26.74,108.65,-81.91000000000001,合理诉求
2561,31.81,101.98,-70.17,合理诉求
2562,14.57,126.84,-112.27,合理诉求
2563,327.67,671.69,-344.02000000000004,合理诉求
2564,20.53,164.31,-143.78,合理诉求
2565,842.65,2106.62,-1263.9699999999998,合理诉求
2566,39.91,146.23,-106.32,合理诉求
2567,632.2,891.94,-259.74,合理诉求
2568,138.02,188.89,-50.869999999999976,合理诉求
2569,42.27,100.19,-57.92,合理诉求
2570,377.75,1400.46,-1022.71,合理诉求
2571,75.41,146.36,-70.95000000000002,合理诉求
2572,42.58,319.05,-276.47,合理诉求
2573,96.49,553.91,-457.42,合理诉求
2574,293.74,1054.39,-760.6500000000001,合理诉求
2575,350.05,472.75,-122.7,合理诉求
2576,89.43,171.19,-81.75999999999999,合理诉求
2577,142.52,184.02,-41.5,合理诉求
2578,161.32,1086.44,-925.12,诉求偏高
2579,101.98,199.85,-97.87,合理诉求
2580,289.7,484.83,-195.13,合理诉求
2581,317.78,948.78,-631.0,合理诉求
2582,276.39,340.2,-63.81,合理诉求
2583,11.75,107.74,-95.99,合理诉求
2584,383.5,1198.64,-815.1400000000001,合理诉求
2585,247.64,252.77,-5.130000000000024,合理诉求
2586,457.76,1312.42,-854.6600000000001,合理诉求
2587,448.78,1340.91,-892.1300000000001,合理诉求
2588,415.15,890.63,-475.48,合理诉求
2589,93.45,303.82,-210.37,合理诉求
2590,52.22,114.26,-62.040000000000006,合理诉求
2591,456.86,1026.72,-569.86,合理诉求
2592,587.03,1701.02,-1113.99,合理诉求
2593,120.38,567.35,-446.97,合理诉求
2594,206.1,721.9,-515.8,合理诉求
2595,307.24,760.9,-453.66,合理诉求
2596,466.98,1323.54,-856.56,合理诉求
2597,491.44,1109.28,-617.8399999999999,合理诉求
2598,159.37,162.41,-3.039999999999992,合理诉求
2599,86.85,112.33,-25.480000000000004,合理诉求
2600,593.29,2047.18,-1453.89,合理诉求
2601,563.69,1305.81,-742.1199999999999,合理诉求
2602,13.53,101.17,-87.64,合理诉求
2603,1157.59,3185.42,-2027.83,合理诉求
2604,864.35,1931.1,-1066.75,合理诉求
2605,161.04,478.35,-317.31000000000006,合理诉求
2606,127.54,545.87,-418.33,合理诉求
2607,264.33,713.35,-449.02,合理诉求
2608,274.94,625.83,-350.89000000000004,合理诉求
2609,49.02,346.71,-297.69,合理诉求
2610,27.37,225.69,-198.32,合理诉求
2611,228.32,895.86,-667.54,合理诉求
2612,257.96,258.33,-0.3700000000000045,合理诉求
2613,79.63,138.85,-59.22,合理诉求
2614,108.74,182.63,-73.89,合理诉求
2615,520.15,2414.78,-1894.63,合理诉求
2616,538.66,1186.27,-647.61,合理诉求
2617,133.26,466.99,-333.73,合理诉求
2618,324.45,393.67,-69.22000000000003,合理诉求
2619,192.37,439.93,-247.56,合理诉求
2620,310.45,368.68,-58.23000000000002,合理诉求
2621,366.75,1220.21,-853.46,合理诉求
2622,412.47,1346.28,-933.81,合理诉求
2623,988.42,3496.05,-2507.63,诉求偏高
2624,175.22,403.86,-228.64,合理诉求
2625,466.52,1244.99,-778.47,合理诉求
2626,10.17,404.74,-394.57,诉求偏高
2627,997.41,1000.98,-3.57000000000005,合理诉求
2628,25.57,194.54,-168.97,合理诉求
2629,117.5,350.5,-233.0,合理诉求
2630,367.75,1358.73,-990.98,合理诉求
2631,60.3,121.6,-61.3,合理诉求
2632,182.83,2336.49,-2153.66,严重超额
2633,314.08,951.65,-637.5699999999999,合理诉求
2634,78.69,245.39,-166.7,合理诉求
2635,466.77,755.34,-288.57000000000005,合理诉求
2636,656.99,1445.48,-788.49,合理诉求
2637,30.25,1161.76,-1131.51,严重超额
2638,484.39,608.83,-124.44000000000004,合理诉求
2639,127.43,640.04,-512.6099999999999,合理诉求
2640,66.35,482.64,-416.29,诉求偏高
2641,294.42,1174.39,-879.97,合理诉求
2642,680.51,4098.88,-3418.37,诉求偏高
2643,1000.5,1835.53,-835.03,合理诉求
2644,898.73,2244.16,-1345.4299999999998,合理诉求
2645,124.48,188.3,-63.82000000000001,合理诉求
2646,699.01,2306.12,-1607.11,合理诉求
2647,77.99,129.76,-51.77,合理诉求
2648,49.78,823.85,-774.07,诉求偏高
2649,94.88,819.06,-724.18,诉求偏高
2650,180.17,203.04,-22.870000000000005,合理诉求
2651,70.85,249.75,-178.9,合理诉求
2652,249.02,1113.61,-864.5899999999999,诉求偏高
2653,88.53,277.06,-188.53,合理诉求
2654,272.59,581.44,-308.8500000000001,合理诉求
2655,180.05,995.27,-815.22,诉求偏高
2656,564.0,851.84,-287.84000000000003,合理诉求
2657,200.62,635.87,-435.25,合理诉求
2658,293.2,567.32,-274.12000000000006,合理诉求
2659,25.29,122.37,-97.08,合理诉求
2660,67.69,140.58,-72.89000000000001,合理诉求
2661,321.47,678.89,-357.42,合理诉求
2662,240.39,276.16,-35.77000000000004,合理诉求
2663,243.72,299.47,-55.75000000000003,合理诉求
2664,2553.31,4231.77,-1678.4600000000005,合理诉求
2665,468.88,1408.86,-939.98,合理诉求
2666,185.51,390.06,-204.55,合理诉求
2667,306.85,805.72,-498.87,合理诉求
2668,100.07,779.92,-679.8499999999999,诉求偏高
2669,155.53,543.71,-388.18000000000006,合理诉求
2670,701.56,1291.05,-589.49,合理诉求
2671,329.94,976.49,-646.55,合理诉求
2672,192.34,337.92,-145.58,合理诉求
2673,137.23,277.07,-139.84,合理诉求
2674,140.4,342.52,-202.12,合理诉求
2675,9.66,118.42,-108.76,合理诉求
2676,380.94,888.98,-508.04,合理诉求
2677,278.59,681.25,-402.66,合理诉求
2678,108.38,161.67,-53.28999999999999,合理诉求
2679,424.07,1229.04,-804.97,合理诉求
2680,513.13,1833.43,-1320.3000000000002,合理诉求
2681,129.05,255.19,-126.14,合理诉求
2682,159.19,671.4,-512.21,合理诉求
2683,322.5,656.5,-334.0,合理诉求
2684,27.25,104.84,-77.59,合理诉求
2685,54.24,157.61,-103.37,合理诉求
2686,310.49,571.5,-261.01,合理诉求
2687,314.81,668.22,-353.41,合理诉求
2688,153.73,311.84,-158.11,合理诉求
2689,426.41,562.53,-136.11999999999995,合理诉求
2690,156.6,440.97,-284.37,合理诉求
2691,1198.62,2176.54,-977.92,合理诉求
2692,155.83,707.64,-551.81,合理诉求
2693,113.65,163.99,-50.34,合理诉求
2694,35.07,190.51,-155.44,合理诉求
2695,312.38,801.51,-489.13,合理诉求
2696,872.75,2994.64,-2121.89,合理诉求
2697,212.38,539.92,-327.54,合理诉求
2698,61.49,177.67,-116.17999999999998,合理诉求
2699,807.97,832.2,-24.230000000000015,合理诉求
2700,1202.91,1962.19,-759.28,合理诉求
2701,233.13,366.71,-133.57999999999998,合理诉求
2702,87.98,610.68,-522.6999999999999,合理诉求
2703,82.24,271.96,-189.72,合理诉求
2704,294.02,457.41,-163.39000000000004,合理诉求
2705,130.99,162.96,-31.97,合理诉求
2706,146.43,207.16,-60.72999999999999,合理诉求
2707,55.51,102.62,-47.11000000000001,合理诉求
2708,351.53,858.51,-506.98,合理诉求
2709,385.89,759.13,-373.24,合理诉求
2710,35.66,197.13,-161.47,合理诉求
2711,1014.91,2106.01,-1091.1000000000004,合理诉求
2712,356.03,731.64,-375.61,合理诉求
2713,363.57,1008.36,-644.79,合理诉求
2714,346.85,3181.2,-2834.35,严重超额
2715,94.06,217.23,-123.17,合理诉求
2716,251.28,305.4,-54.119999999999976,合理诉求
2717,18.28,100.63,-82.35,合理诉求
2718,163.69,237.5,-73.81,合理诉求
2719,171.78,750.17,-578.39,合理诉求
2720,322.29,613.36,-291.07,合理诉求
2721,272.57,1106.71,-834.1400000000001,合理诉求
2722,898.52,1236.04,-337.52,合理诉求
2723,70.1,201.49,-131.39,合理诉求
2724,320.5,1341.06,-1020.56,合理诉求
2725,61.69,881.5,-819.81,严重超额
2726,147.65,937.17,-789.52,诉求偏高
2727,226.66,987.93,-761.27,合理诉求
2728,59.49,222.54,-163.04999999999998,合理诉求
2729,58.93,487.34,-428.41,诉求偏高
2730,363.9,1181.75,-817.85,合理诉求
2731,27.38,107.57,-80.19,合理诉求
2732,191.08,1334.71,-1143.63,诉求偏高
2733,54.66,109.9,-55.24000000000001,合理诉求
2734,673.84,3154.03,-2480.19,诉求偏高
2735,529.48,2925.41,-2395.93,诉求偏高
2736,316.86,840.93,-524.0699999999999,合理诉求
2737,138.29,301.84,-163.54999999999998,合理诉求
2738,683.99,2198.39,-1514.4,合理诉求
2739,309.92,1472.68,-1162.76,诉求偏高
2740,126.46,471.14,-344.68,合理诉求
2741,325.6,1039.27,-713.67,合理诉求
2742,37.44,375.62,-338.18,诉求偏高
2743,505.44,1937.34,-1431.9,合理诉求
2744,692.01,806.04,-114.02999999999996,合理诉求
2745,80.31,239.43,-159.12,合理诉求
2746,79.05,140.75,-61.7,合理诉求
2747,687.11,3311.38,-2624.27,诉求偏高
2748,22.51,101.48,-78.97,合理诉求
2749,381.47,658.91,-277.43999999999994,合理诉求
2750,129.27,342.94,-213.67,合理诉求
2751,121.65,132.52,-10.870000000000005,合理诉求
2752,346.52,372.93,-26.410000000000025,合理诉求
2753,761.8,2098.6,-1336.8,合理诉求
2754,63.41,133.79,-70.38,合理诉求
2755,343.46,480.56,-137.10000000000002,合理诉求
2756,219.06,795.13,-576.0699999999999,合理诉求
2757,209.02,625.05,-416.03,合理诉求
2758,276.28,1190.42,-914.14,合理诉求
2759,59.53,320.77,-261.24,合理诉求
2760,465.25,1578.3,-1113.05,诉求偏高
2761,201.55,272.63,-71.07999999999998,合理诉求
2762,172.02,526.83,-354.81000000000006,合理诉求
2763,2.5,101.7,-99.2,合理诉求
2764,110.8,487.58,-376.78,合理诉求
2765,190.53,235.67,-45.13999999999999,合理诉求
2766,172.37,182.25,-9.879999999999995,合理诉求
2767,671.92,1228.8,-556.88,合理诉求
2768,8.88,101.38,-92.5,合理诉求
2769,180.57,226.17,-45.6,合理诉求
2770,182.32,1473.99,-1291.67,诉求偏高
2771,88.59,197.02,-108.43,合理诉求
2772,748.12,974.99,-226.87,合理诉求
2773,55.29,310.04,-254.75000000000003,合理诉求
2774,16.69,171.58,-154.89,合理诉求
2775,61.06,169.18,-108.12,合理诉求
2776,388.07,555.12,-167.05,合理诉求
2777,358.61,571.77,-213.16,合理诉求
2778,123.62,194.06,-70.44,合理诉求
2779,268.37,777.21,-508.84,合理诉求
2780,161.3,1005.6,-844.3,诉求偏高
2781,47.93,254.14,-206.21,合理诉求
2782,179.16,526.04,-346.88,合理诉求
2783,492.97,866.24,-373.27,合理诉求
2784,468.54,2808.07,-2339.53,严重超额
2785,42.78,198.89,-156.11,合理诉求
2786,287.73,553.43,-265.69999999999993,合理诉求
2787,82.67,542.58,-459.91,合理诉求
2788,33.27,115.99,-82.72,合理诉求
2789,807.17,2831.78,-2024.61,合理诉求
2790,324.85,1451.94,-1127.09,诉求偏高
2791,529.71,725.7,-195.99,合理诉求
2792,772.72,2468.08,-1695.36,合理诉求
2793,183.42,198.52,-15.100000000000025,合理诉求
2794,126.66,157.83,-31.170000000000016,合理诉求
2795,353.3,2427.04,-2073.74,诉求偏高
2796,247.96,932.76,-684.8,合理诉求
2797,331.97,985.53,-653.56,合理诉求
2798,56.87,866.34,-809.47,严重超额
2799,182.53,358.69,-176.16,合理诉求
2800,51.7,132.14,-80.43999999999998,合理诉求
2801,59.4,317.21,-257.81,合理诉求
2802,86.56,180.02,-93.46,合理诉求
2803,245.86,499.79,-253.93,合理诉求
2804,71.62,110.51,-38.89,合理诉求
2805,321.7,893.54,-571.8399999999999,合理诉求
2806,665.76,1228.35,-562.5899999999999,合理诉求
2807,154.71,470.46,-315.75,合理诉求
2808,830.36,2421.94,-1591.58,合理诉求
2809,539.55,908.27,-368.72,合理诉求
2810,123.43,958.27,-834.8399999999999,诉求偏高
2811,24.03,189.06,-165.03,合理诉求
2812,297.46,479.57,-182.11,合理诉求
2813,50.04,166.82,-116.78,合理诉求
2814,619.57,1521.18,-901.61,合理诉求
2815,192.54,416.19,-223.65,合理诉求
2816,1014.83,1353.85,-339.01999999999987,合理诉求
2817,407.06,577.28,-170.21999999999997,合理诉求
2818,68.26,113.44,-45.17999999999999,合理诉求
2819,580.06,653.34,-73.28000000000009,合理诉求
2820,377.24,1177.09,-799.8499999999999,合理诉求
2821,37.93,333.69,-295.76,合理诉求
2822,205.69,959.52,-753.8299999999999,合理诉求
2823,238.54,857.61,-619.07,合理诉求
2824,333.18,1208.06,-874.8799999999999,合理诉求
2825,648.76,748.33,-99.57000000000004,合理诉求
2826,271.18,580.58,-309.40000000000003,合理诉求
2827,85.36,142.73,-57.36999999999999,合理诉求
2828,185.95,216.74,-30.79000000000002,合理诉求
2829,525.15,998.71,-473.56000000000006,合理诉求
2830,234.2,727.6,-493.4,合理诉求
2831,834.67,2426.01,-1591.34,合理诉求
2832,411.11,468.49,-57.38,合理诉求
2833,156.18,366.2,-210.02,合理诉求
2834,461.23,1958.14,-1496.91,诉求偏高
2835,144.7,1004.09,-859.3900000000001,诉求偏高
2836,229.23,1674.98,-1445.75,诉求偏高
2837,29.38,118.15,-88.77000000000001,合理诉求
2838,289.55,791.86,-502.31,合理诉求
2839,864.95,3540.97,-2676.0199999999995,诉求偏高
2840,435.52,1300.83,-865.31,合理诉求
2841,333.98,912.56,-578.5799999999999,合理诉求
2842,177.22,360.82,-183.6,合理诉求
2843,519.33,550.51,-31.17999999999995,合理诉求
2844,564.6,1934.87,-1370.27,合理诉求
2845,142.65,206.94,-64.28999999999999,合理诉求
2846,71.3,772.89,-701.59,诉求偏高
2847,215.37,389.31,-173.94,合理诉求
2848,332.92,1080.96,-748.04,合理诉求
2849,804.9,1481.69,-676.7900000000001,合理诉求
2850,6.36,101.03,-94.67,合理诉求
2851,479.62,1736.14,-1256.52,合理诉求
2852,80.24,160.94,-80.7,合理诉求
2853,21.97,171.88,-149.91,合理诉求
2854,33.48,103.06,-69.58000000000001,合理诉求
2855,934.55,3129.64,-2195.09,诉求偏高
2856,157.85,236.2,-78.35,合理诉求
2857,196.97,2442.16,-2245.19,严重超额
2858,147.01,212.04,-65.03,合理诉求
2859,502.02,1462.78,-960.76,合理诉求
2860,197.58,322.99,-125.41,合理诉求
2861,100.86,786.45,-685.59,诉求偏高
2862,98.2,238.1,-139.89999999999998,合理诉求
2863,213.78,477.99,-264.21000000000004,合理诉求
2864,505.08,1101.89,-596.8100000000002,合理诉求
2865,105.37,221.46,-116.09,合理诉求
2866,66.48,323.97,-257.49,合理诉求
2867,321.1,754.89,-433.79,合理诉求
2868,104.69,289.32,-184.63,合理诉求
2869,277.08,528.26,-251.18,合理诉求
2870,333.0,2955.31,-2622.31,严重超额
2871,84.77,201.38,-116.61,合理诉求
2872,73.34,330.7,-257.36,合理诉求
2873,113.36,165.41,-52.05,合理诉求
2874,279.26,724.24,-444.98,合理诉求
2875,275.39,830.14,-554.75,合理诉求
2876,365.58,561.07,-195.49000000000007,合理诉求
2877,7.44,117.99,-110.55,合理诉求
2878,659.35,2318.78,-1659.4300000000003,合理诉求
2879,569.06,775.39,-206.33000000000004,合理诉求
2880,241.6,268.33,-26.72999999999999,合理诉求
2881,468.71,1282.26,-813.55,合理诉求
2882,160.74,1392.74,-1232.0,诉求偏高
2883,1301.67,2648.37,-1346.6999999999998,合理诉求
2884,123.45,1592.16,-1468.71,严重超额
2885,279.73,1123.8,-844.0699999999999,合理诉求
2886,194.04,1142.24,-948.2,诉求偏高
2887,188.13,276.47,-88.34000000000003,合理诉求
2888,424.86,2939.95,-2515.09,严重超额
2889,416.09,651.8,-235.71,合理诉求
2890,45.51,217.06,-171.55,合理诉求
2891,219.5,553.43,-333.92999999999995,合理诉求
2892,605.67,1251.81,-646.14,合理诉求
2893,217.65,501.59,-283.93999999999994,合理诉求
2894,497.84,2068.51,-1570.6700000000003,合理诉求
2895,95.23,303.22,-207.99,合理诉求
2896,72.61,168.13,-95.52,合理诉求
2897,345.9,830.35,-484.4500000000001,合理诉求
2898,75.26,527.7,-452.44000000000005,合理诉求
2899,377.13,396.98,-19.850000000000023,合理诉求
2900,49.71,802.19,-752.48,诉求偏高
2901,949.96,1170.71,-220.75,合理诉求
2902,77.76,263.56,-185.8,合理诉求
2903,343.4,995.55,-652.15,合理诉求
2904,622.0,1016.8,-394.8,合理诉求
2905,197.38,575.36,-377.98,合理诉求
2906,755.92,1383.6,-627.68,合理诉求
2907,136.4,527.22,-390.8200000000001,合理诉求
2908,734.54,1333.96,-599.4200000000001,合理诉求
2909,146.95,240.91,-93.96,合理诉求
2910,20.83,113.99,-93.16,合理诉求
2911,141.27,249.33,-108.06,合理诉求
2912,228.44,799.78,-571.3399999999999,合理诉求
2913,99.13,101.69,-2.5600000000000023,合理诉求
2914,155.54,1033.56,-878.02,诉求偏高
2915,464.39,1467.67,-1003.28,合理诉求
2916,101.46,137.34,-35.88000000000001,合理诉求
2917,351.48,364.22,-12.740000000000007,合理诉求
2918,384.27,2394.57,-2010.3,诉求偏高
2919,280.09,911.07,-630.98,合理诉求
2920,80.14,140.75,-60.61,合理诉求
2921,197.45,380.18,-182.73,合理诉求
2922,199.58,652.2,-452.62,合理诉求
2923,184.3,435.61,-251.31,合理诉求
2924,302.52,334.23,-31.71000000000004,合理诉求
2925,114.84,366.1,-251.26,合理诉求
2926,66.34,155.5,-89.16,合理诉求
2927,1072.74,1775.48,-702.74,合理诉求
2928,69.59,302.13,-232.54,合理诉求
2929,17.47,127.11,-109.64,合理诉求
2930,60.51,176.1,-115.59,合理诉求
2931,649.06,1549.78,-900.72,合理诉求
2932,80.71,231.06,-150.35000000000002,合理诉求
2933,850.92,1554.92,-704.0000000000001,合理诉求
2934,723.66,1113.3,-389.64,合理诉求
2935,640.64,1158.86,-518.2199999999999,合理诉求
2936,468.65,2002.89,-1534.2400000000002,诉求偏高
2937,488.76,837.08,-348.32000000000005,合理诉求
2938,510.5,1641.66,-1131.16,合理诉求
2939,288.94,710.46,-421.52,合理诉求
2940,874.22,1573.45,-699.23,合理诉求
2941,752.82,1868.67,-1115.85,合理诉求
2942,405.31,678.38,-273.07,合理诉求
2943,348.31,484.73,-136.42000000000002,合理诉求
2944,951.94,1254.26,-302.31999999999994,合理诉求
2945,59.9,548.64,-488.74,诉求偏高
2946,418.41,634.35,-215.94,合理诉求
2947,85.13,205.28,-120.15,合理诉求
2948,11.63,145.44,-133.81,合理诉求
2949,168.56,365.6,-197.04,合理诉求
2950,100.3,542.02,-441.72,合理诉求
2951,701.7,1071.63,-369.93000000000006,合理诉求
2952,61.64,852.63,-790.99,诉求偏高
2953,61.34,100.58,-39.24,合理诉求
2954,103.77,309.67,-205.90000000000003,合理诉求
2955,594.2,1163.69,-569.49,合理诉求
2956,704.07,1735.44,-1031.37,合理诉求
2957,386.76,546.96,-160.20000000000005,合理诉求
2958,292.89,726.44,-433.55000000000007,合理诉求
2959,78.24,229.36,-151.12,合理诉求
2960,238.03,419.54,-181.51,合理诉求
2961,69.74,567.38,-497.64,诉求偏高
2962,537.51,916.26,-378.75,合理诉求
2963,654.51,866.07,-211.5600000000001,合理诉求
2964,961.85,4146.72,-3184.8700000000003,诉求偏高
2965,143.46,246.12,-102.66,合理诉求
2966,266.15,453.76,-187.61,合理诉求
2967,376.06,913.34,-537.28,合理诉求
2968,180.25,626.95,-446.7000000000001,合理诉求
2969,141.33,215.46,-74.13,合理诉求
2970,454.55,995.86,-541.31,合理诉求
2971,224.33,492.65,-268.31999999999994,合理诉求
2972,45.97,132.36,-86.39000000000001,合理诉求
2973,555.39,1238.76,-683.37,合理诉求
2974,77.72,962.1,-884.38,诉求偏高
2975,149.84,181.57,-31.72999999999999,合理诉求
2976,182.75,929.81,-747.06,合理诉求
2977,316.74,1213.93,-897.19,合理诉求
2978,248.6,844.31,-595.7099999999999,合理诉求
2979,1264.65,2518.19,-1253.54,合理诉求
2980,261.97,673.38,-411.41,合理诉求
2981,162.57,501.74,-339.17,合理诉求
2982,85.81,152.75,-66.94,合理诉求
2983,282.31,326.66,-44.35000000000002,合理诉求
2984,415.05,2323.04,-1907.99,诉求偏高
2985,96.13,598.14,-502.01,合理诉求
2986,716.35,2172.82,-1456.4700000000005,合理诉求
2987,693.88,1907.17,-1213.29,合理诉求
2988,687.17,2768.12,-2080.95,合理诉求
2989,155.02,492.6,-337.58000000000004,合理诉求
2990,311.14,930.05,-618.91,合理诉求
2991,26.81,321.53,-294.72,合理诉求
2992,80.77,231.56,-150.79000000000002,合理诉求
2993,11.01,269.75,-258.74,合理诉求
2994,121.26,452.87,-331.61,合理诉求
2995,179.99,354.35,-174.36,合理诉求
2996,74.27,546.91,-472.64,合理诉求
2997,355.93,1051.15,-695.22,合理诉求
2998,30.73,110.91,-80.17999999999999,合理诉求
2999,284.26,2103.36,-1819.1,诉求偏高
3000,84.21,102.09,-17.88000000000001,合理诉求
3001,205.26,268.31,-63.05000000000001,合理诉求
3002,119.03,875.02,-755.99,诉求偏高
3003,186.26,222.99,-36.73000000000002,合理诉求
3004,626.28,885.32,-259.0400000000001,合理诉求
3005,79.95,101.81,-21.86,合理诉求
3006,74.3,118.84,-44.540000000000006,合理诉求
3007,117.55,140.37,-22.820000000000007,合理诉求
3008,6.32,383.59,-377.27,诉求偏高
3009,146.1,653.03,-506.93,合理诉求
3010,202.74,205.02,-2.280000000000001,合理诉求
3011,68.88,185.94,-117.06,合理诉求
3012,100.98,182.57,-81.58999999999999,合理诉求
3013,85.59,564.48,-478.89,合理诉求
3014,52.7,110.03,-57.33,合理诉求
3015,417.25,1009.47,-592.22,合理诉求
3016,36.53,110.45,-73.92,合理诉求
3017,121.17,174.09,-52.92,合理诉求
3018,556.13,671.88,-115.75,合理诉求
3019,5.42,106.21,-100.79,合理诉求
3020,817.81,1599.2,-781.3900000000001,合理诉求
3021,340.56,536.07,-195.51000000000005,合理诉求
3022,448.27,1884.68,-1436.41,诉求偏高
3023,358.18,371.79,-13.610000000000014,合理诉求
3024,532.82,2416.65,-1883.83,合理诉求
3025,537.26,1512.53,-975.27,合理诉求
3026,259.54,701.95,-442.41,合理诉求
3027,225.95,538.0,-312.05,合理诉求
3028,358.58,856.79,-498.21,合理诉求
3029,313.14,364.66,-51.52000000000004,合理诉求
3030,379.49,1465.23,-1085.74,合理诉求
3031,377.13,1188.3,-811.17,合理诉求
3032,259.99,469.87,-209.88,合理诉求
3033,112.62,813.75,-701.13,诉求偏高
3034,90.95,144.04,-53.08999999999999,合理诉求
3035,71.93,208.17,-136.23999999999998,合理诉求
3036,780.75,1229.22,-448.47,合理诉求
3037,54.34,164.43,-110.09,合理诉求
3038,510.86,1569.3,-1058.44,合理诉求
3039,1087.12,4664.82,-3577.7,严重超额
3040,132.46,145.7,-13.23999999999998,合理诉求
3041,41.48,165.59,-124.11,合理诉求
3042,23.16,227.0,-203.84,合理诉求
3043,460.65,1331.15,-870.5000000000001,合理诉求
3044,123.8,234.16,-110.36,合理诉求
3045,258.38,322.49,-64.11000000000001,合理诉求
3046,78.99,133.8,-54.81000000000002,合理诉求
3047,299.06,688.88,-389.82,合理诉求
3048,390.03,643.97,-253.94000000000003,合理诉求
3049,149.5,256.89,-107.39,合理诉求
3050,52.42,149.33,-96.91,合理诉求
3051,92.02,294.95,-202.93,合理诉求
3052,27.67,408.03,-380.36,诉求偏高
3053,729.62,2260.99,-1531.37,合理诉求
3054,172.12,578.94,-406.8200000000001,合理诉求
3055,90.29,947.0,-856.71,诉求偏高
3056,31.45,100.17,-68.72,合理诉求
3057,391.28,1310.23,-918.95,合理诉求
3058,665.2,1509.25,-844.05,合理诉求
3059,626.99,906.05,-279.05999999999995,合理诉求
3060,154.01,1340.23,-1186.22,诉求偏高
3061,958.92,1291.78,-332.86,合理诉求
3062,588.19,1235.74,-647.55,合理诉求
3063,18.44,568.16,-549.7199999999999,诉求偏高
3064,61.74,101.76,-40.02,合理诉求
3065,413.81,753.58,-339.77000000000004,合理诉求
3066,634.44,1196.28,-561.8399999999999,合理诉求
3067,23.64,111.85,-88.21,合理诉求
3068,142.23,784.4,-642.17,诉求偏高
3069,182.15,545.11,-362.96,合理诉求
3070,467.94,1395.14,-927.2,合理诉求
3071,187.69,511.57,-323.88,合理诉求
3072,187.92,495.88,-307.96000000000004,合理诉求
3073,315.04,895.86,-580.8199999999999,合理诉求
3074,129.21,316.2,-186.99,合理诉求
3075,291.66,2152.15,-1860.49,诉求偏高
3076,192.28,1150.94,-958.66,诉求偏高
3077,93.96,115.71,-21.75,合理诉求
3078,126.01,150.16,-24.14999999999999,合理诉求
3079,45.3,126.4,-81.10000000000001,合理诉求
3080,189.27,463.99,-274.72,合理诉求
3081,292.2,367.32,-75.12,合理诉求
3082,141.24,229.99,-88.75,合理诉求
3083,63.75,167.3,-103.55,合理诉求
3084,13.88,100.94,-87.06,合理诉求
3085,194.93,1595.27,-1400.34,诉求偏高
3086,308.64,665.83,-357.19000000000005,合理诉求
3087,573.75,663.13,-89.38,合理诉求
3088,96.32,412.41,-316.09000000000003,合理诉求
3089,88.46,266.06,-177.60000000000002,合理诉求
3090,658.73,966.54,-307.80999999999995,合理诉求
3091,97.4,194.15,-96.75,合理诉求
3092,163.56,733.05,-569.49,合理诉求
3093,161.85,684.18,-522.3299999999999,合理诉求
3094,91.14,217.14,-126.0,合理诉求
3095,496.12,3111.83,-2615.71,诉求偏高
3096,1269.19,5407.0,-4137.81,严重超额
3097,656.57,893.68,-237.1099999999999,合理诉求
3098,22.87,231.18,-208.31,合理诉求
3099,778.09,1295.99,-517.9,合理诉求
3100,564.51,1055.43,-490.9200000000001,合理诉求
3101,766.65,1400.45,-633.8000000000001,合理诉求
3102,1707.08,2323.66,-616.5799999999999,合理诉求
3103,377.0,2245.81,-1868.81,诉求偏高
3104,120.2,323.8,-203.6,合理诉求
3105,142.96,283.64,-140.67999999999998,合理诉求
3106,369.69,877.82,-508.13000000000005,合理诉求
3107,888.38,3796.53,-2908.15,诉求偏高
3108,210.42,289.03,-78.60999999999999,合理诉求
3109,20.32,139.22,-118.9,合理诉求
3110,86.09,144.32,-58.22999999999999,合理诉求
3111,360.43,571.2,-210.77000000000004,合理诉求
3112,52.58,182.04,-129.45999999999998,合理诉求
3113,367.87,1022.26,-654.39,合理诉求
3114,96.08,211.53,-115.45,合理诉求
3115,2.47,100.13,-97.66,合理诉求
3116,279.61,322.22,-42.610000000000014,合理诉求
3117,29.49,108.4,-78.91000000000001,合理诉求
3118,438.23,2363.04,-1924.81,诉求偏高
3119,18.98,103.54,-84.56,合理诉求
3120,198.27,599.37,-401.1,合理诉求
3121,7.55,158.44,-150.89,合理诉求
3122,1296.76,3593.44,-2296.6800000000003,诉求偏高
3123,256.72,942.52,-685.8,合理诉求
3124,119.82,235.91,-116.09,合理诉求
3125,255.83,352.9,-97.06999999999996,合理诉求
3126,277.87,924.33,-646.46,合理诉求
3127,78.25,115.07,-36.81999999999999,合理诉求
3128,7.5,139.32,-131.82,合理诉求
3129,359.33,723.67,-364.34,合理诉求
3130,155.44,698.94,-543.5,合理诉求
3131,265.0,965.68,-700.68,合理诉求
3132,59.2,761.39,-702.1899999999999,诉求偏高
3133,52.14,561.2,-509.06000000000006,诉求偏高
3134,85.09,553.53,-468.44,合理诉求
3135,491.05,521.5,-30.44999999999999,合理诉求
3136,147.21,179.49,-32.28,合理诉求
3137,123.6,555.46,-431.86,合理诉求
3138,14.14,159.03,-144.89,合理诉求
3139,1053.82,2848.4,-1794.5800000000002,合理诉求
3140,98.84,209.27,-110.43,合理诉求
3141,45.86,251.47,-205.61,合理诉求
3142,296.86,340.17,-43.31,合理诉求
3143,515.51,1936.88,-1421.37,合理诉求
3144,129.05,1160.73,-1031.68,诉求偏高
3145,241.45,258.56,-17.110000000000014,合理诉求
3146,970.02,3470.74,-2500.72,诉求偏高
3147,86.87,392.8,-305.93,合理诉求
3148,24.25,115.95,-91.7,合理诉求
3149,106.01,122.29,-16.28,合理诉求
3150,35.36,188.24,-152.88,合理诉求
3151,429.64,1059.78,-630.14,合理诉求
3152,408.64,1126.83,-718.1899999999999,合理诉求
3153,176.77,496.39,-319.62,合理诉求
3154,247.97,488.4,-240.43,合理诉求
3155,51.67,875.97,-824.3000000000001,严重超额
3156,779.41,1192.86,-413.44999999999993,合理诉求
3157,321.51,773.58,-452.0700000000001,合理诉求
3158,127.35,164.67,-37.31999999999999,合理诉求
3159,258.85,1243.71,-984.86,诉求偏高
3160,322.16,555.26,-233.1,合理诉求
3161,246.03,555.42,-309.39,合理诉求
3162,188.92,315.96,-127.04,合理诉求
3163,471.07,1443.57,-972.5,合理诉求
3164,327.31,432.05,-104.74,合理诉求
3165,127.39,502.86,-375.47,合理诉求
3166,478.43,694.78,-216.35,合理诉求
3167,75.36,159.41,-84.05,合理诉求
3168,64.23,682.44,-618.21,诉求偏高
3169,535.17,942.01,-406.84,合理诉求
3170,320.58,754.29,-433.71,合理诉求
3171,71.1,943.98,-872.88,严重超额
3172,159.21,520.82,-361.61,合理诉求
3173,220.55,589.21,-368.66,合理诉求
3174,103.04,549.72,-446.68,合理诉求
3175,51.89,139.36,-87.47000000000001,合理诉求
3176,69.13,392.85,-323.72,合理诉求
3177,521.72,1226.92,-705.2,合理诉求
3178,69.81,111.42,-41.61,合理诉求
3179,77.68,282.59,-204.91,合理诉求
3180,170.74,296.32,-125.57999999999998,合理诉求
3181,65.76,144.65,-78.89,合理诉求
3182,338.74,567.71,-228.97000000000003,合理诉求
3183,704.19,1502.6,-798.4099999999999,合理诉求
3184,74.73,108.41,-33.67999999999999,合理诉求
3185,184.64,315.49,-130.85000000000002,合理诉求
3186,226.42,841.86,-615.44,合理诉求
3187,10.61,119.57,-108.96,合理诉求
3188,24.37,167.64,-143.26999999999998,合理诉求
3189,155.25,350.15,-194.9,合理诉求
3190,102.72,282.73,-180.01000000000002,合理诉求
3191,13.16,113.24,-100.08,合理诉求
3192,42.72,164.64,-121.92,合理诉求
3193,87.12,161.99,-74.87,合理诉求
3194,79.5,174.99,-95.49,合理诉求
3195,84.8,332.73,-247.93,合理诉求
3196,122.69,1467.91,-1345.22,严重超额
3197,447.22,788.07,-340.85,合理诉求
3198,43.68,143.75,-100.07,合理诉求
3199,576.01,2086.43,-1510.4199999999998,合理诉求
3200,191.52,670.15,-478.63,合理诉求
3201,510.5,1735.55,-1225.05,合理诉求
3202,25.73,155.54,-129.81,合理诉求
3203,230.93,931.8,-700.8699999999999,合理诉求
3204,139.68,188.39,-48.70999999999998,合理诉求
3205,128.17,314.38,-186.21,合理诉求
3206,138.68,190.0,-51.31999999999999,合理诉求
3207,51.11,766.6,-715.49,诉求偏高
3208,26.28,105.32,-79.03999999999999,合理诉求
3209,952.18,2559.81,-1607.63,合理诉求
3210,243.89,571.13,-327.24,合理诉求
3211,137.71,143.64,-5.929999999999978,合理诉求
3212,155.45,293.55,-138.10000000000002,合理诉求
3213,198.11,1046.59,-848.4799999999999,诉求偏高
3214,609.96,2147.43,-1537.4699999999998,合理诉求
3215,636.58,717.51,-80.92999999999995,合理诉求
3216,62.38,309.24,-246.86,合理诉求
3217,389.34,1891.65,-1502.3100000000002,诉求偏高
3218,63.35,105.64,-42.29,合理诉求
3219,250.57,342.29,-91.72000000000004,合理诉求
3220,122.19,1143.46,-1021.27,诉求偏高
3221,368.19,497.39,-129.2,合理诉求
3222,1321.76,3462.59,-2140.83,诉求偏高
3223,114.11,312.98,-198.87,合理诉求
3224,61.3,105.31,-44.010000000000005,合理诉求
3225,106.51,301.99,-195.48,合理诉求
3226,400.29,1463.11,-1062.82,合理诉求
3227,1148.43,2336.36,-1187.93,合理诉求
3228,120.22,644.69,-524.47,合理诉求
3229,20.19,209.91,-189.72,合理诉求
3230,315.21,642.05,-326.84,合理诉求
3231,91.32,102.89,-11.570000000000007,合理诉求
3232,281.54,992.83,-711.29,合理诉求
3233,191.07,335.17,-144.10000000000002,合理诉求
3234,39.62,388.77,-349.15,诉求偏高
3235,346.22,592.89,-246.67,合理诉求
3236,102.95,115.37,-12.420000000000002,合理诉求
3237,58.97,118.32,-59.35,合理诉求
3238,284.14,308.91,-24.77000000000004,合理诉求
3239,533.68,668.4,-134.72000000000003,合理诉求
3240,147.09,424.36,-277.27,合理诉求
3241,84.13,306.11,-221.98,合理诉求
3242,55.47,259.12,-203.65,合理诉求
3243,465.54,1649.94,-1184.4,诉求偏高
3244,197.84,429.9,-232.06,合理诉求
3245,33.54,151.6,-118.06,合理诉求
3246,317.39,991.15,-673.76,合理诉求
3247,54.8,270.08,-215.28,合理诉求
3248,484.17,1164.57,-680.3999999999999,合理诉求
3249,33.61,146.89,-113.28,合理诉求
3250,161.48,175.52,-14.04000000000002,合理诉求
3251,252.39,267.68,-15.29000000000002,合理诉求
3252,1353.83,3202.6,-1848.77,合理诉求
3253,107.5,180.89,-73.38999999999999,合理诉求
3254,132.13,138.18,-6.050000000000011,合理诉求
3255,131.18,696.12,-564.94,合理诉求
3256,320.58,629.48,-308.90000000000003,合理诉求
3257,227.3,656.65,-429.35,合理诉求
3258,476.28,1046.96,-570.6800000000001,合理诉求
3259,9.08,100.59,-91.51,合理诉求
3260,739.21,4068.44,-3329.23,诉求偏高
3261,325.94,907.42,-581.48,合理诉求
3262,42.85,133.74,-90.89,合理诉求
3263,146.83,168.16,-21.329999999999984,合理诉求
3264,445.89,969.89,-524.0,合理诉求
3265,156.21,468.3,-312.09000000000003,合理诉求
3266,164.51,408.41,-243.90000000000003,合理诉求
3267,783.99,2247.97,-1463.9799999999998,合理诉求
3268,785.0,1374.73,-589.73,合理诉求
3269,221.78,573.95,-352.1700000000001,合理诉求
3270,43.37,244.61,-201.24,合理诉求
3271,74.83,114.15,-39.32000000000001,合理诉求
3272,166.52,1854.46,-1687.94,诉求偏高
3273,248.08,600.02,-351.93999999999994,合理诉求
3274,27.51,172.58,-145.07000000000002,合理诉求
3275,560.72,1196.06,-635.3399999999999,合理诉求
3276,116.02,332.4,-216.38,合理诉求
3277,46.26,204.06,-157.8,合理诉求
3278,76.92,102.47,-25.55,合理诉求
3279,630.78,995.69,-364.9100000000001,合理诉求
3280,375.79,555.01,-179.21999999999997,合理诉求
3281,105.12,217.33,-112.21,合理诉求
3282,43.54,229.43,-185.89,合理诉求
3283,184.88,842.67,-657.79,合理诉求
3284,747.76,2949.64,-2201.88,诉求偏高
3285,71.3,560.16,-488.86,诉求偏高
3286,222.86,521.58,-298.72,合理诉求
3287,361.68,1500.62,-1138.9399999999998,诉求偏高
3288,57.22,122.78,-65.56,合理诉求
3289,478.84,1661.02,-1182.18,合理诉求
3290,70.88,248.25,-177.37,合理诉求
3291,213.36,1742.81,-1529.4499999999998,诉求偏高
3292,358.3,980.08,-621.78,合理诉求
3293,303.52,438.81,-135.29000000000002,合理诉求
3294,199.01,805.19,-606.1800000000001,合理诉求
3295,32.78,153.55,-120.77,合理诉求
3296,5.74,104.52,-98.78,合理诉求
3297,55.55,783.76,-728.21,诉求偏高
3298,836.48,2152.03,-1315.5500000000002,合理诉求
3299,130.82,301.95,-171.13,合理诉求
3300,76.94,123.74,-46.8,合理诉求
3301,1257.32,1355.07,-97.75,合理诉求
3302,216.15,1773.21,-1557.06,诉求偏高
3303,268.02,547.41,-279.39,合理诉求
3304,153.78,1012.06,-858.28,诉求偏高
3305,37.99,160.78,-122.79,合理诉求
3306,98.45,292.2,-193.75,合理诉求
3307,6.59,140.01,-133.42,合理诉求
3308,83.77,275.48,-191.71000000000004,合理诉求
3309,66.3,146.78,-80.48,合理诉求
3310,140.64,353.46,-212.82,合理诉求
3311,364.97,675.57,-310.6,合理诉求
3312,1073.61,2241.5,-1167.89,合理诉求
3313,31.22,134.81,-103.59,合理诉求
3314,216.18,883.47,-667.29,合理诉求
3315,322.78,748.88,-426.1,合理诉求
3316,60.65,291.25,-230.6,合理诉求
3317,116.21,179.99,-63.780000000000015,合理诉求
3318,75.5,226.18,-150.68,合理诉求
3319,73.56,127.16,-53.6,合理诉求
3320,176.56,1785.2,-1608.64,诉求偏高
3321,222.12,671.9,-449.78,合理诉求
3322,38.6,113.8,-75.19999999999999,合理诉求
3323,604.49,1168.87,-564.3799999999999,合理诉求
3324,437.33,2864.0,-2426.67,严重超额
3325,375.62,1412.09,-1036.4699999999998,合理诉求
3326,201.97,891.37,-689.4,合理诉求
3327,664.93,1515.26,-850.33,合理诉求
3328,538.76,946.72,-407.96,合理诉求
3329,152.92,325.66,-172.74000000000004,合理诉求
3330,1055.31,1607.75,-552.44,合理诉求
3331,411.74,1309.45,-897.71,合理诉求
3332,290.47,791.67,-501.19999999999993,合理诉求
3333,329.66,971.11,-641.45,合理诉求
3334,10.21,105.79,-95.58,合理诉求
3335,881.92,3285.65,-2403.73,诉求偏高
3336,959.03,1775.66,-816.6300000000001,合理诉求
3337,570.27,2361.14,-1790.87,合理诉求
3338,133.0,220.91,-87.91,合理诉求
3339,131.48,429.39,-297.91,合理诉求
3340,13.84,115.99,-102.15,合理诉求
3341,54.15,125.84,-71.69,合理诉求
3342,372.07,766.4,-394.33,合理诉求
3343,59.78,162.83,-103.05,合理诉求
3344,563.01,879.11,-316.1,合理诉求
3345,811.09,857.42,-46.32999999999993,合理诉求
3346,70.43,281.28,-210.85,合理诉求
3347,72.27,597.88,-525.61,合理诉求
3348,176.34,1362.39,-1186.0500000000002,诉求偏高
3349,236.82,717.99,-481.17,合理诉求
3350,238.08,1434.97,-1196.89,诉求偏高
3351,271.67,698.45,-426.78,合理诉求
3352,410.65,2629.14,-2218.49,诉求偏高
3353,121.07,164.44,-43.370000000000005,合理诉求
3354,302.72,871.71,-568.99,合理诉求
3355,26.2,121.1,-94.9,合理诉求
3356,72.9,166.62,-93.72,合理诉求
3357,237.01,324.83,-87.82,合理诉求
3358,8.87,111.69,-102.82,合理诉求
3359,153.95,1043.47,-889.52,诉求偏高
3360,660.52,701.18,-40.65999999999997,合理诉求
3361,244.72,1090.99,-846.27,诉求偏高
3362,742.5,896.36,-153.86,合理诉求
3363,1206.53,4920.8,-3714.27,严重超额
3364,121.04,325.82,-204.78,合理诉求
3365,193.95,238.95,-45.0,合理诉求
3366,45.11,153.84,-108.73,合理诉求
3367,1188.87,2619.3,-1430.4300000000003,合理诉求
3368,1075.63,1169.78,-94.14999999999986,合理诉求
3369,30.59,121.59,-91.0,合理诉求
3370,45.38,178.44,-133.06,合理诉求
3371,379.31,1528.27,-1148.96,诉求偏高
3372,37.14,106.98,-69.84,合理诉求
3373,774.98,1452.91,-677.9300000000001,合理诉求
3374,628.38,1495.4,-867.0200000000001,合理诉求
3375,35.48,146.19,-110.71,合理诉求
3376,498.39,808.52,-310.13,合理诉求
3377,211.74,441.21,-229.47,合理诉求
3378,537.75,884.41,-346.66,合理诉求
3379,24.45,104.75,-80.3,合理诉求
3380,124.97,1609.52,-1484.55,严重超额
3381,171.11,643.67,-472.56,合理诉求
3382,188.28,295.66,-107.38000000000002,合理诉求
3383,655.89,1765.83,-1109.94,合理诉求
3384,171.96,466.19,-294.23,合理诉求
3385,102.97,520.69,-417.72,合理诉求
3386,216.31,240.15,-23.840000000000003,合理诉求
3387,661.32,801.13,-139.80999999999997,合理诉求
3388,18.8,294.28,-275.48,合理诉求
3389,43.25,101.53,-58.28,合理诉求
3390,385.54,794.17,-408.63,合理诉求
3391,655.63,3495.95,-2840.32,诉求偏高
3392,481.45,2143.77,-1662.32,合理诉求
3393,348.33,897.54,-549.21,合理诉求
3394,74.84,167.64,-92.79999999999998,合理诉求
3395,60.34,317.74,-257.4,合理诉求
3396,175.72,379.86,-204.14,合理诉求
3397,735.5,2203.06,-1467.56,合理诉求
3398,88.37,480.56,-392.19,合理诉求
3399,153.75,185.62,-31.870000000000005,合理诉求
3400,856.3,2626.29,-1769.99,合理诉求
3401,384.76,435.24,-50.48000000000002,合理诉求
3402,331.79,1015.73,-683.94,合理诉求
3403,155.15,571.92,-416.77,合理诉求
3404,477.67,527.91,-50.23999999999995,合理诉求
3405,256.38,558.5,-302.12,合理诉求
3406,785.28,2305.14,-1519.86,合理诉求
3407,631.44,1133.44,-502.0,合理诉求
3408,748.72,1975.17,-1226.45,合理诉求
3409,710.34,1971.02,-1260.6799999999998,合理诉求
3410,171.54,196.87,-25.330000000000013,合理诉求
3411,596.33,2128.77,-1532.44,合理诉求
3412,123.5,144.35,-20.849999999999994,合理诉求
3413,325.1,1112.77,-787.67,合理诉求
3414,454.06,1234.11,-780.05,合理诉求
3415,51.86,121.21,-69.35,合理诉求
3416,303.66,378.63,-74.96999999999997,合理诉求
3417,64.57,577.9,-513.3299999999999,诉求偏高
3418,82.48,190.84,-108.36,合理诉求
3419,172.85,207.02,-34.170000000000016,合理诉求
3420,53.17,267.89,-214.72,合理诉求
3421,43.08,116.39,-73.31,合理诉求
3422,90.04,453.57,-363.53,合理诉求
3423,450.55,1136.33,-685.78,合理诉求
3424,287.79,1738.3,-1450.51,诉求偏高
3425,209.28,828.71,-619.4300000000001,合理诉求
3426,351.49,777.51,-426.02,合理诉求
3427,9.92,100.23,-90.31,合理诉求
3428,134.59,403.01,-268.42,合理诉求
3429,169.06,1065.43,-896.3700000000001,诉求偏高
3430,33.53,357.43,-323.9,合理诉求
3431,674.66,1256.07,-581.41,合理诉求
3432,231.61,451.24,-219.63,合理诉求
3433,109.31,289.32,-180.01,合理诉求
3434,8.03,119.13,-111.1,合理诉求
3435,87.62,120.54,-32.92,合理诉求
3436,481.89,833.43,-351.54,合理诉求
3437,282.08,308.11,-26.03000000000003,合理诉求
3438,12.97,113.34,-100.37,合理诉求
3439,59.13,728.38,-669.25,诉求偏高
3440,362.57,1849.7,-1487.13,诉求偏高
3441,176.47,376.35,-199.88,合理诉求
3442,944.75,2208.45,-1263.6999999999998,合理诉求
3443,239.97,475.56,-235.59,合理诉求
3444,101.05,319.52,-218.47,合理诉求
3445,223.09,238.0,-14.909999999999997,合理诉求
3446,197.8,360.46,-162.65999999999997,合理诉求
3447,811.81,2461.87,-1650.06,合理诉求
3448,29.2,556.98,-527.78,诉求偏高
3449,259.38,620.73,-361.35,合理诉求
3450,220.89,902.23,-681.34,合理诉求
3451,540.26,840.95,-300.69000000000005,合理诉求
3452,241.66,610.06,-368.4,合理诉求
3453,318.89,607.44,-288.55000000000007,合理诉求
3454,840.1,1029.37,-189.26999999999987,合理诉求
3455,510.35,1274.28,-763.93,合理诉求
3456,851.4,3262.19,-2410.79,诉求偏高
3457,1099.67,3592.26,-2492.59,诉求偏高
3458,407.09,515.32,-108.23000000000008,合理诉求
3459,156.05,177.78,-21.72999999999999,合理诉求
3460,104.04,142.27,-38.23,合理诉求
3461,170.47,230.32,-59.85,合理诉求
3462,479.84,1610.92,-1131.0800000000002,合理诉求
3463,430.62,587.6,-156.98000000000002,合理诉求
3464,41.09,489.43,-448.34,诉求偏高
3465,4.43,118.65,-114.22,合理诉求
3466,193.79,1080.93,-887.1400000000001,诉求偏高
3467,361.06,381.81,-20.75,合理诉求
3468,131.06,576.98,-445.92,合理诉求
3469,513.0,1166.53,-653.53,合理诉求
3470,445.91,540.6,-94.69,合理诉求
3471,79.01,665.17,-586.16,诉求偏高
3472,444.12,3059.31,-2615.19,严重超额
3473,77.0,542.45,-465.4500000000001,合理诉求
3474,769.36,2092.69,-1323.33,合理诉求
3475,559.9,1466.89,-906.99,合理诉求
3476,804.61,2690.38,-1885.77,合理诉求
3477,135.25,176.3,-41.05000000000001,合理诉求
3478,115.81,164.54,-48.72999999999999,合理诉求
3479,1136.03,3610.05,-2474.0200000000004,诉求偏高
3480,386.45,387.98,-1.5300000000000296,合理诉求
3481,184.99,319.06,-134.07,合理诉求
3482,389.34,1305.79,-916.45,合理诉求
3483,221.88,1452.19,-1230.31,诉求偏高
3484,4.88,103.65,-98.77,合理诉求
3485,247.57,729.87,-482.3,合理诉求
3486,470.09,1023.34,-553.25,合理诉求
3487,618.69,2082.04,-1463.35,合理诉求
3488,88.82,174.21,-85.39000000000001,合理诉求
3489,32.11,181.78,-149.67000000000002,合理诉求
3490,372.82,440.01,-67.19,合理诉求
3491,512.54,712.73,-200.19000000000003,合理诉求
3492,564.95,2231.28,-1666.3300000000002,合理诉求
3493,380.11,1797.08,-1416.9699999999998,诉求偏高
3494,719.91,1430.9,-710.9900000000001,合理诉求
3495,180.5,259.65,-79.14999999999998,合理诉求
3496,151.87,598.87,-447.0,合理诉求
3497,42.89,100.2,-57.31,合理诉求
3498,335.61,1459.54,-1123.9299999999998,诉求偏高
3499,44.62,152.08,-107.46,合理诉求
3500,252.22,415.62,-163.4,合理诉求
3501,262.16,734.23,-472.07,合理诉求
3502,145.57,857.98,-712.4100000000001,诉求偏高
3503,49.01,153.82,-104.81,合理诉求
3504,540.71,1797.17,-1256.46,合理诉求
3505,35.92,143.43,-107.51,合理诉求
3506,141.9,373.48,-231.58,合理诉求
3507,291.24,320.34,-29.09999999999997,合理诉求
3508,258.42,561.72,-303.3,合理诉求
3509,102.21,564.1,-461.89,合理诉求
3510,33.61,369.6,-335.99,合理诉求
3511,40.42,260.86,-220.44,合理诉求
3512,60.36,261.64,-201.28,合理诉求
3513,278.24,509.08,-230.84,合理诉求
3514,38.37,264.74,-226.37,合理诉求
3515,73.15,100.86,-27.709999999999997,合理诉求
3516,292.04,1796.49,-1504.45,诉求偏高
3517,843.82,3551.56,-2707.74,诉求偏高
3518,130.18,607.92,-477.74,合理诉求
3519,781.44,1706.84,-925.4,合理诉求
3520,145.59,430.14,-284.54999999999995,合理诉求
3521,236.73,355.1,-118.37000000000003,合理诉求
3522,132.41,193.59,-61.18000000000001,合理诉求
3523,144.37,334.73,-190.36,合理诉求
3524,174.72,178.32,-3.5999999999999943,合理诉求
3525,216.48,614.91,-398.43,合理诉求
3526,718.76,1399.31,-680.55,合理诉求
3527,77.27,1350.55,-1273.28,严重超额
3528,91.29,118.53,-27.239999999999995,合理诉求
3529,626.03,1416.54,-790.51,合理诉求
3530,107.9,110.24,-2.339999999999989,合理诉求
3531,9.54,105.69,-96.15,合理诉求
3532,352.27,1443.65,-1091.38,诉求偏高
3533,407.93,1979.38,-1571.45,诉求偏高
3534,161.77,272.01,-110.23999999999998,合理诉求
3535,54.53,179.28,-124.75,合理诉求
3536,485.17,706.26,-221.09,合理诉求
3537,1.2,101.49,-100.29,合理诉求
3538,75.01,203.99,-128.98000000000002,合理诉求
3539,108.49,378.84,-270.35,合理诉求
3540,833.83,2440.5,-1606.67,合理诉求
3541,374.66,1241.57,-866.9099999999999,合理诉求
3542,115.61,199.58,-83.97000000000001,合理诉求
3543,239.3,256.11,-16.810000000000002,合理诉求
3544,398.92,772.61,-373.69,合理诉求
3545,907.15,2459.71,-1552.56,合理诉求
3546,844.34,2013.25,-1168.91,合理诉求
3547,238.15,1295.2,-1057.05,诉求偏高
3548,561.48,581.41,-19.92999999999995,合理诉求
3549,505.71,1415.93,-910.22,合理诉求
3550,128.07,410.62,-282.55,合理诉求
3551,428.56,1101.8,-673.24,合理诉求
3552,284.23,617.82,-333.59000000000003,合理诉求
3553,81.25,167.2,-85.94999999999999,合理诉求
3554,556.84,1526.39,-969.55,合理诉求
3555,10.94,103.4,-92.46,合理诉求
3556,15.35,132.93,-117.58,合理诉求
3557,235.14,495.68,-260.54,合理诉求
3558,111.16,450.52,-339.36,合理诉求
3559,57.71,1113.4,-1055.69,严重超额
3560,657.56,1708.27,-1050.71,合理诉求
3561,11.4,116.44,-105.04,合理诉求
3562,161.53,169.36,-7.8300000000000125,合理诉求
3563,330.86,686.73,-355.87,合理诉求
3564,752.43,1891.46,-1139.0300000000002,合理诉求
3565,900.94,1585.94,-685.0,合理诉求
3566,60.54,597.67,-537.13,诉求偏高
3567,9.11,188.27,-179.16000000000005,合理诉求
3568,570.74,1088.22,-517.48,合理诉求
3569,4.71,100.85,-96.14,合理诉求
3570,808.87,4207.48,-3398.61,诉求偏高
3571,307.97,828.91,-520.9399999999999,合理诉求
3572,192.88,268.58,-75.69999999999999,合理诉求
3573,215.23,410.77,-195.54,合理诉求
3574,72.72,516.43,-443.7099999999999,合理诉求
3575,103.76,278.35,-174.59000000000003,合理诉求
3576,233.31,310.21,-76.89999999999998,合理诉求
3577,445.87,4150.42,-3704.55,严重超额
3578,259.1,1710.15,-1451.0500000000002,诉求偏高
3579,458.14,1089.07,-630.93,合理诉求
3580,205.32,560.5,-355.18,合理诉求
3581,381.35,1959.31,-1577.96,诉求偏高
3582,282.63,1003.74,-721.11,合理诉求
3583,321.26,687.72,-366.46,合理诉求
3584,78.36,102.44,-24.08,合理诉求
3585,281.39,491.3,-209.91000000000005,合理诉求
3586,30.12,261.45,-231.33,合理诉求
3587,713.34,1943.71,-1230.37,合理诉求
3588,46.35,108.16,-61.81,合理诉求
3589,312.78,334.54,-21.760000000000048,合理诉求
3590,237.33,834.69,-597.36,合理诉求
3591,225.12,465.55,-240.43,合理诉求
3592,392.82,585.91,-193.09,合理诉求
3593,31.52,100.83,-69.31,合理诉求
3594,78.44,298.27,-219.83,合理诉求
3595,214.94,1009.46,-794.52,合理诉求
3596,620.64,1648.83,-1028.19,合理诉求
3597,20.57,211.12,-190.55,合理诉求
3598,1099.3,4131.35,-3032.05,诉求偏高
3599,1.91,101.02,-99.11,合理诉求
3600,230.31,813.71,-583.4000000000001,合理诉求
3601,17.54,105.52,-87.97999999999999,合理诉求
3602,139.24,234.1,-94.86,合理诉求
3603,299.51,437.7,-138.19,合理诉求
3604,290.4,875.82,-585.4200000000001,合理诉求
3605,282.97,815.7,-532.73,合理诉求
3606,242.06,881.94,-639.8800000000001,合理诉求
3607,37.05,217.04,-179.99,合理诉求
3608,573.46,1844.91,-1271.45,合理诉求
3609,461.7,1491.52,-1029.82,合理诉求
3610,226.58,550.08,-323.5,合理诉求
3611,908.24,2718.72,-1810.48,合理诉求
3612,142.02,355.44,-213.42,合理诉求
3613,127.43,328.36,-200.93,合理诉求
3614,429.04,871.15,-442.11,合理诉求
3615,864.94,2429.01,-1564.0700000000002,合理诉求
3616,276.36,1250.71,-974.35,合理诉求
3617,133.23,527.59,-394.36,合理诉求
3618,112.5,649.86,-537.36,合理诉求
3619,180.26,230.3,-50.04000000000002,合理诉求
3620,277.28,416.91,-139.63000000000005,合理诉求
3621,322.56,1176.56,-854.0,合理诉求
3622,578.24,1101.06,-522.8199999999999,合理诉求
3623,252.16,415.15,-162.98999999999998,合理诉求
3624,548.37,646.16,-97.78999999999996,合理诉求
3625,4.19,158.96,-154.77,合理诉求
3626,24.92,114.26,-89.34,合理诉求
3627,199.05,647.39,-448.34,合理诉求
3628,434.96,921.59,-486.63000000000005,合理诉求
3629,123.11,172.43,-49.32000000000001,合理诉求
3630,220.1,560.65,-340.54999999999995,合理诉求
3631,431.2,598.28,-167.07999999999998,合理诉求
3632,155.17,517.16,-361.99,合理诉求
3633,1032.15,5495.73,-4463.58,严重超额
3634,109.74,249.87,-140.13,合理诉求
3635,33.62,118.62,-85.0,合理诉求
3636,23.43,110.55,-87.12,合理诉求
3637,154.43,951.83,-797.4000000000001,合理诉求
3638,399.38,719.19,-319.81000000000006,合理诉求
3639,705.94,3225.32,-2519.38,诉求偏高
3640,996.52,996.6,-0.0800000000000409,合理诉求
3641,152.65,713.05,-560.4,合理诉求
3642,343.76,839.05,-495.29,合理诉求
3643,151.15,321.6,-170.45000000000002,合理诉求
3644,176.05,222.83,-46.78,合理诉求
3645,85.6,457.29,-371.69000000000005,合理诉求
3646,186.41,203.4,-16.99000000000001,合理诉求
3647,580.26,615.74,-35.48000000000002,合理诉求
3648,659.41,2781.47,-2122.06,合理诉求
3649,749.58,793.84,-44.25999999999999,合理诉求
3650,677.97,3653.91,-2975.94,诉求偏高
3651,289.22,312.04,-22.819999999999997,合理诉求
3652,106.92,169.66,-62.74,合理诉求
3653,563.35,1326.41,-763.0600000000001,合理诉求
3654,93.19,454.93,-361.74,合理诉求
3655,392.61,1411.66,-1019.05,合理诉求
3656,771.21,4298.8,-3527.59,严重超额
3657,610.12,1912.27,-1302.15,合理诉求
3658,1075.25,1298.04,-222.79,合理诉求
3659,448.54,2899.23,-2450.69,严重超额
3660,336.47,790.74,-454.27,合理诉求
3661,257.28,907.57,-650.2900000000001,合理诉求
3662,20.48,395.5,-375.02,诉求偏高
3663,100.64,170.17,-69.52999999999999,合理诉求
3664,43.0,100.21,-57.21,合理诉求
3665,92.54,267.67,-175.13,合理诉求
3666,492.78,844.44,-351.6600000000001,合理诉求
3667,304.25,1191.06,-886.81,合理诉求
3668,333.35,1474.09,-1140.7399999999998,诉求偏高
3669,167.61,799.94,-632.33,合理诉求
3670,185.49,1124.97,-939.48,诉求偏高
3671,393.34,1282.88,-889.5400000000002,合理诉求
3672,450.37,1239.24,-788.87,合理诉求
3673,670.22,1421.72,-751.5,合理诉求
3674,158.99,401.0,-242.01,合理诉求
3675,139.66,287.8,-148.14,合理诉求
3676,268.29,1885.09,-1616.8,诉求偏高
3677,817.22,3174.48,-2357.26,诉求偏高
3678,62.03,103.03,-41.0,合理诉求
3679,155.7,668.7,-513.0,合理诉求
3680,794.36,1506.38,-712.0200000000001,合理诉求
3681,42.34,511.59,-469.25,诉求偏高
3682,430.22,555.02,-124.79999999999995,合理诉求
3683,183.91,1425.61,-1241.6999999999998,诉求偏高
3684,259.7,1146.32,-886.6199999999999,诉求偏高
3685,384.49,571.01,-186.52,合理诉求
3686,276.41,613.86,-337.45,合理诉求
3687,243.67,411.99,-168.32000000000002,合理诉求
3688,79.38,285.45,-206.07,合理诉求
3689,72.77,175.52,-102.75,合理诉求
3690,362.36,1389.5,-1027.14,合理诉求
3691,115.34,210.71,-95.37,合理诉求
3692,307.35,2122.36,-1815.01,诉求偏高
3693,178.48,663.82,-485.34,合理诉求
3694,76.36,122.93,-46.57000000000001,合理诉求
3695,113.09,172.07,-58.97999999999999,合理诉求
3696,482.32,1183.29,-700.97,合理诉求
3697,180.93,390.35,-209.42,合理诉求
3698,168.54,2271.1,-2102.56,严重超额
3699,126.32,489.55,-363.23,合理诉求
3700,1661.19,3709.03,-2047.84,合理诉求
3701,85.35,150.95,-65.6,合理诉求
3702,547.61,748.67,-201.05999999999997,合理诉求
3703,171.47,199.8,-28.330000000000013,合理诉求
3704,732.58,2143.22,-1410.64,合理诉求
3705,20.0,111.93,-91.93,合理诉求
3706,80.99,693.68,-612.6899999999999,诉求偏高
3707,198.04,1149.52,-951.48,诉求偏高
3708,62.05,211.28,-149.23000000000002,合理诉求
3709,543.18,1622.08,-1078.9,合理诉求
3710,398.31,736.17,-337.86,合理诉求
3711,16.67,143.08,-126.41,合理诉求
3712,50.76,125.1,-74.34,合理诉求
3713,293.17,1160.0,-866.8299999999999,合理诉求
3714,86.87,253.8,-166.93,合理诉求
3715,96.16,114.11,-17.950000000000003,合理诉求
3716,874.25,1432.38,-558.1300000000001,合理诉求
3717,1036.96,2003.45,-966.49,合理诉求
3718,87.85,204.92,-117.07,合理诉求
3719,119.43,301.88,-182.45,合理诉求
3720,734.93,938.85,-203.92000000000007,合理诉求
3721,234.91,931.39,-696.48,合理诉求
3722,101.61,318.71,-217.1,合理诉求
3723,87.7,221.13,-133.43,合理诉求
3724,313.23,800.76,-487.53,合理诉求
3725,187.02,247.04,-60.01999999999998,合理诉求
3726,309.39,404.68,-95.29000000000002,合理诉求
3727,47.47,313.25,-265.78,合理诉求
3728,183.27,824.53,-641.26,合理诉求
3729,199.48,852.43,-652.9499999999999,合理诉求
3730,141.65,208.59,-66.94,合理诉求
3731,137.65,142.47,-4.819999999999993,合理诉求
3732,109.43,110.35,-0.9199999999999876,合理诉求
3733,596.36,2406.75,-1810.39,合理诉求
3734,134.64,309.83,-175.19,合理诉求
3735,191.04,789.06,-598.02,合理诉求
3736,62.08,126.89,-64.81,合理诉求
3737,275.07,966.49,-691.4200000000001,合理诉求
3738,159.3,765.92,-606.6199999999999,合理诉求
3739,415.67,1435.56,-1019.89,合理诉求
3740,39.1,106.42,-67.32,合理诉求
3741,64.21,548.99,-484.78,诉求偏高
3742,218.11,361.1,-142.99,合理诉求
3743,129.19,955.11,-825.9200000000001,诉求偏高
3744,61.85,276.82,-214.97,合理诉求
3745,412.83,1028.08,-615.25,合理诉求
3746,429.13,953.76,-524.63,合理诉求
3747,557.8,1188.94,-631.1400000000001,合理诉求
3748,139.12,148.25,-9.129999999999995,合理诉求
3749,97.17,133.3,-36.13000000000001,合理诉求
3750,100.95,652.03,-551.0799999999999,合理诉求
3751,283.9,746.83,-462.93000000000006,合理诉求
3752,173.87,315.98,-142.11,合理诉求
3753,110.42,235.78,-125.36,合理诉求
3754,290.06,860.3,-570.24,合理诉求
3755,27.49,228.1,-200.61,合理诉求
3756,2.25,108.06,-105.81,合理诉求
3757,2.21,100.22,-98.01,合理诉求
3758,143.46,161.17,-17.70999999999998,合理诉求
3759,258.99,732.34,-473.35,合理诉求
3760,99.31,212.2,-112.89,合理诉求
3761,370.68,1360.48,-989.8,合理诉求
3762,392.09,784.65,-392.56,合理诉求
3763,743.6,3029.72,-2286.12,诉求偏高
3764,198.24,476.82,-278.58,合理诉求
3765,14.4,126.76,-112.36,合理诉求
3766,532.05,1622.3,-1090.25,合理诉求
3767,74.39,177.38,-102.99,合理诉求
3768,149.77,261.18,-111.41,合理诉求
3769,82.7,597.0,-514.3,合理诉求
3770,48.82,260.08,-211.26,合理诉求
3771,719.32,960.39,-241.06999999999996,合理诉求
3772,23.35,311.55,-288.2,合理诉求
3773,169.28,295.62,-126.34,合理诉求
3774,9.09,113.59,-104.5,合理诉求
3775,315.26,597.82,-282.56000000000006,合理诉求
3776,159.36,338.83,-179.46999999999997,合理诉求
3777,10.86,100.97,-90.11,合理诉求
3778,123.26,278.4,-155.14,合理诉求
3779,55.68,182.66,-126.98,合理诉求
3780,437.6,689.73,-252.13,合理诉求
3781,290.33,382.79,-92.46000000000004,合理诉求
3782,209.62,374.62,-165.0,合理诉求
3783,585.83,749.88,-164.04999999999995,合理诉求
3784,88.88,123.45,-34.57000000000001,合理诉求
3785,670.31,1032.96,-362.6500000000001,合理诉求
3786,155.85,167.01,-11.159999999999997,合理诉求
3787,173.34,484.46,-311.12,合理诉求
3788,394.92,2218.76,-1823.84,诉求偏高
3789,726.92,2066.05,-1339.13,合理诉求
3790,118.06,263.37,-145.31,合理诉求
3791,336.35,600.3,-263.94999999999993,合理诉求
3792,173.71,641.58,-467.87,合理诉求
3793,563.37,1126.14,-562.7700000000001,合理诉求
3794,224.16,672.64,-448.48,合理诉求
3795,450.41,1286.27,-835.8599999999999,合理诉求
3796,414.8,2242.84,-1828.04,诉求偏高
3797,1042.17,1695.49,-653.3199999999999,合理诉求
3798,70.77,168.12,-97.35,合理诉求
3799,243.47,577.42,-333.94999999999993,合理诉求
3800,87.28,261.02,-173.73999999999998,合理诉求
3801,756.72,1161.47,-404.75,合理诉求
3802,1307.21,2736.47,-1429.2599999999998,合理诉求
3803,62.35,358.45,-296.1,合理诉求
3804,117.83,305.45,-187.62,合理诉求
3805,240.3,760.05,-519.75,合理诉求
3806,376.9,869.7,-492.80000000000007,合理诉求
3807,149.24,252.18,-102.94,合理诉求
3808,396.05,949.94,-553.8900000000001,合理诉求
3809,433.7,961.31,-527.6099999999999,合理诉求
3810,587.52,1725.04,-1137.52,合理诉求
3811,379.31,493.31,-114.0,合理诉求
3812,222.88,370.05,-147.17000000000002,合理诉求
3813,159.68,1484.03,-1324.35,诉求偏高
3814,75.78,135.45,-59.66999999999999,合理诉求
3815,140.28,464.15,-323.87,合理诉求
3816,239.5,519.05,-279.54999999999995,合理诉求
3817,202.06,318.08,-116.01999999999998,合理诉求
3818,108.86,185.16,-76.3,合理诉求
3819,64.38,105.68,-41.30000000000001,合理诉求
3820,37.06,386.64,-349.58,诉求偏高
3821,335.21,929.2,-593.99,合理诉求
3822,44.51,190.65,-146.14,合理诉求
3823,309.41,342.66,-33.25,合理诉求
3824,123.43,740.53,-617.0999999999999,诉求偏高
3825,136.43,219.1,-82.66999999999999,合理诉求
3826,589.91,945.82,-355.9100000000001,合理诉求
3827,144.75,873.76,-729.01,诉求偏高
3828,59.43,419.68,-360.25,诉求偏高
3829,197.42,771.96,-574.5400000000001,合理诉求
3830,1043.12,1633.55,-590.4300000000001,合理诉求
3831,35.69,100.04,-64.35000000000001,合理诉求
3832,282.75,1647.12,-1364.37,诉求偏高
3833,784.55,1147.09,-362.54,合理诉求
3834,565.98,2937.21,-2371.23,诉求偏高
3835,314.23,576.81,-262.5799999999999,合理诉求
3836,317.18,344.31,-27.129999999999995,合理诉求
3837,61.13,175.83,-114.70000000000002,合理诉求
3838,121.81,222.03,-100.22,合理诉求
3839,168.99,587.17,-418.18,合理诉求
3840,44.69,248.11,-203.42,合理诉求
3841,227.32,452.25,-224.93,合理诉求
3842,305.77,1438.15,-1132.38,诉求偏高
3843,557.33,2242.31,-1684.98,合理诉求
3844,754.14,1281.72,-527.58,合理诉求
3845,106.05,284.69,-178.64,合理诉求
3846,101.82,118.71,-16.89,合理诉求
3847,99.11,138.46,-39.35000000000001,合理诉求
3848,606.19,701.19,-95.0,合理诉求
3849,50.1,112.5,-62.4,合理诉求
3850,238.48,289.82,-51.34,合理诉求
3851,578.84,1103.12,-524.2799999999999,合理诉求
3852,266.33,406.29,-139.96000000000004,合理诉求
3853,232.4,379.95,-147.54999999999998,合理诉求
3854,13.32,180.29,-166.97,合理诉求
3855,15.52,102.34,-86.82000000000001,合理诉求
3856,143.41,287.91,-144.50000000000003,合理诉求
3857,871.34,1398.37,-527.0299999999999,合理诉求
3858,219.33,408.3,-188.97,合理诉求
3859,63.49,167.81,-104.32,合理诉求
3860,501.62,934.8,-433.18,合理诉求
3861,3.57,128.4,-124.83,合理诉求
3862,243.36,357.76,-114.39999999999998,合理诉求
3863,4.85,116.63,-111.78,合理诉求
3864,615.59,1034.52,-418.93,合理诉求
3865,355.04,715.01,-359.97,合理诉求
3866,750.72,990.43,-239.70999999999992,合理诉求
3867,581.82,744.45,-162.63,合理诉求
3868,588.46,3507.65,-2919.19,诉求偏高
3869,727.41,1846.96,-1119.5500000000002,合理诉求
3870,138.12,258.52,-120.39999999999998,合理诉求
3871,36.57,551.61,-515.04,诉求偏高
3872,719.05,2230.82,-1511.7700000000002,合理诉求
3873,153.19,159.27,-6.0800000000000125,合理诉求
3874,328.21,3223.84,-2895.63,严重超额
3875,79.8,232.3,-152.5,合理诉求
3876,248.24,656.23,-407.99,合理诉求
3877,220.05,389.23,-169.18,合理诉求
3878,501.58,819.98,-318.40000000000003,合理诉求
3879,976.0,3406.23,-2430.23,诉求偏高
3880,712.91,1052.27,-339.36,合理诉求
3881,104.92,919.19,-814.2700000000001,诉求偏高
3882,259.6,517.99,-258.39,合理诉求
3883,58.95,132.27,-73.32000000000001,合理诉求
3884,790.7,1291.22,-500.52,合理诉求
3885,290.4,406.74,-116.34000000000005,合理诉求
3886,347.55,667.35,-319.8,合理诉求
3887,128.82,462.62,-333.8,合理诉求
3888,412.64,560.36,-147.72000000000003,合理诉求
3889,215.14,1655.55,-1440.41,诉求偏高
3890,203.44,244.25,-40.81,合理诉求
3891,485.16,1035.93,-550.77,合理诉求
3892,170.96,401.74,-230.78,合理诉求
3893,43.06,102.8,-59.74,合理诉求
3894,732.94,2446.17,-1713.23,合理诉求
3895,79.06,165.82,-86.75999999999999,合理诉求
3896,78.77,530.88,-452.11,合理诉求
3897,68.86,437.98,-369.12,诉求偏高
3898,33.55,109.72,-76.17,合理诉求
3899,122.32,308.0,-185.68,合理诉求
3900,481.67,1155.02,-673.3499999999999,合理诉求
3901,491.15,836.82,-345.6700000000001,合理诉求
3902,175.36,295.86,-120.5,合理诉求
3903,25.59,164.92,-139.32999999999998,合理诉求
3904,431.27,1609.12,-1177.85,诉求偏高
3905,227.35,369.18,-141.83,合理诉求
3906,159.03,444.71,-285.67999999999995,合理诉求
3907,356.8,2722.44,-2365.64,严重超额
3908,345.1,1115.52,-770.42,合理诉求
3909,174.44,1281.14,-1106.7,诉求偏高
3910,255.59,524.48,-268.89,合理诉求
3911,296.01,637.28,-341.27,合理诉求
3912,57.0,215.1,-158.1,合理诉求
3913,422.39,528.33,-105.94000000000004,合理诉求
3914,441.62,523.47,-81.85000000000002,合理诉求
3915,729.69,2313.26,-1583.5700000000002,合理诉求
3916,115.62,139.07,-23.44999999999999,合理诉求
3917,204.05,795.26,-591.21,合理诉求
3918,255.04,422.73,-167.69000000000003,合理诉求
3919,74.89,129.82,-54.92999999999999,合理诉求
3920,411.35,419.27,-7.919999999999959,合理诉求
3921,44.45,803.9,-759.4499999999999,诉求偏高
3922,38.25,594.51,-556.26,诉求偏高
3923,197.34,1394.6,-1197.26,诉求偏高
3924,151.23,904.48,-753.25,合理诉求
3925,118.7,1260.55,-1141.85,诉求偏高
3926,261.21,600.15,-338.94,合理诉求
3927,190.82,721.18,-530.3599999999999,合理诉求
3928,83.25,130.66,-47.41,合理诉求
3929,54.04,318.71,-264.67,合理诉求
3930,77.79,394.13,-316.34,合理诉求
3931,319.05,329.38,-10.329999999999984,合理诉求
3932,587.52,1182.61,-595.0899999999999,合理诉求
3933,295.11,2830.41,-2535.3,严重超额
3934,233.53,740.63,-507.1,合理诉求
3935,60.32,579.66,-519.3399999999999,诉求偏高
3936,109.82,644.57,-534.75,合理诉求
3937,171.63,324.93,-153.3,合理诉求
3938,111.45,128.9,-17.450000000000003,合理诉求
3939,365.16,783.88,-418.72,合理诉求
3940,392.84,1407.89,-1015.0500000000002,合理诉求
3941,185.01,1014.89,-829.88,诉求偏高
3942,29.15,496.02,-466.87,诉求偏高
3943,157.87,484.91,-327.04,合理诉求
3944,139.74,1342.71,-1202.97,诉求偏高
3945,393.1,1895.77,-1502.67,诉求偏高
3946,19.29,104.28,-84.99000000000001,合理诉求
3947,165.59,414.69,-249.1,合理诉求
3948,35.0,121.06,-86.06,合理诉求
3949,141.69,249.45,-107.76,合理诉求
3950,59.08,185.39,-126.31,合理诉求
3951,299.33,1112.8,-813.47,合理诉求
3952,36.74,179.77,-143.03,合理诉求
3953,81.29,222.39,-141.09999999999997,合理诉求
3954,163.82,828.79,-664.97,合理诉求
3955,33.9,131.7,-97.79999999999998,合理诉求
3956,363.33,849.62,-486.29,合理诉求
3957,63.75,115.24,-51.49,合理诉求
3958,810.22,2395.31,-1585.09,合理诉求
3959,141.39,266.3,-124.91000000000004,合理诉求
3960,222.73,686.27,-463.54,合理诉求
3961,159.6,267.62,-108.02,合理诉求
3962,738.44,1299.1,-560.6599999999999,合理诉求
3963,486.32,693.23,-206.91000000000005,合理诉求
3964,64.35,525.89,-461.54,诉求偏高
3965,85.68,236.5,-150.82,合理诉求
3966,166.77,751.04,-584.27,合理诉求
3967,306.0,561.67,-255.67,合理诉求
3968,31.6,101.68,-70.08000000000001,合理诉求
3969,317.14,1924.76,-1607.62,诉求偏高
3970,94.77,143.58,-48.81000000000002,合理诉求
3971,54.04,332.13,-278.09,合理诉求
3972,146.58,461.48,-314.9,合理诉求
3973,59.71,340.98,-281.27000000000004,合理诉求
3974,36.02,213.11,-177.09,合理诉求
3975,223.0,372.67,-149.67000000000002,合理诉求
3976,1073.4,1529.26,-455.8599999999999,合理诉求
3977,290.19,1076.83,-786.6399999999999,合理诉求
3978,43.22,137.71,-94.49,合理诉求
3979,465.04,1090.07,-625.03,合理诉求
3980,31.75,276.38,-244.63,合理诉求
3981,229.83,474.92,-245.09,合理诉求
3982,347.86,489.56,-141.7,合理诉求
3983,58.03,100.53,-42.5,合理诉求
3984,94.5,253.24,-158.74,合理诉求
3985,90.3,104.66,-14.36,合理诉求
3986,207.85,255.3,-47.45000000000002,合理诉求
3987,114.07,453.01,-338.94,合理诉求
3988,192.6,429.73,-237.13,合理诉求
3989,1087.3,2219.53,-1132.2300000000002,合理诉求
3990,186.33,248.5,-62.16999999999999,合理诉求
3991,309.65,1487.82,-1178.17,诉求偏高
3992,183.23,559.68,-376.44999999999993,合理诉求
3993,876.78,1588.36,-711.5799999999999,合理诉求
3994,432.51,563.88,-131.37,合理诉求
3995,219.83,422.51,-202.68,合理诉求
3996,41.1,149.51,-108.41,合理诉求
3997,52.69,618.54,-565.8499999999999,诉求偏高
3998,296.04,573.1,-277.06,合理诉求
3999,18.27,253.53,-235.26,合理诉求
4000,72.63,120.51,-47.88000000000001,合理诉求
4001,633.91,2488.63,-1854.7200000000005,合理诉求
4002,110.37,503.41,-393.04,合理诉求
4003,286.04,668.17,-382.13,合理诉求
4004,229.54,506.02,-276.48,合理诉求
4005,160.83,383.08,-222.25,合理诉求
4006,174.67,215.04,-40.370000000000005,合理诉求
4007,137.38,192.44,-55.06,合理诉求
4008,308.69,773.51,-464.82,合理诉求
4009,8.63,101.16,-92.53,合理诉求
4010,209.07,439.52,-230.45,合理诉求
4011,12.76,121.74,-108.98,合理诉求
4012,533.7,3152.31,-2618.61,诉求偏高
4013,15.63,212.41,-196.78,合理诉求
4014,890.3,4106.5,-3216.2,诉求偏高
4015,770.25,871.51,-101.26,合理诉求
4016,583.65,992.01,-408.36,合理诉求
4017,178.82,661.91,-483.09,合理诉求
4018,99.91,139.46,-39.55000000000001,合理诉求
4019,110.87,286.41,-175.54000000000002,合理诉求
4020,130.79,1209.52,-1078.73,诉求偏高
4021,33.22,109.16,-75.94,合理诉求
4022,1205.08,2452.08,-1247.0,合理诉求
4023,267.7,299.59,-31.889999999999983,合理诉求
4024,172.34,1138.43,-966.09,诉求偏高
4025,824.39,1974.87,-1150.48,合理诉求
4026,812.36,3087.6,-2275.24,诉求偏高
4027,401.38,682.66,-281.28,合理诉求
4028,290.04,342.1,-52.06,合理诉求
4029,23.03,153.6,-130.57,合理诉求
4030,280.03,350.58,-70.55000000000001,合理诉求
4031,151.99,2299.71,-2147.7200000000003,严重超额
4032,369.02,1417.11,-1048.09,合理诉求
4033,7.5,497.62,-490.12,诉求偏高
4034,587.26,688.25,-100.99,合理诉求
4035,1054.95,3745.53,-2690.58,诉求偏高
4036,959.6,2123.93,-1164.33,合理诉求
4037,40.25,163.83,-123.58,合理诉求
4038,885.96,3149.7,-2263.74,诉求偏高
4039,104.96,367.86,-262.90000000000003,合理诉求
4040,222.74,488.38,-265.64,合理诉求
4041,189.51,405.32,-215.81,合理诉求
4042,639.94,1529.21,-889.27,合理诉求
4043,71.99,217.82,-145.82999999999998,合理诉求
4044,359.19,669.27,-310.08,合理诉求
4045,113.05,224.19,-111.14,合理诉求
4046,184.52,1481.45,-1296.93,诉求偏高
4047,65.33,184.19,-118.86,合理诉求
4048,25.34,115.5,-90.16,合理诉求
4049,774.49,1761.31,-986.82,合理诉求
4050,226.97,270.27,-43.29999999999998,合理诉求
4051,819.91,2185.55,-1365.6400000000003,合理诉求
4052,51.28,160.36,-109.08,合理诉求
4053,718.49,1445.81,-727.3199999999999,合理诉求
4054,295.3,873.19,-577.8900000000001,合理诉求
4055,236.83,347.51,-110.67999999999998,合理诉求
4056,110.39,383.11,-272.72,合理诉求
4057,506.87,660.47,-153.60000000000002,合理诉求
4058,218.77,369.35,-150.58,合理诉求
4059,491.07,636.93,-145.85999999999996,合理诉求
4060,121.06,562.41,-441.35,合理诉求
4061,97.39,105.44,-8.049999999999997,合理诉求
4062,94.07,186.33,-92.26000000000002,合理诉求
4063,421.4,1153.71,-732.3100000000001,合理诉求
4064,139.69,180.71,-41.02000000000001,合理诉求
4065,289.61,543.38,-253.77,合理诉求
4066,176.44,319.32,-142.88,合理诉求
4067,68.61,627.76,-559.15,诉求偏高
4068,23.12,119.69,-96.57,合理诉求
4069,514.97,1626.73,-1111.76,合理诉求
4070,222.83,760.48,-537.65,合理诉求
4071,332.1,630.64,-298.54,合理诉求
4072,450.52,1249.5,-798.98,合理诉求
4073,822.96,1218.13,-395.1700000000001,合理诉求
4074,382.67,571.43,-188.75999999999996,合理诉求
4075,409.04,810.99,-401.95,合理诉求
4076,921.13,2463.49,-1542.3599999999997,合理诉求
4077,392.9,1040.1,-647.1999999999999,合理诉求
4078,367.3,549.0,-181.7,合理诉求
4079,559.78,1285.71,-725.9300000000001,合理诉求
4080,770.06,1602.37,-832.31,合理诉求
4081,223.84,648.91,-425.07,合理诉求
4082,129.17,315.61,-186.44000000000003,合理诉求
4083,93.68,298.99,-205.31,合理诉求
4084,505.77,729.46,-223.69000000000003,合理诉求
4085,119.24,242.6,-123.36,合理诉求
4086,181.25,278.88,-97.63,合理诉求
4087,107.22,154.09,-46.870000000000005,合理诉求
4088,452.54,2121.83,-1669.29,诉求偏高
4089,3.52,235.93,-232.41,合理诉求
4090,144.29,244.61,-100.32000000000002,合理诉求
4091,336.39,1146.71,-810.32,合理诉求
4092,306.75,812.47,-505.72,合理诉求
4093,628.59,3417.64,-2789.05,诉求偏高
4094,581.07,1184.19,-603.12,合理诉求
4095,220.63,452.94,-232.31,合理诉求
4096,66.37,686.63,-620.26,诉求偏高
4097,81.7,159.65,-77.95,合理诉求
4098,897.17,2109.9,-1212.73,合理诉求
4099,1155.19,2527.31,-1372.12,合理诉求
4100,323.76,547.91,-224.15,合理诉求
4101,230.48,315.42,-84.94000000000003,合理诉求
4102,844.93,1198.52,-353.59000000000003,合理诉求
4103,95.94,560.56,-464.62,合理诉求
4104,263.26,570.02,-306.76,合理诉求
4105,360.07,360.55,-0.4800000000000182,合理诉求
4106,70.45,318.39,-247.94,合理诉求
4107,188.78,745.41,-556.63,合理诉求
4108,56.56,104.3,-47.74,合理诉求
4109,325.52,1273.48,-947.96,合理诉求
4110,83.36,227.88,-144.51999999999998,合理诉求
4111,275.2,964.35,-689.1500000000001,合理诉求
4112,84.61,273.03,-188.42,合理诉求
4113,591.1,1873.53,-1282.4299999999998,合理诉求
4114,339.79,480.5,-140.70999999999998,合理诉求
4115,78.0,146.73,-68.72999999999999,合理诉求
4116,34.71,101.51,-66.80000000000001,合理诉求
4117,235.16,1045.24,-810.08,诉求偏高
4118,1009.59,2373.42,-1363.83,合理诉求
4119,386.41,1513.26,-1126.85,诉求偏高
4120,17.73,108.29,-90.56,合理诉求
4121,49.37,260.14,-210.77,合理诉求
4122,19.9,204.96,-185.06,合理诉求
4123,534.61,740.89,-206.28,合理诉求
4124,990.04,1171.57,-181.53,合理诉求
4125,741.98,1361.17,-619.19,合理诉求
4126,223.45,230.57,-7.1200000000000045,合理诉求
4127,251.32,495.24,-243.92,合理诉求
4128,110.01,122.47,-12.459999999999994,合理诉求
4129,38.89,269.99,-231.1,合理诉求
4130,73.4,118.24,-44.83999999999999,合理诉求
4131,760.63,1458.18,-697.5500000000001,合理诉求
4132,148.7,342.88,-194.18,合理诉求
4133,126.97,189.51,-62.53999999999999,合理诉求
4134,11.43,195.98,-184.55,合理诉求
4135,917.73,3778.46,-2860.73,诉求偏高
4136,133.02,449.62,-316.6,合理诉求
4137,699.53,3142.57,-2443.04,诉求偏高
4138,3057.68,3183.0,-125.32000000000016,合理诉求
4139,193.11,1461.04,-1267.9299999999998,诉求偏高
4140,607.46,978.66,-371.19999999999993,合理诉求
4141,110.03,714.32,-604.2900000000001,诉求偏高
4142,130.03,431.96,-301.92999999999995,合理诉求
4143,245.71,262.33,-16.619999999999976,合理诉求
4144,56.1,152.45,-96.35,合理诉求
4145,377.01,604.67,-227.66,合理诉求
4146,534.83,2589.21,-2054.38,合理诉求
4147,128.31,439.52,-311.21,合理诉求
4148,353.71,916.38,-562.6700000000001,合理诉求
4149,257.17,434.57,-177.39999999999998,合理诉求
4150,270.38,1352.36,-1081.98,合理诉求
4151,157.08,746.12,-589.04,合理诉求
4152,852.11,2187.37,-1335.2599999999998,合理诉求
4153,418.06,1276.44,-858.3800000000001,合理诉求
4154,634.89,823.18,-188.29,合理诉求
4155,669.23,1096.62,-427.3899999999999,合理诉求
4156,785.35,795.51,-10.159999999999968,合理诉求
4157,118.43,399.51,-281.08,合理诉求
4158,252.93,625.05,-372.12,合理诉求
4159,73.17,101.89,-28.72,合理诉求
4160,601.22,670.88,-69.65999999999997,合理诉求
4161,217.54,1098.38,-880.8400000000001,诉求偏高
4162,365.83,720.33,-354.50000000000006,合理诉求
4163,233.48,1415.98,-1182.5,诉求偏高
4164,305.31,765.71,-460.4,合理诉求
4165,26.67,155.35,-128.68,合理诉求
4166,440.5,573.07,-132.57000000000005,合理诉求
4167,41.17,212.3,-171.13,合理诉求
4168,75.94,159.59,-83.65,合理诉求
4169,127.15,152.78,-25.629999999999995,合理诉求
4170,8.67,101.25,-92.58,合理诉求
4171,53.17,125.47,-72.3,合理诉求
4172,154.38,1322.33,-1167.9499999999998,诉求偏高
4173,468.99,1296.8,-827.81,合理诉求
4174,53.86,119.73,-65.87,合理诉求
4175,387.7,950.8,-563.0999999999999,合理诉求
4176,192.91,372.38,-179.47,合理诉求
4177,688.94,1879.89,-1190.95,合理诉求
4178,266.27,449.29,-183.02000000000004,合理诉求
4179,105.21,413.46,-308.25,合理诉求
4180,62.48,261.21,-198.73,合理诉求
4181,44.75,101.21,-56.46,合理诉求
4182,94.97,520.05,-425.0799999999999,合理诉求
4183,79.39,310.84,-231.45,合理诉求
4184,876.87,2488.75,-1611.88,合理诉求
4185,278.76,337.35,-58.59000000000003,合理诉求
4186,153.33,231.3,-77.97,合理诉求
4187,188.13,412.76,-224.63,合理诉求
4188,323.9,2854.29,-2530.39,严重超额
4189,125.64,1513.07,-1387.4299999999998,严重超额
4190,237.73,389.08,-151.35,合理诉求
4191,420.51,1291.49,-870.98,合理诉求
4192,190.36,1140.31,-949.95,诉求偏高
4193,240.61,1335.43,-1094.8200000000002,诉求偏高
4194,254.32,283.23,-28.910000000000025,合理诉求
4195,455.94,531.57,-75.63000000000005,合理诉求
4196,51.35,205.18,-153.83,合理诉求
4197,7.13,106.41,-99.28,合理诉求
4198,75.94,794.85,-718.9100000000001,诉求偏高
4199,137.39,314.61,-177.22000000000003,合理诉求
4200,388.93,1710.6,-1321.6699999999998,诉求偏高
4201,54.17,131.05,-76.88000000000001,合理诉求
4202,304.38,372.36,-67.98000000000002,合理诉求
4203,1069.95,2641.03,-1571.0800000000002,合理诉求
4204,63.88,326.31,-262.43,合理诉求
4205,355.75,1157.7,-801.95,合理诉求
4206,133.21,143.04,-9.829999999999984,合理诉求
4207,498.79,1318.19,-819.4000000000001,合理诉求
4208,40.82,125.26,-84.44,合理诉求
4209,492.84,2469.52,-1976.68,合理诉求
4210,197.13,204.78,-7.650000000000006,合理诉求
4211,398.98,1424.42,-1025.44,合理诉求
4212,164.18,241.95,-77.76999999999998,合理诉求
4213,23.91,216.49,-192.58,合理诉求
4214,127.32,207.34,-80.02000000000001,合理诉求
4215,85.42,249.85,-164.43,合理诉求
4216,556.08,3197.92,-2641.84,诉求偏高
4217,1096.47,1434.7,-338.23,合理诉求
4218,778.28,803.57,-25.29000000000008,合理诉求
4219,111.2,122.49,-11.289999999999992,合理诉求
4220,31.78,317.94,-286.16,合理诉求
4221,154.23,223.9,-69.67000000000002,合理诉求
4222,439.48,1485.94,-1046.46,合理诉求
4223,364.49,1235.4,-870.9100000000001,合理诉求
4224,45.66,297.42,-251.76,合理诉求
4225,517.18,1148.79,-631.61,合理诉求
4226,387.87,1093.61,-705.7399999999999,合理诉求
4227,44.54,110.5,-65.96000000000001,合理诉求
4228,227.35,340.22,-112.87000000000003,合理诉求
4229,303.49,353.79,-50.30000000000001,合理诉求
4230,1014.69,4656.81,-3642.12,严重超额
4231,578.12,2051.47,-1473.35,合理诉求
4232,120.85,413.87,-293.02,合理诉求
4233,374.17,1435.49,-1061.32,合理诉求
4234,118.37,130.07,-11.699999999999989,合理诉求
4235,372.65,953.63,-580.98,合理诉求
4236,19.13,131.75,-112.62,合理诉求
4237,1216.87,2192.68,-975.81,合理诉求
4238,193.38,194.71,-1.3300000000000125,合理诉求
4239,420.46,1106.7,-686.24,合理诉求
4240,152.82,299.96,-147.14,合理诉求
4241,165.34,177.89,-12.549999999999985,合理诉求
4242,73.24,202.13,-128.89,合理诉求
4243,56.7,180.57,-123.87,合理诉求
4244,655.62,684.13,-28.50999999999999,合理诉求
4245,92.32,176.31,-83.99000000000001,合理诉求
4246,293.8,475.01,-181.21,合理诉求
4247,453.34,888.57,-435.2300000000001,合理诉求
4248,283.53,372.43,-88.90000000000003,合理诉求
4249,68.98,353.66,-284.68,合理诉求
4250,182.27,199.51,-17.23999999999998,合理诉求
4251,52.7,303.94,-251.24,合理诉求
4252,316.16,780.97,-464.81,合理诉求
4253,316.6,1290.71,-974.11,合理诉求
4254,1033.78,3852.03,-2818.25,诉求偏高
4255,38.17,204.38,-166.20999999999998,合理诉求
4256,84.14,413.09,-328.95,合理诉求
4257,307.42,438.85,-131.43,合理诉求
4258,194.39,1095.61,-901.22,诉求偏高
4259,527.82,908.76,-380.94,合理诉求
4260,329.78,475.93,-146.15000000000003,合理诉求
4261,123.15,158.0,-34.849999999999994,合理诉求
4262,105.12,351.43,-246.31,合理诉求
4263,626.15,2438.26,-1812.11,合理诉求
4264,86.61,246.63,-160.01999999999998,合理诉求
4265,139.11,162.4,-23.289999999999992,合理诉求
4266,54.01,123.86,-69.85,合理诉求
4267,193.04,1133.54,-940.5,诉求偏高
4268,378.4,438.06,-59.660000000000025,合理诉求
4269,176.43,968.69,-792.26,合理诉求
4270,12.37,370.88,-358.51,诉求偏高
4271,404.94,428.43,-23.49000000000001,合理诉求
4272,39.59,157.76,-118.17,合理诉求
4273,1157.69,2348.09,-1190.4,合理诉求
4274,107.94,137.38,-29.44,合理诉求
4275,80.52,662.49,-581.97,合理诉求
4276,497.07,587.28,-90.20999999999998,合理诉求
4277,23.67,150.27,-126.6,合理诉求
4278,189.67,410.4,-220.73,合理诉求
4279,106.5,245.17,-138.67,合理诉求
4280,475.69,1181.17,-705.48,合理诉求
4281,123.45,207.76,-84.30999999999999,合理诉求
4282,4.46,119.9,-115.44,合理诉求
4283,273.56,1114.46,-840.9000000000001,合理诉求
4284,103.02,223.08,-120.06000000000002,合理诉求
4285,186.86,776.36,-589.5,合理诉求
4286,658.45,3655.35,-2996.9,诉求偏高
4287,593.25,1198.66,-605.4100000000001,合理诉求
4288,374.81,501.47,-126.66000000000004,合理诉求
4289,74.57,149.65,-75.08000000000001,合理诉求
4290,386.79,1004.24,-617.45,合理诉求
4291,166.38,380.02,-213.64,合理诉求
4292,335.69,1180.58,-844.8899999999999,合理诉求
4293,25.45,117.45,-92.0,合理诉求
4294,316.19,1268.39,-952.2,合理诉求
4295,489.62,527.34,-37.72000000000003,合理诉求
4296,473.83,1266.48,-792.6500000000001,合理诉求
4297,102.89,350.6,-247.71000000000004,合理诉求
4298,15.11,225.59,-210.48,合理诉求
4299,183.29,559.29,-376.0,合理诉求
4300,90.81,101.41,-10.599999999999994,合理诉求
4301,790.63,1719.42,-928.79,合理诉求
4302,225.11,1949.27,-1724.16,严重超额
4303,252.98,467.8,-214.82,合理诉求
4304,276.17,1042.21,-766.04,合理诉求
4305,1320.91,2318.36,-997.45,合理诉求
4306,638.88,1687.14,-1048.2600000000002,合理诉求
4307,634.91,3846.79,-3211.88,诉求偏高
4308,29.69,100.8,-71.11,合理诉求
4309,52.48,195.7,-143.22,合理诉求
4310,19.95,552.86,-532.91,诉求偏高
4311,892.38,1424.78,-532.4,合理诉求
4312,295.27,301.7,-6.430000000000007,合理诉求
4313,57.85,205.94,-148.09,合理诉求
4314,1294.76,1305.91,-11.150000000000093,合理诉求
4315,432.32,2683.02,-2250.7,严重超额
4316,12.12,105.65,-93.53,合理诉求
4317,129.48,429.46,-299.98,合理诉求
4318,114.38,861.03,-746.65,诉求偏高
4319,472.22,721.67,-249.44999999999996,合理诉求
4320,490.39,2041.57,-1551.1799999999998,合理诉求
4321,41.04,110.5,-69.46000000000001,合理诉求
4322,54.05,109.06,-55.010000000000005,合理诉求
4323,973.57,4349.87,-3376.3,诉求偏高
4324,171.62,357.47,-185.85,合理诉求
4325,740.04,857.88,-117.84000000000005,合理诉求
4326,751.41,2739.46,-1988.05,合理诉求
4327,42.39,131.14,-88.74999999999999,合理诉求
4328,568.91,1181.52,-612.61,合理诉求
4329,88.6,709.77,-621.17,诉求偏高
4330,95.02,114.74,-19.72,合理诉求
4331,104.68,1504.2,-1399.52,严重超额
4332,127.1,1233.12,-1106.02,诉求偏高
4333,2.96,100.04,-97.08,合理诉求
4334,78.42,1591.84,-1513.4199999999998,严重超额
4335,179.64,421.95,-242.31,合理诉求
4336,54.65,140.58,-85.93,合理诉求
4337,216.92,469.24,-252.32,合理诉求
4338,947.84,3379.42,-2431.58,诉求偏高
4339,291.01,859.92,-568.91,合理诉求
4340,228.7,1045.84,-817.1399999999999,诉求偏高
4341,208.95,337.62,-128.67000000000002,合理诉求
4342,56.32,192.17,-135.85,合理诉求
4343,47.4,123.62,-76.22,合理诉求
4344,146.59,838.31,-691.7199999999999,诉求偏高
4345,117.91,1287.95,-1170.04,诉求偏高
4346,723.55,1545.86,-822.31,合理诉求
4347,176.88,298.18,-121.3,合理诉求
4348,84.98,311.31,-226.33,合理诉求
4349,660.74,2069.22,-1408.4799999999998,合理诉求
4350,833.16,902.99,-69.83000000000004,合理诉求
4351,500.21,615.01,-114.8,合理诉求
4352,312.62,354.23,-41.610000000000014,合理诉求
4353,60.71,910.61,-849.9,严重超额
4354,372.23,459.32,-87.08999999999997,合理诉求
4355,87.33,546.86,-459.53,合理诉求
4356,898.38,3866.29,-2967.91,诉求偏高
4357,404.27,459.93,-55.660000000000025,合理诉求
4358,232.4,323.81,-91.41,合理诉求
4359,496.17,627.79,-131.61999999999995,合理诉求
4360,32.06,125.8,-93.74,合理诉求
4361,406.62,1001.37,-594.75,合理诉求
4362,354.84,752.54,-397.7,合理诉求
4363,149.44,545.0,-395.56,合理诉求
4364,152.8,172.77,-19.97,合理诉求
4365,280.12,474.73,-194.61,合理诉求
4366,494.58,1099.49,-604.9100000000001,合理诉求
4367,701.87,2808.12,-2106.25,合理诉求
4368,760.75,3595.56,-2834.81,诉求偏高
4369,452.05,1176.89,-724.8400000000001,合理诉求
4370,259.21,1103.06,-843.8499999999999,诉求偏高
4371,281.9,284.69,-2.7900000000000205,合理诉求
4372,431.43,857.89,-426.46,合理诉求
4373,5.79,123.82,-118.03,合理诉求
4374,281.54,1241.36,-959.82,合理诉求
4375,68.65,266.48,-197.83,合理诉求
4376,35.11,151.99,-116.88,合理诉求
4377,998.29,1293.7,-295.4100000000001,合理诉求
4378,115.89,189.85,-73.96,合理诉求
4379,78.28,146.0,-67.72,合理诉求
4380,518.62,848.82,-330.20000000000005,合理诉求
4381,332.42,2027.71,-1695.29,诉求偏高
4382,13.85,276.27,-262.42,合理诉求
4383,212.24,566.81,-354.56999999999994,合理诉求
4384,1119.18,3228.27,-2109.09,合理诉求
4385,1107.17,1948.87,-841.6999999999998,合理诉求
4386,13.72,137.28,-123.56,合理诉求
4387,316.52,570.36,-253.84000000000003,合理诉求
4388,81.22,112.64,-31.42,合理诉求
4389,257.82,302.01,-44.19,合理诉求
4390,18.52,100.01,-81.49000000000001,合理诉求
4391,91.08,254.53,-163.45,合理诉求
4392,724.62,2022.52,-1297.9,合理诉求
4393,463.45,648.3,-184.85,合理诉求
4394,146.61,632.0,-485.39,合理诉求
4395,265.45,355.3,-89.85000000000002,合理诉求
4396,174.59,677.98,-503.39,合理诉求
4397,82.97,453.38,-370.41,合理诉求
4398,378.35,577.27,-198.92,合理诉求
4399,444.7,581.41,-136.70999999999998,合理诉求
4400,141.39,536.1,-394.71,合理诉求
4401,119.33,522.06,-402.73,合理诉求
4402,283.31,318.87,-35.56,合理诉求
4403,425.41,444.72,-19.31,合理诉求
4404,101.59,225.19,-123.6,合理诉求
4405,3.74,100.01,-96.27,合理诉求
4406,209.65,354.31,-144.66,合理诉求
4407,179.32,452.66,-273.34000000000003,合理诉求
4408,161.34,364.28,-202.94,合理诉求
4409,251.72,376.33,-124.61,合理诉求
4410,112.25,129.3,-17.05000000000001,合理诉求
4411,560.35,1421.46,-861.11,合理诉求
4412,15.52,156.93,-141.41,合理诉求
4413,181.63,504.29,-322.66,合理诉求
4414,15.04,100.22,-85.18,合理诉求
4415,510.3,2569.91,-2059.61,合理诉求
4416,168.88,1620.31,-1451.4299999999998,诉求偏高
4417,409.1,1207.66,-798.5600000000001,合理诉求
4418,840.88,1796.75,-955.87,合理诉求
4419,150.45,782.11,-631.6600000000001,合理诉求
4420,774.58,1793.85,-1019.27,合理诉求
4421,11.27,146.5,-135.23,合理诉求
4422,270.65,540.87,-270.22,合理诉求
4423,437.67,1127.8,-690.1299999999999,合理诉求
4424,336.22,1298.41,-962.19,合理诉求
4425,444.84,974.73,-529.8900000000001,合理诉求
4426,306.29,503.08,-196.79,合理诉求
4427,322.96,496.93,-173.97000000000003,合理诉求
4428,170.82,332.52,-161.7,合理诉求
4429,771.0,2583.15,-1812.15,合理诉求
4430,104.67,181.19,-76.52,合理诉求
4431,140.75,244.27,-103.52,合理诉求
4432,751.51,1767.06,-1015.55,合理诉求
4433,32.84,100.69,-67.85,合理诉求
4434,312.71,1503.2,-1190.49,诉求偏高
4435,260.69,450.02,-189.33,合理诉求
4436,154.04,246.87,-92.83,合理诉求
4437,48.93,369.28,-320.35,合理诉求
4438,166.25,272.75,-106.5,合理诉求
4439,252.37,1024.74,-772.37,合理诉求
4440,967.25,1633.17,-665.9200000000001,合理诉求
4441,540.31,1581.66,-1041.35,合理诉求
4442,219.59,224.68,-5.090000000000003,合理诉求
4443,113.35,391.69,-278.34000000000003,合理诉求
4444,65.66,232.51,-166.85,合理诉求
4445,414.86,2562.42,-2147.56,诉求偏高
4446,200.43,530.74,-330.31,合理诉求
4447,753.13,2963.02,-2209.89,诉求偏高
4448,293.36,2575.3,-2281.94,严重超额
4449,44.1,200.94,-156.84,合理诉求
4450,47.6,128.11,-80.51000000000002,合理诉求
4451,53.89,254.76,-200.87,合理诉求
4452,10.48,298.8,-288.32,合理诉求
4453,108.61,657.23,-548.62,合理诉求
4454,131.5,276.3,-144.8,合理诉求
4455,78.12,100.27,-22.14999999999999,合理诉求
4456,101.63,167.75,-66.12,合理诉求
4457,1977.1,3101.9,-1124.8000000000002,合理诉求
4458,534.18,3796.9,-3262.7200000000003,诉求偏高
4459,268.89,1570.35,-1301.46,诉求偏高
4460,1002.03,4055.01,-3052.9800000000005,诉求偏高
4461,375.32,1512.02,-1136.7,诉求偏高
4462,25.67,154.71,-129.04000000000002,合理诉求
4463,78.84,164.96,-86.12,合理诉求
4464,132.5,593.5,-461.0,合理诉求
4465,181.78,396.73,-214.95,合理诉求
4466,15.58,119.44,-103.86,合理诉求
4467,797.14,3721.23,-2924.09,诉求偏高
4468,313.64,966.29,-652.65,合理诉求
4469,1428.11,3035.28,-1607.1700000000003,合理诉求
4470,211.13,538.5,-327.37,合理诉求
4471,203.32,608.86,-405.54,合理诉求
4472,66.0,1157.46,-1091.46,严重超额
4473,390.48,2571.57,-2181.09,诉求偏高
4474,4.34,146.86,-142.52,合理诉求
4475,92.88,316.1,-223.22000000000003,合理诉求
4476,1646.22,3002.11,-1355.89,合理诉求
4477,842.22,3460.98,-2618.76,诉求偏高
4478,53.95,200.45,-146.5,合理诉求
4479,341.68,351.53,-9.849999999999966,合理诉求
4480,19.66,102.54,-82.88000000000001,合理诉求
4481,195.88,877.83,-681.95,合理诉求
4482,314.22,951.1,-636.88,合理诉求
4483,442.1,2251.08,-1808.98,诉求偏高
4484,214.46,477.07,-262.61,合理诉求
4485,142.31,758.78,-616.47,诉求偏高
4486,433.55,1355.17,-921.62,合理诉求
4487,106.51,638.37,-531.86,合理诉求
4488,210.59,510.31,-299.72,合理诉求
4489,105.63,107.1,-1.4699999999999989,合理诉求
4490,603.88,832.55,-228.67,合理诉求
4491,399.84,576.47,-176.63000000000005,合理诉求
4492,51.02,177.82,-126.79999999999998,合理诉求
4493,471.8,2472.69,-2000.89,诉求偏高
4494,113.44,612.05,-498.61,合理诉求
4495,623.77,846.11,-222.34000000000003,合理诉求
4496,154.11,917.5,-763.39,合理诉求
4497,116.89,758.84,-641.95,诉求偏高
4498,35.09,115.83,-80.74,合理诉求
4499,396.53,1491.16,-1094.63,诉求偏高
4500,221.22,391.35,-170.13000000000002,合理诉求
4501,147.16,642.75,-495.59,合理诉求
4502,322.89,2645.58,-2322.69,严重超额
4503,90.18,399.07,-308.89,合理诉求
4504,32.05,100.15,-68.10000000000001,合理诉求
4505,1062.77,2715.76,-1652.9900000000002,合理诉求
4506,9.67,148.41,-138.74,合理诉求
4507,383.65,1285.51,-901.86,合理诉求
4508,132.42,254.01,-121.59,合理诉求
4509,864.05,1924.91,-1060.86,合理诉求
4510,68.97,190.37,-121.4,合理诉求
4511,1267.18,4937.87,-3670.69,严重超额
4512,201.1,584.44,-383.34,合理诉求
4513,190.45,199.68,-9.230000000000018,合理诉求
4514,31.07,115.84,-84.77000000000001,合理诉求
4515,104.68,157.49,-52.81,合理诉求
4516,450.71,1115.73,-665.02,合理诉求
4517,120.69,172.87,-52.18000000000001,合理诉求
4518,678.96,1622.55,-943.59,合理诉求
4519,30.13,163.64,-133.51,合理诉求
4520,1070.28,2549.54,-1479.26,合理诉求
4521,780.6,1227.47,-446.87,合理诉求
4522,32.58,113.17,-80.59,合理诉求
4523,785.6,1436.11,-650.5099999999999,合理诉求
4524,301.26,1686.87,-1385.61,诉求偏高
4525,81.74,729.55,-647.81,诉求偏高
4526,403.87,461.22,-57.35000000000002,合理诉求
4527,304.38,1491.53,-1187.15,诉求偏高
4528,250.32,339.02,-88.69999999999999,合理诉求
4529,86.46,191.47,-105.01,合理诉求
4530,28.74,180.57,-151.82999999999998,合理诉求
4531,763.01,1557.13,-794.1200000000001,合理诉求
4532,241.21,373.69,-132.48,合理诉求
4533,49.98,317.83,-267.85,合理诉求
4534,304.73,834.24,-529.51,合理诉求
4535,389.38,619.9,-230.52,合理诉求
4536,234.36,806.23,-571.87,合理诉求
4537,240.75,336.73,-95.98000000000002,合理诉求
4538,305.85,717.89,-412.04,合理诉求
4539,143.24,462.59,-319.35,合理诉求
4540,141.25,1565.13,-1423.88,严重超额
4541,60.69,107.74,-47.05,合理诉求
4542,156.88,444.24,-287.36,合理诉求
4543,333.59,872.99,-539.4000000000001,合理诉求
4544,117.01,1229.43,-1112.42,诉求偏高
4545,97.89,245.94,-148.05,合理诉求
4546,44.24,129.81,-85.57,合理诉求
4547,102.66,255.82,-153.16,合理诉求
4548,529.74,759.53,-229.79,合理诉求
4549,539.84,1095.6,-555.7599999999999,合理诉求
4550,358.04,683.88,-325.84,合理诉求
4551,120.33,269.39,-149.06,合理诉求
4552,129.89,186.24,-56.35000000000002,合理诉求
4553,247.72,577.58,-329.86,合理诉求
4554,292.59,620.1,-327.51000000000005,合理诉求
4555,542.7,1283.83,-741.1299999999999,合理诉求
4556,171.38,475.8,-304.42,合理诉求
4557,197.2,213.64,-16.439999999999998,合理诉求
4558,231.76,381.52,-149.76,合理诉求
4559,69.54,192.0,-122.46,合理诉求
4560,859.57,1993.76,-1134.19,合理诉求
4561,20.67,136.43,-115.76,合理诉求
4562,149.09,308.68,-159.59,合理诉求
4563,736.95,2053.01,-1316.0600000000002,合理诉求
4564,315.23,1639.95,-1324.72,诉求偏高
4565,40.28,105.64,-65.36,合理诉求
4566,20.83,170.11,-149.28000000000003,合理诉求
4567,29.95,188.07,-158.12,合理诉求
4568,835.08,1717.72,-882.64,合理诉求
4569,321.58,1598.52,-1276.94,诉求偏高
4570,6.27,109.79,-103.52,合理诉求
4571,335.81,1043.24,-707.4300000000001,合理诉求
4572,131.2,318.71,-187.51,合理诉求
4573,334.67,396.56,-61.88999999999999,合理诉求
4574,140.36,550.65,-410.29,合理诉求
4575,765.39,2017.69,-1252.3000000000002,合理诉求
4576,115.05,170.77,-55.72000000000001,合理诉求
4577,187.96,252.57,-64.60999999999999,合理诉求
4578,231.99,421.69,-189.7,合理诉求
4579,16.88,104.47,-87.59,合理诉求
4580,116.73,177.61,-60.88000000000001,合理诉求
4581,319.07,841.87,-522.8,合理诉求
4582,95.0,1244.66,-1149.66,诉求偏高
4583,545.06,2176.47,-1631.41,合理诉求
4584,56.02,176.18,-120.16,合理诉求
4585,262.88,739.46,-476.58,合理诉求
4586,171.48,899.26,-727.78,合理诉求
4587,97.57,303.92,-206.35,合理诉求
4588,46.06,606.49,-560.4300000000001,诉求偏高
4589,412.82,546.54,-133.71999999999997,合理诉求
4590,13.73,453.87,-440.14,诉求偏高
4591,16.41,105.0,-88.59,合理诉求
4592,55.21,368.07,-312.86,合理诉求
4593,134.09,205.32,-71.22999999999999,合理诉求
4594,464.29,795.95,-331.66,合理诉求
4595,158.2,1096.24,-938.04,诉求偏高
4596,1049.32,2167.09,-1117.7700000000002,合理诉求
4597,309.36,813.53,-504.17,合理诉求
4598,49.61,349.36,-299.75,合理诉求
4599,313.67,541.45,-227.78000000000003,合理诉求
4600,272.83,1139.46,-866.6300000000001,合理诉求
4601,13.78,181.24,-167.46,合理诉求
4602,118.31,120.37,-2.0600000000000023,合理诉求
4603,1156.11,2321.49,-1165.38,合理诉求
4604,320.28,781.82,-461.5400000000001,合理诉求
4605,165.55,174.78,-9.22999999999999,合理诉求
4606,269.94,692.03,-422.09,合理诉求
4607,18.44,568.16,-549.7199999999999,诉求偏高
4608,229.53,984.84,-755.3100000000001,合理诉求
4609,58.07,1114.78,-1056.71,严重超额
4610,471.9,1179.85,-707.9499999999999,合理诉求
4611,234.46,343.07,-108.61,合理诉求
4612,44.46,128.08,-83.62,合理诉求
4613,10.12,117.65,-107.53,合理诉求
4614,622.98,636.27,-13.289999999999964,合理诉求
4615,64.65,119.22,-54.56999999999999,合理诉求
4616,111.05,337.46,-226.41,合理诉求
4617,99.72,287.94,-188.22,合理诉求
4618,82.88,529.79,-446.91,合理诉求
4619,624.72,656.17,-31.44999999999993,合理诉求
4620,85.68,153.74,-68.06,合理诉求
4621,79.19,103.93,-24.74000000000001,合理诉求
4622,217.4,787.75,-570.35,合理诉求
4623,68.12,691.56,-623.4399999999999,诉求偏高
4624,545.18,1027.08,-481.9,合理诉求
4625,377.2,1307.58,-930.38,合理诉求
4626,134.77,613.46,-478.69000000000005,合理诉求
4627,17.22,100.15,-82.93,合理诉求
4628,125.97,554.25,-428.28,合理诉求
4629,144.54,313.13,-168.59,合理诉求
4630,637.97,984.45,-346.48,合理诉求
4631,130.14,450.22,-320.08000000000004,合理诉求
4632,468.05,2186.94,-1718.89,诉求偏高
4633,219.76,328.12,-108.36,合理诉求
4634,88.5,608.7,-520.2,合理诉求
4635,59.57,276.16,-216.59000000000003,合理诉求
4636,75.22,378.0,-302.78,合理诉求
4637,322.32,704.37,-382.05,合理诉求
4638,51.64,142.08,-90.44,合理诉求
4639,806.05,1737.37,-931.32,合理诉求
4640,186.52,651.42,-464.9,合理诉求
4641,155.18,160.74,-5.560000000000002,合理诉求
4642,12.88,104.75,-91.87,合理诉求
4643,223.56,835.79,-612.23,合理诉求
4644,266.22,1020.31,-754.0899999999999,合理诉求
4645,281.31,2796.2,-2514.89,严重超额
4646,157.76,340.99,-183.23,合理诉求
4647,179.85,320.4,-140.54999999999998,合理诉求
4648,95.79,138.06,-42.27,合理诉求
4649,976.7,1686.69,-709.99,合理诉求
4650,462.54,2423.78,-1961.24,诉求偏高
4651,511.91,770.99,-259.08,合理诉求
4652,341.3,640.64,-299.34,合理诉求
4653,53.28,452.76,-399.48,诉求偏高
4654,49.21,602.63,-553.42,诉求偏高
4655,746.02,2930.05,-2184.03,诉求偏高
4656,66.81,246.37,-179.56,合理诉求
4657,619.85,956.27,-336.42,合理诉求
4658,139.59,209.37,-69.78,合理诉求
4659,120.94,365.2,-244.26,合理诉求
4660,599.93,1906.4,-1306.4700000000005,合理诉求
4661,377.88,1138.12,-760.2399999999999,合理诉求
4662,787.93,1489.42,-701.4900000000001,合理诉求
4663,582.79,1568.92,-986.13,合理诉求
4664,131.79,180.15,-48.360000000000014,合理诉求
4665,349.23,1376.17,-1026.94,合理诉求
4666,562.13,1127.62,-565.4899999999999,合理诉求
4667,200.05,453.6,-253.55,合理诉求
4668,86.75,181.91,-95.16,合理诉求
4669,105.81,127.49,-21.679999999999996,合理诉求
4670,134.3,294.42,-160.12,合理诉求
4671,286.33,1102.82,-816.49,合理诉求
4672,62.07,172.0,-109.93,合理诉求
4673,1.82,131.76,-129.94,合理诉求
4674,482.79,607.14,-124.34999999999997,合理诉求
4675,244.68,344.43,-99.75,合理诉求
4676,178.73,1440.34,-1261.61,诉求偏高
4677,505.64,1320.53,-814.89,合理诉求
4678,82.23,373.46,-291.23,合理诉求
4679,609.43,3134.78,-2525.3500000000004,诉求偏高
4680,56.44,122.06,-65.62,合理诉求
4681,619.85,2583.4,-1963.55,合理诉求
4682,179.58,1592.22,-1412.64,诉求偏高
4683,154.78,479.7,-324.92,合理诉求
4684,364.0,367.45,-3.4499999999999886,合理诉求
4685,486.27,840.8,-354.53,合理诉求
4686,4.11,100.96,-96.85,合理诉求
4687,559.9,1717.12,-1157.2199999999998,合理诉求
4688,1581.23,3291.48,-1710.25,合理诉求
4689,508.37,1235.25,-726.88,合理诉求
4690,244.78,637.95,-393.1700000000001,合理诉求
4691,690.07,1246.73,-556.66,合理诉求
4692,89.29,133.41,-44.11999999999999,合理诉求
4693,135.76,627.7,-491.94000000000005,合理诉求
4694,493.37,722.98,-229.61,合理诉求
4695,77.65,157.12,-79.47,合理诉求
4696,729.87,1534.68,-804.8100000000001,合理诉求
4697,41.76,314.5,-272.74,合理诉求
4698,58.19,175.6,-117.41,合理诉求
4699,5.95,102.79,-96.84,合理诉求
4700,89.88,128.62,-38.74000000000001,合理诉求
4701,454.87,1289.37,-834.4999999999999,合理诉求
4702,417.62,1169.08,-751.4599999999999,合理诉求
4703,277.0,1885.38,-1608.38,诉求偏高
4704,39.44,342.67,-303.23,合理诉求
4705,81.41,597.09,-515.6800000000001,合理诉求
4706,570.37,633.33,-62.96000000000004,合理诉求
4707,7.35,100.48,-93.13,合理诉求
4708,171.12,528.88,-357.76,合理诉求
4709,1140.23,1714.68,-574.45,合理诉求
4710,210.65,1009.79,-799.14,合理诉求
4711,364.07,369.24,-5.170000000000016,合理诉求
4712,443.47,1105.45,-661.98,合理诉求
4713,365.44,987.53,-622.0899999999999,合理诉求
4714,572.75,1209.13,-636.3800000000001,合理诉求
4715,132.82,485.1,-352.28000000000003,合理诉求
4716,270.58,731.29,-460.71,合理诉求
4717,151.54,201.21,-49.670000000000016,合理诉求
4718,546.29,991.99,-445.7000000000001,合理诉求
4719,337.28,1410.27,-1072.99,合理诉求
4720,278.72,656.65,-377.93,合理诉求
4721,552.04,2567.49,-2015.45,合理诉求
4722,240.72,1578.76,-1338.04,诉求偏高
4723,68.17,184.14,-115.96999999999998,合理诉求
4724,702.55,1655.18,-952.63,合理诉求
4725,178.19,617.88,-439.69,合理诉求
4726,363.82,531.15,-167.32999999999998,合理诉求
4727,111.09,891.79,-780.6999999999999,诉求偏高
4728,45.58,190.53,-144.95,合理诉求
4729,513.33,1968.52,-1455.19,合理诉求
4730,42.03,179.26,-137.23,合理诉求
4731,21.98,177.32,-155.34,合理诉求
4732,46.18,265.66,-219.48,合理诉求
4733,90.45,109.43,-18.980000000000004,合理诉求
4734,393.09,833.38,-440.29,合理诉求
4735,135.18,147.23,-12.049999999999985,合理诉求
4736,169.24,633.83,-464.59,合理诉求
4737,111.93,953.04,-841.1099999999999,诉求偏高
4738,804.09,1798.78,-994.69,合理诉求
4739,226.67,389.66,-162.99000000000004,合理诉求
4740,19.86,102.7,-82.84,合理诉求
4741,258.39,664.79,-406.4,合理诉求
4742,163.38,284.77,-121.39,合理诉求
4743,23.51,281.94,-258.43,合理诉求
4744,299.16,516.18,-217.01999999999992,合理诉求
4745,629.81,1249.92,-620.1100000000001,合理诉求
4746,254.55,309.68,-55.13,合理诉求
4747,362.18,836.23,-474.05,合理诉求
4748,681.03,1179.45,-498.4200000000001,合理诉求
4749,323.79,713.6,-389.81,合理诉求
4750,120.66,154.75,-34.09,合理诉求
4751,937.86,2014.99,-1077.13,合理诉求
4752,47.32,105.2,-57.88,合理诉求
4753,384.34,496.28,-111.94,合理诉求
4754,57.28,169.54,-112.26,合理诉求
4755,103.51,118.68,-15.170000000000002,合理诉求
4756,220.41,347.22,-126.81000000000004,合理诉求
4757,389.31,636.63,-247.32,合理诉求
4758,334.59,503.11,-168.52000000000004,合理诉求
4759,9.84,127.43,-117.59,合理诉求
4760,22.64,100.31,-77.67,合理诉求
4761,114.77,895.19,-780.4200000000001,诉求偏高
4762,202.9,845.38,-642.48,合理诉求
4763,36.38,124.16,-87.78,合理诉求
4764,258.5,654.74,-396.24,合理诉求
4765,232.82,359.87,-127.05,合理诉求
4766,50.55,137.52,-86.97000000000001,合理诉求
4767,16.34,111.54,-95.2,合理诉求
4768,300.0,320.7,-20.69999999999999,合理诉求
4769,50.25,176.56,-126.31,合理诉求
4770,164.83,1024.3,-859.4699999999999,诉求偏高
4771,546.06,809.63,-263.57000000000005,合理诉求
4772,84.79,886.54,-801.75,诉求偏高
4773,355.93,673.85,-317.92,合理诉求
4774,138.18,423.56,-285.38,合理诉求
4775,30.13,182.6,-152.47,合理诉求
4776,111.07,1085.91,-974.84,诉求偏高
4777,423.19,989.08,-565.8900000000001,合理诉求
4778,259.63,292.21,-32.579999999999984,合理诉求
4779,757.65,2618.76,-1861.11,合理诉求
4780,474.27,665.6,-191.33000000000004,合理诉求
4781,77.94,208.15,-130.21,合理诉求
4782,73.31,142.45,-69.13999999999999,合理诉求
4783,140.6,810.4,-669.8,诉求偏高
4784,487.37,1023.8,-536.43,合理诉求
4785,4.62,142.85,-138.23,合理诉求
4786,1.36,100.93,-99.57,合理诉求
4787,220.86,545.86,-325.0,合理诉求
4788,61.57,835.17,-773.5999999999999,诉求偏高
4789,311.75,670.09,-358.34000000000003,合理诉求
4790,239.47,2017.07,-1777.6,严重超额
4791,105.45,610.0,-504.55,合理诉求
4792,321.04,1661.45,-1340.41,诉求偏高
4793,301.72,2001.21,-1699.49,诉求偏高
4794,62.86,123.85,-60.99,合理诉求
4795,238.82,362.89,-124.07,合理诉求
4796,350.16,1157.43,-807.27,合理诉求
4797,434.1,750.65,-316.54999999999995,合理诉求
4798,62.74,116.16,-53.42,合理诉求
4799,702.39,1194.55,-492.16,合理诉求
4800,178.17,415.93,-237.76,合理诉求
4801,72.42,284.79,-212.37,合理诉求
4802,506.01,2539.85,-2033.84,合理诉求
4803,86.52,612.94,-526.4200000000001,合理诉求
4804,282.71,669.74,-387.03,合理诉求
4805,248.83,496.53,-247.7,合理诉求
4806,227.78,321.33,-93.54999999999998,合理诉求
4807,258.44,572.51,-314.07,合理诉求
4808,500.43,1906.43,-1406.0,合理诉求
4809,256.48,373.14,-116.65999999999995,合理诉求
4810,48.43,281.12,-232.69,合理诉求
4811,60.04,122.65,-62.61000000000001,合理诉求
4812,82.81,108.54,-25.730000000000004,合理诉求
4813,232.15,339.52,-107.36999999999998,合理诉求
4814,24.88,119.35,-94.47,合理诉求
4815,14.96,168.1,-153.14,合理诉求
4816,296.15,644.73,-348.58000000000004,合理诉求
4817,396.67,1197.2,-800.53,合理诉求
4818,139.1,736.48,-597.38,诉求偏高
4819,745.18,1558.07,-812.89,合理诉求
4820,173.79,207.55,-33.76000000000002,合理诉求
4821,278.04,680.73,-402.69,合理诉求
4822,363.22,510.35,-147.13,合理诉求
4823,194.82,246.08,-51.26000000000002,合理诉求
4824,266.05,295.61,-29.56,合理诉求
4825,777.12,2207.61,-1430.4900000000002,合理诉求
4826,188.13,396.82,-208.69,合理诉求
4827,178.14,251.41,-73.27000000000001,合理诉求
4828,601.92,2370.16,-1768.2399999999998,合理诉求
4829,281.28,2066.88,-1785.6,诉求偏高
4830,75.12,146.2,-71.07999999999998,合理诉求
4831,172.46,539.08,-366.62,合理诉求
4832,1270.65,2618.71,-1348.06,合理诉求
4833,135.28,1433.87,-1298.59,严重超额
4834,797.15,3327.14,-2529.99,诉求偏高
4835,341.04,424.14,-83.09999999999997,合理诉求
4836,53.23,107.42,-54.190000000000005,合理诉求
4837,90.84,1332.1,-1241.26,诉求偏高
4838,56.67,106.22,-49.55,合理诉求
4839,126.28,365.91,-239.63,合理诉求
4840,294.58,661.41,-366.83,合理诉求
4841,493.04,1826.47,-1333.43,合理诉求
4842,234.52,290.49,-55.97,合理诉求
4843,162.68,409.53,-246.85,合理诉求
4844,206.39,774.5,-568.11,合理诉求
4845,1669.68,3060.73,-1391.05,合理诉求
4846,29.81,104.07,-74.25999999999999,合理诉求
4847,837.3,3088.93,-2251.63,诉求偏高
4848,16.62,234.99,-218.37,合理诉求
4849,142.3,245.86,-103.56,合理诉求
4850,215.14,363.28,-148.14,合理诉求
4851,182.19,369.61,-187.42,合理诉求
4852,575.17,855.57,-280.4000000000001,合理诉求
4853,627.85,768.41,-140.55999999999997,合理诉求
4854,116.26,221.38,-105.12,合理诉求
4855,689.64,867.36,-177.72000000000003,合理诉求
4856,217.19,370.84,-153.64999999999998,合理诉求
4857,569.83,1005.89,-436.06,合理诉求
4858,345.41,584.73,-239.32,合理诉求
4859,94.71,548.5,-453.79,合理诉求
4860,1454.71,3548.3,-2093.59,合理诉求
4861,242.88,457.01,-214.13,合理诉求
4862,434.34,478.18,-43.84000000000003,合理诉求
4863,319.47,465.41,-145.94,合理诉求
4864,54.54,220.01,-165.47,合理诉求
4865,42.85,113.77,-70.91999999999999,合理诉求
4866,473.18,1567.47,-1094.29,诉求偏高
4867,488.55,1666.96,-1178.41,合理诉求
4868,504.55,1910.21,-1405.66,合理诉求
4869,455.63,1274.32,-818.6899999999999,合理诉求
4870,439.58,524.2,-84.62000000000006,合理诉求
4871,114.56,917.29,-802.73,诉求偏高
4872,20.69,107.6,-86.91,合理诉求
4873,167.67,606.28,-438.61,合理诉求
4874,269.4,331.01,-61.610000000000014,合理诉求
4875,549.97,872.6,-322.63,合理诉求
4876,342.39,1401.73,-1059.34,合理诉求
4877,288.45,995.32,-706.8700000000001,合理诉求
4878,228.87,271.81,-42.94,合理诉求
4879,77.17,333.71,-256.54,合理诉求
4880,754.39,1527.08,-772.6899999999999,合理诉求
4881,49.86,287.45,-237.59,合理诉求
4882,344.1,545.42,-201.31999999999996,合理诉求
4883,68.23,131.01,-62.77999999999999,合理诉求
4884,134.51,505.16,-370.65,合理诉求
4885,441.37,944.3,-502.93,合理诉求
4886,55.24,321.58,-266.34,合理诉求
4887,520.38,2893.6,-2373.22,诉求偏高
4888,54.67,136.32,-81.64999999999999,合理诉求
4889,674.39,1465.92,-791.5300000000001,合理诉求
4890,432.89,659.21,-226.32000000000005,合理诉求
4891,187.19,413.71,-226.52,合理诉求
4892,107.22,189.46,-82.24000000000001,合理诉求
4893,156.61,500.55,-343.94,合理诉求
4894,102.76,988.87,-886.11,诉求偏高
4895,20.79,102.97,-82.18,合理诉求
4896,142.07,657.26,-515.19,合理诉求
4897,43.84,218.67,-174.82999999999998,合理诉求
4898,37.38,419.87,-382.49,诉求偏高
4899,466.74,648.16,-181.42,合理诉求
4900,441.49,496.41,-54.920000000000016,合理诉求
4901,23.74,333.5,-309.76,合理诉求
4902,164.86,605.96,-441.1,合理诉求
4903,3.27,102.45,-99.18,合理诉求
4904,574.76,1534.45,-959.69,合理诉求
4905,126.42,208.6,-82.17999999999999,合理诉求
4906,400.54,537.51,-136.96999999999997,合理诉求
4907,246.91,434.25,-187.34,合理诉求
4908,336.29,1146.17,-809.8800000000001,合理诉求
4909,154.19,621.01,-466.82,合理诉求
4910,419.85,734.61,-314.76,合理诉求
4911,105.41,291.27,-185.86,合理诉求
4912,303.77,1131.86,-828.0899999999999,合理诉求
4913,425.18,847.56,-422.38,合理诉求
4914,119.96,191.23,-71.27,合理诉求
4915,242.3,805.76,-563.46,合理诉求
4916,404.67,458.71,-54.03999999999997,合理诉求
4917,658.97,2284.9,-1625.93,合理诉求
4918,46.28,101.49,-55.21,合理诉求
4919,70.47,177.69,-107.22,合理诉求
4920,43.74,446.39,-402.65,诉求偏高
4921,31.49,196.94,-165.45,合理诉求
4922,300.56,827.29,-526.73,合理诉求
4923,562.87,956.34,-393.47,合理诉求
4924,28.19,130.89,-102.7,合理诉求
4925,45.62,223.48,-177.86,合理诉求
4926,25.6,132.34,-106.74,合理诉求
4927,425.65,1701.86,-1276.21,诉求偏高
4928,39.7,409.12,-369.42,诉求偏高
4929,327.47,501.49,-174.01999999999998,合理诉求
4930,333.48,407.96,-74.47999999999996,合理诉求
4931,36.11,126.2,-90.09,合理诉求
4932,562.18,2570.4,-2008.2200000000005,合理诉求
4933,365.32,1003.15,-637.8299999999999,合理诉求
4934,324.6,822.73,-498.13,合理诉求
4935,199.27,342.89,-143.61999999999998,合理诉求
4936,333.37,1293.11,-959.74,合理诉求
4937,184.98,386.97,-201.99000000000004,合理诉求
4938,283.62,795.38,-511.76,合理诉求
4939,80.04,184.77,-104.73,合理诉求
4940,232.63,801.35,-568.72,合理诉求
4941,509.5,2532.26,-2022.76,合理诉求
4942,715.58,3062.9,-2347.32,诉求偏高
4943,103.43,122.69,-19.25999999999999,合理诉求
4944,396.72,1443.43,-1046.71,合理诉求
4945,309.05,541.54,-232.48999999999995,合理诉求
4946,107.46,514.5,-407.04,合理诉求
4947,144.07,267.05,-122.98000000000002,合理诉求
4948,323.72,1910.71,-1586.99,诉求偏高
4949,295.98,1150.87,-854.8899999999999,合理诉求
4950,103.84,1189.04,-1085.2,诉求偏高
4951,369.53,762.79,-393.26,合理诉求
4952,243.5,1949.58,-1706.08,诉求偏高
4953,91.4,187.21,-95.81,合理诉求
4954,588.35,2143.11,-1554.7600000000002,合理诉求
4955,89.99,359.63,-269.64,合理诉求
4956,519.19,961.37,-442.18,合理诉求
4957,90.12,205.64,-115.51999999999998,合理诉求
4958,111.5,116.67,-5.170000000000002,合理诉求
4959,618.73,2648.55,-2029.82,合理诉求
4960,683.03,1388.95,-705.9200000000001,合理诉求
4961,264.78,1499.0,-1234.22,诉求偏高
4962,193.72,296.16,-102.44000000000004,合理诉求
4963,680.11,1634.32,-954.21,合理诉求
4964,156.44,1157.94,-1001.5,诉求偏高
4965,337.17,2218.52,-1881.35,诉求偏高
4966,725.57,3424.6,-2699.03,诉求偏高
4967,385.26,1180.18,-794.9200000000001,合理诉求
4968,136.65,306.6,-169.95000000000002,合理诉求
4969,83.45,498.48,-415.03,合理诉求
4970,1002.87,3057.79,-2054.92,合理诉求
4971,7.02,104.34,-97.32,合理诉求
4972,701.42,3626.59,-2925.17,诉求偏高
4973,845.01,938.34,-93.33000000000004,合理诉求
4974,122.28,338.25,-215.97,合理诉求
4975,528.26,1135.53,-607.27,合理诉求
4976,982.61,1566.06,-583.4499999999999,合理诉求
4977,64.59,248.45,-183.86,合理诉求
4978,52.28,103.45,-51.17,合理诉求
4979,40.52,101.83,-61.31,合理诉求
4980,186.03,455.93,-269.9,合理诉求
4981,182.77,1043.25,-860.48,诉求偏高
4982,51.83,250.89,-199.06,合理诉求
4983,35.68,144.8,-109.12,合理诉求
4984,176.6,767.65,-591.05,合理诉求
4985,25.79,359.71,-333.92,合理诉求
4986,142.66,439.21,-296.54999999999995,合理诉求
4987,61.64,140.91,-79.27,合理诉求
4988,116.41,1438.06,-1321.65,严重超额
4989,76.48,909.03,-832.55,诉求偏高
4990,191.21,635.07,-443.86,合理诉求
4991,90.9,236.98,-146.07999999999998,合理诉求
4992,574.09,1411.19,-837.1,合理诉求
4993,232.52,312.63,-80.10999999999999,合理诉求
4994,424.15,952.69,-528.5400000000001,合理诉求
4995,340.49,920.16,-579.67,合理诉求
4996,156.3,637.88,-481.58,合理诉求
4997,185.8,204.53,-18.72999999999999,合理诉求
4998,63.19,280.2,-217.01,合理诉求
4999,820.97,3597.41,-2776.44,诉求偏高
5000,69.25,142.07,-72.82,合理诉求
5001,161.91,1051.24,-889.33,诉求偏高
5002,120.9,185.97,-65.07,合理诉求
5003,367.89,631.96,-264.07000000000005,合理诉求
5004,190.64,812.1,-621.46,合理诉求
5005,8.62,101.02,-92.4,合理诉求
5006,121.76,725.55,-603.79,诉求偏高
5007,323.65,331.95,-8.300000000000011,合理诉求
5008,95.6,136.14,-40.53999999999999,合理诉求
5009,127.29,763.53,-636.24,诉求偏高
5010,192.65,355.55,-162.9,合理诉求
5011,413.58,415.13,-1.5500000000000114,合理诉求
5012,342.35,502.59,-160.23999999999995,合理诉求
5013,106.72,429.06,-322.34000000000003,合理诉求
5014,510.54,1250.62,-740.0799999999999,合理诉求
5015,23.18,156.39,-133.20999999999998,合理诉求
5016,853.97,1394.07,-540.0999999999999,合理诉求
5017,238.98,562.47,-323.49,合理诉求
5018,35.61,153.7,-118.09,合理诉求
5019,124.69,294.54,-169.85000000000002,合理诉求
5020,362.34,880.67,-518.3299999999999,合理诉求
5021,358.44,1131.67,-773.23,合理诉求
5022,684.8,3253.25,-2568.45,诉求偏高
5023,895.97,2486.6,-1590.63,合理诉求
5024,425.77,978.86,-553.09,合理诉求
5025,84.57,275.83,-191.26,合理诉求
5026,284.79,663.85,-379.06,合理诉求
5027,566.11,1281.72,-715.61,合理诉求
5028,284.53,2016.92,-1732.39,诉求偏高
5029,281.62,837.4,-555.78,合理诉求
5030,135.48,240.35,-104.87,合理诉求
5031,207.61,260.5,-52.88999999999999,合理诉求
5032,305.74,711.88,-406.14,合理诉求
5033,263.69,429.38,-165.69,合理诉求
5034,53.19,803.65,-750.46,诉求偏高
5035,276.8,338.62,-61.81999999999999,合理诉求
5036,108.41,162.66,-54.25,合理诉求
5037,1023.29,4385.19,-3361.9,诉求偏高
5038,406.84,1526.31,-1119.47,诉求偏高
5039,152.01,390.66,-238.65000000000003,合理诉求
5040,86.76,266.03,-179.26999999999998,合理诉求
5041,70.57,173.02,-102.45000000000002,合理诉求
5042,197.09,624.21,-427.12,合理诉求
5043,530.24,1662.42,-1132.18,合理诉求
5044,188.61,509.92,-321.31,合理诉求
5045,457.32,1123.19,-665.8700000000001,合理诉求
5046,220.03,404.32,-184.29,合理诉求
5047,45.38,101.67,-56.29,合理诉求
5048,566.02,667.62,-101.60000000000002,合理诉求
5049,231.75,670.77,-439.02,合理诉求
5050,224.79,350.41,-125.62000000000003,合理诉求
5051,973.74,4212.14,-3238.4000000000005,诉求偏高
5052,67.56,100.47,-32.91,合理诉求
5053,110.45,258.75,-148.3,合理诉求
5054,891.68,1533.07,-641.39,合理诉求
5055,114.19,261.32,-147.13,合理诉求
5056,197.41,772.38,-574.97,合理诉求
5057,323.3,552.18,-228.87999999999997,合理诉求
5058,358.5,775.3,-416.8,合理诉求
5059,35.08,172.76,-137.68,合理诉求
5060,478.79,899.9,-421.11,合理诉求
5061,278.53,1744.18,-1465.65,诉求偏高
5062,59.08,224.98,-165.89999999999998,合理诉求
5063,46.64,137.09,-90.45,合理诉求
5064,122.24,444.06,-321.82,合理诉求
5065,19.31,116.65,-97.34,合理诉求
5066,153.99,184.87,-30.879999999999995,合理诉求
5067,168.5,316.28,-147.77999999999997,合理诉求
5068,402.1,528.9,-126.79999999999995,合理诉求
5069,681.03,3165.81,-2484.78,诉求偏高
5070,926.55,1312.99,-386.44000000000005,合理诉求
5071,57.8,109.52,-51.72,合理诉求
5072,222.33,479.71,-257.38,合理诉求
5073,321.66,1437.27,-1115.61,诉求偏高
5074,490.99,774.89,-283.9,合理诉求
5075,365.74,834.91,-469.17,合理诉求
5076,303.84,639.3,-335.46,合理诉求
5077,63.04,107.11,-44.07,合理诉求
5078,69.7,137.74,-68.04,合理诉求
5079,274.84,641.04,-366.2,合理诉求
5080,777.94,1318.48,-540.54,合理诉求
5081,498.59,2756.76,-2258.17,诉求偏高
5082,465.8,896.35,-430.55,合理诉求
5083,152.68,382.52,-229.84,合理诉求
5084,730.61,1568.08,-837.4699999999999,合理诉求
5085,142.0,634.23,-492.23,合理诉求
5086,156.27,900.36,-744.09,合理诉求
5087,179.37,327.14,-147.76999999999998,合理诉求
5088,608.76,1171.12,-562.3599999999999,合理诉求
5089,525.07,1421.56,-896.4899999999999,合理诉求
5090,171.75,689.99,-518.24,合理诉求
5091,48.4,194.82,-146.42,合理诉求
5092,221.85,557.42,-335.56999999999994,合理诉求
5093,44.85,421.93,-377.08,诉求偏高
5094,57.51,313.36,-255.85,合理诉求
5095,2.68,100.67,-97.99,合理诉求
5096,197.76,306.08,-108.32,合理诉求
5097,140.14,430.87,-290.73,合理诉求
5098,58.8,702.27,-643.47,诉求偏高
5099,512.91,792.64,-279.73,合理诉求
5100,41.73,228.74,-187.01,合理诉求
5101,251.35,425.18,-173.83,合理诉求
5102,101.84,294.48,-192.64,合理诉求
5103,609.92,1199.66,-589.7400000000001,合理诉求
5104,30.1,209.28,-179.18,合理诉求
5105,612.99,732.09,-119.10000000000002,合理诉求
5106,12.85,101.65,-88.80000000000001,合理诉求
5107,282.73,1097.45,-814.72,合理诉求
5108,211.43,620.79,-409.36,合理诉求
5109,498.67,2067.37,-1568.6999999999998,合理诉求
5110,394.36,1265.6,-871.2399999999999,合理诉求
5111,411.24,1298.61,-887.3699999999999,合理诉求
5112,624.35,2193.03,-1568.6800000000003,合理诉求
5113,412.08,1336.35,-924.27,合理诉求
5114,206.46,306.41,-99.95000000000002,合理诉求
5115,398.25,578.51,-180.26,合理诉求
5116,80.62,241.38,-160.76,合理诉求
5117,535.59,802.87,-267.28,合理诉求
5118,309.64,693.14,-383.5,合理诉求
5119,113.03,1306.06,-1193.03,诉求偏高
5120,397.63,592.47,-194.84000000000003,合理诉求
5121,46.67,222.47,-175.8,合理诉求
5122,662.3,1241.62,-579.3199999999999,合理诉求
5123,626.68,786.62,-159.94000000000003,合理诉求
5124,374.67,525.26,-150.58999999999995,合理诉求
5125,117.57,820.13,-702.56,诉求偏高
5126,77.23,120.83,-43.6,合理诉求
5127,223.8,352.26,-128.45999999999998,合理诉求
5128,109.94,249.53,-139.59,合理诉求
5129,316.86,1105.83,-788.9699999999999,合理诉求
5130,294.77,2067.09,-1772.3200000000002,诉求偏高
5131,312.37,439.79,-127.42000000000002,合理诉求
5132,692.95,1033.47,-340.52,合理诉求
5133,128.33,577.17,-448.8399999999999,合理诉求
5134,426.74,484.64,-57.89999999999998,合理诉求
5135,196.42,298.14,-101.72,合理诉求
5136,1218.38,5062.83,-3844.45,严重超额
5137,368.39,692.34,-323.95000000000005,合理诉求
5138,31.25,129.29,-98.04,合理诉求
5139,106.01,436.28,-330.27,合理诉求
5140,139.43,647.18,-507.75,合理诉求
5141,418.88,639.85,-220.97000000000003,合理诉求
5142,307.9,1664.31,-1356.41,诉求偏高
5143,105.92,641.32,-535.4000000000001,合理诉求
5144,901.48,4006.37,-3104.89,诉求偏高
5145,358.17,591.89,-233.72,合理诉求
5146,585.48,679.01,-93.52999999999996,合理诉求
5147,476.43,769.37,-292.94,合理诉求
5148,33.45,214.62,-181.17,合理诉求
5149,566.86,2034.04,-1467.1799999999998,合理诉求
5150,100.0,139.27,-39.27000000000001,合理诉求
5151,459.31,1211.5,-752.19,合理诉求
5152,99.0,289.84,-190.84,合理诉求
5153,172.93,1496.56,-1323.63,诉求偏高
5154,887.44,1595.78,-708.3399999999999,合理诉求
5155,52.16,117.8,-65.64,合理诉求
5156,795.39,2150.7,-1355.31,合理诉求
5157,108.69,292.18,-183.49,合理诉求
5158,35.83,393.02,-357.19,诉求偏高
5159,229.42,288.08,-58.66,合理诉求
5160,471.29,1089.38,-618.0900000000001,合理诉求
5161,27.27,112.74,-85.47,合理诉求
5162,936.59,1769.78,-833.1899999999999,合理诉求
5163,932.75,953.03,-20.279999999999973,合理诉求
5164,65.04,1088.49,-1023.45,严重超额
5165,400.25,1313.6,-913.35,合理诉求
5166,24.1,234.77,-210.67,合理诉求
5167,218.36,916.7,-698.34,合理诉求
5168,203.75,627.81,-424.06,合理诉求
5169,313.8,1231.56,-917.76,合理诉求
5170,42.81,102.51,-59.7,合理诉求
5171,44.58,100.9,-56.32000000000001,合理诉求
5172,51.08,100.22,-49.14,合理诉求
5173,235.36,610.48,-375.12,合理诉求
5174,104.67,338.19,-233.52,合理诉求
5175,73.43,131.37,-57.94,合理诉求
5176,99.33,251.22,-151.89,合理诉求
5177,10.81,155.27,-144.46,合理诉求
5178,562.22,2396.94,-1834.72,合理诉求
5179,357.24,668.97,-311.73,合理诉求
5180,139.27,1893.5,-1754.23,严重超额
5181,712.95,739.52,-26.569999999999936,合理诉求
5182,1181.26,5389.44,-4208.179999999999,严重超额
5183,573.71,2276.2,-1702.4899999999998,合理诉求
5184,201.59,304.69,-103.1,合理诉求
5185,454.58,1463.67,-1009.09,合理诉求
5186,319.9,1280.34,-960.44,合理诉求
5187,574.09,1464.55,-890.4599999999999,合理诉求
5188,261.35,376.12,-114.76999999999998,合理诉求
5189,338.46,1795.57,-1457.11,诉求偏高
5190,129.19,307.04,-177.85000000000002,合理诉求
5191,49.37,127.43,-78.06,合理诉求
5192,134.99,287.37,-152.38,合理诉求
5193,470.67,768.99,-298.32,合理诉求
5194,172.55,412.57,-240.02,合理诉求
5195,366.87,423.38,-56.50999999999999,合理诉求
5196,1468.31,1937.73,-469.4200000000001,合理诉求
5197,684.14,2082.04,-1397.9,合理诉求
5198,194.29,357.38,-163.09,合理诉求
5199,31.83,226.52,-194.69,合理诉求
5200,763.13,1291.56,-528.43,合理诉求
5201,243.97,529.07,-285.1,合理诉求
5202,510.84,773.75,-262.91,合理诉求
5203,240.9,259.82,-18.919999999999987,合理诉求
5204,121.69,581.66,-459.97,合理诉求
5205,581.46,673.28,-91.81999999999994,合理诉求
5206,26.76,382.61,-355.85,诉求偏高
5207,430.28,630.87,-200.59000000000003,合理诉求
5208,717.49,1944.77,-1227.28,合理诉求
5209,36.01,448.65,-412.64,诉求偏高
5210,239.75,372.74,-132.99,合理诉求
5211,52.28,184.46,-132.18,合理诉求
5212,552.91,625.62,-72.71000000000004,合理诉求
5213,296.86,730.72,-433.86,合理诉求
5214,1269.93,3736.85,-2466.92,诉求偏高
5215,93.6,829.48,-735.88,诉求偏高
5216,167.31,564.23,-396.92,合理诉求
5217,130.95,354.32,-223.37,合理诉求
5218,321.83,1566.32,-1244.49,诉求偏高
5219,27.37,136.57,-109.2,合理诉求
5220,644.19,1313.82,-669.6299999999999,合理诉求
5221,165.52,336.75,-171.23,合理诉求
5222,163.42,885.94,-722.5200000000001,合理诉求
5223,423.04,1474.92,-1051.88,合理诉求
5224,235.81,269.92,-34.110000000000014,合理诉求
5225,361.31,454.65,-93.33999999999996,合理诉求
5226,920.51,2426.63,-1506.12,合理诉求
5227,219.53,1166.83,-947.3,诉求偏高
5228,370.1,2200.04,-1829.94,诉求偏高
5229,2.85,245.84,-242.99,合理诉求
5230,652.96,837.42,-184.45999999999992,合理诉求
5231,102.84,146.45,-43.60999999999999,合理诉求
5232,193.69,456.23,-262.54,合理诉求
5233,232.29,513.49,-281.20000000000005,合理诉求
5234,281.02,900.14,-619.12,合理诉求
5235,118.4,663.08,-544.6800000000001,合理诉求
5236,56.36,404.66,-348.3,诉求偏高
5237,242.34,332.65,-90.30999999999996,合理诉求
5238,85.14,234.76,-149.62,合理诉求
5239,404.9,2374.5,-1969.6,诉求偏高
5240,537.32,1637.28,-1099.96,合理诉求
5241,115.87,1780.4,-1664.5300000000002,严重超额
5242,127.42,138.87,-11.450000000000005,合理诉求
5243,51.98,970.71,-918.73,严重超额
5244,521.77,773.01,-251.24,合理诉求
5245,63.14,981.22,-918.08,严重超额
5246,91.46,263.56,-172.10000000000002,合理诉求
5247,91.79,156.74,-64.95,合理诉求
5248,164.54,203.59,-39.05000000000001,合理诉求
5249,318.29,579.29,-260.99999999999994,合理诉求
5250,158.99,439.9,-280.91,合理诉求
5251,257.91,319.36,-61.44999999999999,合理诉求
5252,29.12,130.54,-101.42,合理诉求
5253,291.15,319.47,-28.32000000000005,合理诉求
5254,180.39,926.56,-746.17,合理诉求
5255,321.35,389.93,-68.57999999999998,合理诉求
5256,37.63,157.44,-119.81,合理诉求
5257,34.31,182.37,-148.06,合理诉求
5258,319.37,1069.24,-749.87,合理诉求
5259,106.55,152.88,-46.33,合理诉求
5260,12.86,105.43,-92.57,合理诉求
5261,152.32,778.94,-626.6200000000001,合理诉求
5262,187.99,862.08,-674.09,合理诉求
5263,38.67,100.36,-61.69,合理诉求
5264,343.79,876.95,-533.1600000000001,合理诉求
5265,128.44,330.72,-202.28000000000003,合理诉求
5266,97.26,194.64,-97.37999999999998,合理诉求
5267,137.66,179.5,-41.84,合理诉求
5268,448.95,1182.77,-733.8199999999999,合理诉求
5269,42.12,109.67,-67.55000000000001,合理诉求
5270,275.4,544.07,-268.6700000000001,合理诉求
5271,867.17,2124.63,-1257.46,合理诉求
5272,448.03,932.02,-483.99,合理诉求
5273,186.67,628.52,-441.85,合理诉求
5274,26.62,103.41,-76.78999999999999,合理诉求
5275,813.43,1790.49,-977.06,合理诉求
5276,61.08,189.91,-128.82999999999998,合理诉求
5277,184.38,819.96,-635.58,合理诉求
5278,161.97,273.0,-111.03,合理诉求
5279,197.43,573.94,-376.5100000000001,合理诉求
5280,254.44,1400.57,-1146.13,诉求偏高
5281,780.48,2293.15,-1512.67,合理诉求
5282,119.81,333.03,-213.22,合理诉求
5283,53.19,298.37,-245.18,合理诉求
5284,86.75,231.3,-144.55,合理诉求
5285,190.86,579.18,-388.32,合理诉求
5286,44.24,530.98,-486.74,诉求偏高
5287,149.96,1759.46,-1609.5,诉求偏高
5288,112.39,247.67,-135.27999999999997,合理诉求
5289,47.35,114.09,-66.74000000000001,合理诉求
5290,901.25,2449.72,-1548.4699999999998,合理诉求
5291,169.14,367.76,-198.62,合理诉求
5292,185.47,781.47,-596.0,合理诉求
5293,397.3,663.42,-266.11999999999995,合理诉求
5294,85.13,483.29,-398.16,合理诉求
5295,516.87,1621.12,-1104.25,合理诉求
5296,478.07,1038.47,-560.4000000000001,合理诉求
5297,316.84,400.18,-83.34000000000003,合理诉求
5298,632.42,1268.24,-635.82,合理诉求
5299,862.85,1434.48,-571.63,合理诉求
5300,20.98,105.36,-84.38,合理诉求
5301,149.71,234.09,-84.38,合理诉求
5302,384.7,640.62,-255.92,合理诉求
5303,248.4,280.92,-32.52000000000001,合理诉求
5304,344.15,597.76,-253.61,合理诉求
5305,661.05,2551.01,-1889.9600000000005,合理诉求
5306,46.61,144.9,-98.29,合理诉求
5307,1234.83,2393.92,-1159.09,合理诉求
5308,66.71,823.46,-756.75,诉求偏高
5309,594.71,754.69,-159.98000000000002,合理诉求
5310,193.83,475.69,-281.86,合理诉求
5311,112.37,400.25,-287.88,合理诉求
5312,103.8,205.99,-102.19,合理诉求
5313,617.95,2281.25,-1663.3,合理诉求
5314,102.05,108.92,-6.8700000000000045,合理诉求
5315,276.26,658.46,-382.2000000000001,合理诉求
5316,43.15,133.67,-90.51999999999998,合理诉求
5317,286.8,1565.03,-1278.23,诉求偏高
5318,141.75,166.1,-24.349999999999994,合理诉求
5319,1328.81,2144.26,-815.4500000000003,合理诉求
5320,55.83,340.49,-284.66,合理诉求
5321,104.09,184.37,-80.28,合理诉求
5322,277.38,1072.62,-795.2399999999999,合理诉求
5323,192.7,523.91,-331.21,合理诉求
5324,272.51,284.87,-12.360000000000014,合理诉求
5325,434.81,2804.35,-2369.54,严重超额
5326,134.21,451.29,-317.08000000000004,合理诉求
5327,64.31,146.62,-82.31,合理诉求
5328,311.73,447.76,-136.02999999999997,合理诉求
5329,529.09,650.32,-121.23000000000002,合理诉求
5330,447.79,1966.68,-1518.89,诉求偏高
5331,1509.66,1789.82,-280.15999999999985,合理诉求
5332,198.29,342.53,-144.23999999999998,合理诉求
5333,97.17,127.24,-30.069999999999997,合理诉求
5334,518.06,1134.71,-616.6500000000001,合理诉求
5335,375.49,1322.69,-947.2,合理诉求
5336,83.7,377.14,-293.44,合理诉求
5337,121.22,1248.52,-1127.3,诉求偏高
5338,58.47,140.77,-82.30000000000001,合理诉求
5339,228.57,546.98,-318.41,合理诉求
5340,524.3,563.0,-38.700000000000045,合理诉求
5341,1083.02,4338.06,-3255.0400000000004,诉求偏高
5342,465.72,1351.55,-885.8299999999999,合理诉求
5343,37.99,262.39,-224.4,合理诉求
5344,116.54,123.92,-7.3799999999999955,合理诉求
5345,156.05,462.78,-306.73,合理诉求
5346,40.79,294.57,-253.78,合理诉求
5347,610.88,2305.52,-1694.64,合理诉求
5348,222.32,905.79,-683.47,合理诉求
5349,607.74,1322.68,-714.94,合理诉求
5350,271.09,1033.71,-762.6200000000001,合理诉求
5351,496.59,875.14,-378.55,合理诉求
5352,189.88,295.33,-105.45,合理诉求
5353,827.92,1093.71,-265.7900000000001,合理诉求
5354,176.59,649.72,-473.13,合理诉求
5355,612.78,1078.35,-465.57,合理诉求
5356,316.34,843.36,-527.02,合理诉求
5357,767.28,1033.8,-266.52,合理诉求
5358,141.14,641.07,-499.93000000000006,合理诉求
5359,454.74,630.95,-176.21000000000004,合理诉求
5360,356.6,853.25,-496.65,合理诉求
5361,35.92,104.88,-68.96,合理诉求
5362,177.68,229.64,-51.95999999999998,合理诉求
5363,61.24,120.43,-59.190000000000005,合理诉求
5364,521.49,870.23,-348.74,合理诉求
5365,513.0,1530.49,-1017.49,合理诉求
5366,56.7,123.68,-66.98,合理诉求
5367,491.11,2088.76,-1597.65,合理诉求
5368,229.31,343.0,-113.69,合理诉求
5369,836.23,1573.55,-737.3199999999999,合理诉求
5370,132.59,985.36,-852.77,诉求偏高
5371,407.44,963.72,-556.28,合理诉求
5372,39.54,134.08,-94.54000000000002,合理诉求
5373,25.82,103.78,-77.96000000000001,合理诉求
5374,286.67,813.16,-526.49,合理诉求
5375,411.45,842.74,-431.29,合理诉求
5376,629.4,1899.46,-1270.06,合理诉求
5377,142.84,721.32,-578.48,合理诉求
5378,600.95,1938.08,-1337.13,合理诉求
5379,821.83,1856.65,-1034.8200000000002,合理诉求
5380,39.83,132.63,-92.8,合理诉求
5381,187.83,346.14,-158.30999999999997,合理诉求
5382,374.61,1460.08,-1085.4699999999998,合理诉求
5383,236.64,265.15,-28.50999999999999,合理诉求
5384,9.66,989.42,-979.76,严重超额
5385,340.28,807.95,-467.6700000000001,合理诉求
5386,6.39,538.33,-531.94,诉求偏高
5387,91.16,124.2,-33.040000000000006,合理诉求
5388,443.96,570.41,-126.45,合理诉求
5389,686.01,1429.47,-743.46,合理诉求
5390,42.83,120.91,-78.08,合理诉求
5391,2.74,103.76,-101.02,合理诉求
5392,115.68,1618.81,-1503.13,严重超额
5393,91.11,469.55,-378.44,合理诉求
5394,78.21,540.01,-461.8,合理诉求
5395,142.78,385.39,-242.61,合理诉求
5396,528.85,1970.28,-1441.4299999999998,合理诉求
5397,330.71,588.38,-257.67,合理诉求
5398,570.69,752.7,-182.01,合理诉求
5399,312.21,1098.34,-786.1299999999999,合理诉求
5400,273.44,924.79,-651.3499999999999,合理诉求
5401,63.14,958.8,-895.66,严重超额
5402,94.3,182.72,-88.42,合理诉求
5403,152.36,305.75,-153.39,合理诉求
5404,143.28,620.48,-477.2000000000001,合理诉求
5405,363.71,687.37,-323.66,合理诉求
5406,93.85,467.16,-373.31000000000006,合理诉求
5407,318.91,450.58,-131.66999999999996,合理诉求
5408,274.43,550.25,-275.82,合理诉求
5409,320.74,1087.15,-766.4100000000001,合理诉求
5410,60.34,235.24,-174.9,合理诉求
5411,221.76,323.62,-101.86,合理诉求
5412,133.53,776.04,-642.51,诉求偏高
5413,659.79,2716.09,-2056.3,合理诉求
5414,286.36,506.26,-219.9,合理诉求
5415,354.89,1455.7,-1100.81,诉求偏高
5416,85.17,1214.99,-1129.82,诉求偏高
5417,95.97,139.55,-43.58000000000001,合理诉求
5418,251.51,697.31,-445.8,合理诉求
5419,355.79,959.04,-603.25,合理诉求
5420,1146.82,2216.15,-1069.3300000000002,合理诉求
5421,15.97,137.16,-121.19,合理诉求
5422,109.85,256.23,-146.38000000000002,合理诉求
5423,753.89,1057.86,-303.9699999999999,合理诉求
5424,848.14,1789.67,-941.53,合理诉求
5425,150.73,237.95,-87.22,合理诉求
5426,386.54,849.68,-463.13999999999993,合理诉求
5427,381.51,634.39,-252.88,合理诉求
5428,95.35,123.37,-28.02000000000001,合理诉求
5429,794.24,1541.13,-746.8900000000001,合理诉求
5430,605.43,1017.06,-411.63,合理诉求
5431,24.91,258.21,-233.3,合理诉求
5432,540.17,1060.78,-520.61,合理诉求
5433,363.35,400.93,-37.579999999999984,合理诉求
5434,153.17,1148.79,-995.62,诉求偏高
5435,165.04,428.04,-263.0,合理诉求
5436,319.12,457.96,-138.83999999999995,合理诉求
5437,130.93,150.1,-19.169999999999987,合理诉求
5438,884.58,1132.33,-247.7499999999999,合理诉求
5439,490.43,1218.84,-728.4099999999999,合理诉求
5440,288.03,1918.07,-1630.04,诉求偏高
5441,576.06,1409.98,-833.9200000000001,合理诉求
5442,202.79,386.81,-184.02,合理诉求
5443,841.27,3159.44,-2318.17,诉求偏高
5444,120.87,974.25,-853.38,诉求偏高
5445,689.22,994.99,-305.77,合理诉求
5446,173.66,318.41,-144.75000000000003,合理诉求
5447,4.29,104.19,-99.9,合理诉求
5448,139.05,388.99,-249.94,合理诉求
5449,118.2,494.78,-376.58,合理诉求
5450,65.64,418.73,-353.09000000000003,诉求偏高
5451,710.08,1699.76,-989.68,合理诉求
5452,24.75,106.7,-81.95,合理诉求
5453,134.82,426.35,-291.53000000000003,合理诉求
5454,337.71,1236.53,-898.8199999999999,合理诉求
5455,87.22,897.07,-809.85,诉求偏高
5456,83.28,447.06,-363.78,合理诉求
5457,435.46,1544.42,-1108.96,诉求偏高
5458,1089.75,1894.13,-804.3800000000001,合理诉求
5459,8.27,168.71,-160.44,合理诉求
5460,42.74,104.91,-62.17,合理诉求
5461,338.63,809.25,-470.62,合理诉求
5462,363.0,529.26,-166.26,合理诉求
5463,239.2,345.8,-106.60000000000002,合理诉求
5464,275.54,496.94,-221.4,合理诉求
5465,425.58,1022.88,-597.3,合理诉求
5466,46.86,270.33,-223.47,合理诉求
5467,190.86,485.67,-294.81,合理诉求
5468,16.52,215.16,-198.64,合理诉求
5469,679.85,850.23,-170.38,合理诉求
5470,1091.93,1905.48,-813.55,合理诉求
5471,46.84,388.7,-341.86,诉求偏高
5472,243.63,706.64,-463.01,合理诉求
5473,277.6,289.83,-12.22999999999996,合理诉求
5474,139.89,177.22,-37.33000000000001,合理诉求
5475,582.1,1211.1,-628.9999999999999,合理诉求
5476,322.33,897.97,-575.6400000000001,合理诉求
5477,279.86,372.67,-92.81,合理诉求
5478,411.07,1538.91,-1127.84,诉求偏高
5479,739.76,1428.62,-688.8599999999999,合理诉求
5480,79.51,274.41,-194.90000000000003,合理诉求
5481,37.82,254.83,-217.01,合理诉求
5482,61.73,155.26,-93.53,合理诉求
5483,214.34,304.49,-90.15,合理诉求
5484,438.19,1736.62,-1298.4299999999998,诉求偏高
5485,229.87,1025.1,-795.2299999999999,合理诉求
5486,236.53,980.91,-744.38,合理诉求
5487,124.39,319.4,-195.01,合理诉求
5488,85.82,350.42,-264.6,合理诉求
5489,250.9,400.89,-149.98999999999998,合理诉求
5490,411.78,665.03,-253.25,合理诉求
5491,327.53,487.7,-160.17000000000002,合理诉求
5492,18.43,292.11,-273.68,合理诉求
5493,89.72,259.92,-170.20000000000002,合理诉求
5494,280.7,322.43,-41.73000000000002,合理诉求
5495,893.85,2416.7,-1522.85,合理诉求
5496,134.95,979.82,-844.8700000000001,诉求偏高
5497,219.29,232.98,-13.689999999999998,合理诉求
5498,176.86,713.02,-536.16,合理诉求
5499,188.51,717.1,-528.59,合理诉求
5500,26.87,103.72,-76.85,合理诉求
5501,401.15,882.45,-481.30000000000007,合理诉求
5502,207.18,888.02,-680.8399999999999,合理诉求
5503,312.79,1395.03,-1082.24,合理诉求
5504,235.77,484.62,-248.85,合理诉求
5505,161.88,260.29,-98.41000000000004,合理诉求
5506,692.44,981.35,-288.91,合理诉求
5507,400.57,770.7,-370.13000000000005,合理诉求
5508,279.84,618.04,-338.2,合理诉求
5509,1727.13,2719.49,-992.3599999999996,合理诉求
5510,423.07,717.94,-294.87000000000006,合理诉求
5511,39.47,265.46,-225.99,合理诉求
5512,217.02,1095.69,-878.6700000000001,诉求偏高
5513,40.66,106.69,-66.03,合理诉求
5514,268.82,356.14,-87.32,合理诉求
5515,270.13,335.14,-65.00999999999999,合理诉求
5516,552.96,1898.02,-1345.06,合理诉求
5517,49.48,1048.02,-998.54,严重超额
5518,15.21,110.44,-95.23,合理诉求
5519,709.63,1181.96,-472.33,合理诉求
5520,29.88,107.02,-77.14,合理诉求
5521,152.83,798.03,-645.1999999999999,合理诉求
5522,106.64,220.3,-113.66,合理诉求
5523,101.36,143.34,-41.98,合理诉求
5524,164.59,411.29,-246.7,合理诉求
5525,22.15,157.64,-135.48999999999998,合理诉求
5526,607.14,1009.63,-402.49,合理诉求
5527,673.65,1225.56,-551.91,合理诉求
5528,73.73,322.41,-248.68,合理诉求
5529,482.1,1769.43,-1287.33,合理诉求
5530,104.45,109.26,-4.810000000000002,合理诉求
5531,24.39,106.53,-82.14,合理诉求
5532,19.18,135.9,-116.72,合理诉求
5533,241.31,242.34,-1.0300000000000011,合理诉求
5534,706.73,1005.6,-298.87,合理诉求
5535,219.25,772.2,-552.95,合理诉求
5536,241.54,590.72,-349.18000000000006,合理诉求
5537,32.18,185.84,-153.66,合理诉求
5538,1117.6,4935.53,-3817.93,严重超额
5539,649.88,756.23,-106.35000000000002,合理诉求
5540,291.54,1249.89,-958.35,合理诉求
5541,62.87,192.1,-129.23,合理诉求
5542,119.33,187.28,-67.95,合理诉求
5543,279.6,634.76,-355.16,合理诉求
5544,122.11,129.42,-7.309999999999988,合理诉求
5545,30.15,194.82,-164.67,合理诉求
5546,1246.54,5202.3,-3955.76,严重超额
5547,298.58,384.65,-86.07,合理诉求
5548,551.9,859.09,-307.19000000000005,合理诉求
5549,93.95,416.23,-322.28000000000003,合理诉求
5550,92.73,222.69,-129.95999999999998,合理诉求
5551,236.97,363.44,-126.47,合理诉求
5552,1297.82,5498.77,-4200.950000000001,严重超额
5553,68.17,387.85,-319.68,合理诉求
5554,756.26,1846.74,-1090.48,合理诉求
5555,148.91,431.49,-282.58000000000004,合理诉求
5556,113.59,846.6,-733.01,诉求偏高
5557,221.5,1057.19,-835.69,诉求偏高
5558,623.37,1215.7,-592.33,合理诉求
5559,541.19,1993.75,-1452.56,合理诉求
5560,230.21,1140.43,-910.22,诉求偏高
5561,34.2,194.13,-159.93,合理诉求
5562,248.39,673.96,-425.5700000000001,合理诉求
5563,294.86,1914.89,-1620.0300000000002,诉求偏高
5564,72.22,170.81,-98.59,合理诉求
5565,350.32,451.78,-101.45999999999998,合理诉求
5566,288.64,629.42,-340.78,合理诉求
5567,843.89,997.14,-153.25,合理诉求
5568,58.18,243.6,-185.42,合理诉求
5569,29.35,109.42,-80.07,合理诉求
5570,211.86,326.11,-114.25,合理诉求
5571,227.45,952.16,-724.71,合理诉求
5572,3.32,101.43,-98.11,合理诉求
5573,45.92,589.2,-543.2800000000001,诉求偏高
5574,891.42,2297.15,-1405.73,合理诉求
5575,116.81,647.45,-530.6400000000001,合理诉求
5576,93.18,385.25,-292.07,合理诉求
5577,98.8,762.19,-663.3900000000001,诉求偏高
5578,119.43,152.91,-33.47999999999999,合理诉求
5579,44.73,112.68,-67.95000000000002,合理诉求
5580,92.74,135.72,-42.98,合理诉求
5581,29.08,167.42,-138.33999999999995,合理诉求
5582,247.6,790.59,-542.99,合理诉求
5583,609.15,1016.01,-406.86,合理诉求
5584,225.43,535.52,-310.09,合理诉求
5585,100.05,410.7,-310.65,合理诉求
5586,70.86,140.74,-69.88000000000001,合理诉求
5587,439.97,1222.07,-782.0999999999999,合理诉求
5588,36.66,118.02,-81.36,合理诉求
5589,1114.6,1537.7,-423.10000000000014,合理诉求
5590,768.27,1981.12,-1212.85,合理诉求
5591,186.73,450.27,-263.54,合理诉求
5592,164.13,462.1,-297.97,合理诉求
5593,500.44,1045.41,-544.97,合理诉求
5594,712.41,737.23,-24.82000000000005,合理诉求
5595,400.07,512.08,-112.01000000000003,合理诉求
5596,215.57,917.93,-702.3599999999999,合理诉求
5597,80.74,1582.64,-1501.9,严重超额
5598,271.52,1319.77,-1048.25,合理诉求
5599,227.15,316.41,-89.26000000000002,合理诉求
5600,216.97,721.69,-504.72,合理诉求
5601,142.37,347.81,-205.44,合理诉求
5602,146.92,1390.86,-1243.9399999999998,诉求偏高
5603,337.07,1377.51,-1040.44,合理诉求
5604,8.14,175.05,-166.91000000000005,合理诉求
5605,314.21,574.65,-260.44,合理诉求
5606,482.5,710.04,-227.54,合理诉求
5607,85.02,451.63,-366.61,合理诉求
5608,53.05,211.03,-157.98000000000002,合理诉求
5609,17.18,224.91,-207.73,合理诉求
5610,392.29,403.04,-10.75,合理诉求
5611,32.99,107.19,-74.19999999999999,合理诉求
5612,132.01,1142.15,-1010.14,诉求偏高
5613,224.02,512.78,-288.76,合理诉求
5614,841.76,4541.87,-3700.11,严重超额
5615,23.94,107.29,-83.35000000000001,合理诉求
5616,149.35,166.49,-17.140000000000015,合理诉求
5617,111.78,594.87,-483.09,合理诉求
5618,153.3,695.14,-541.8399999999999,合理诉求
5619,220.7,493.76,-273.06,合理诉求
5620,258.59,375.97,-117.38000000000004,合理诉求
5621,171.48,710.26,-538.78,合理诉求
5622,13.63,131.77,-118.14,合理诉求
5623,136.62,290.14,-153.51999999999998,合理诉求
5624,213.22,527.75,-314.53,合理诉求
5625,83.45,239.97,-156.51999999999998,合理诉求
5626,908.51,1538.29,-629.78,合理诉求
5627,115.42,149.33,-33.91000000000001,合理诉求
5628,295.1,531.27,-236.17,合理诉求
5629,132.4,225.43,-93.03,合理诉求
5630,45.56,124.71,-79.14999999999999,合理诉求
5631,104.54,179.48,-74.93999999999998,合理诉求
5632,100.58,349.23,-248.65000000000003,合理诉求
5633,66.96,534.0,-467.04,诉求偏高
5634,548.4,563.66,-15.259999999999993,合理诉求
5635,89.17,964.71,-875.5400000000001,诉求偏高
5636,210.41,806.08,-595.6700000000001,合理诉求
5637,111.81,163.06,-51.25,合理诉求
5638,138.44,533.84,-395.4,合理诉求
5639,709.98,1795.31,-1085.33,合理诉求
5640,523.14,771.61,-248.47000000000003,合理诉求
5641,295.81,1092.8,-796.99,合理诉求
5642,671.38,1077.34,-405.9599999999999,合理诉求
5643,31.47,100.23,-68.76,合理诉求
5644,447.19,832.98,-385.79,合理诉求
5645,1057.49,4482.11,-3424.62,诉求偏高
5646,150.37,638.19,-487.8200000000001,合理诉求
5647,373.03,656.92,-283.89,合理诉求
5648,127.96,569.53,-441.57,合理诉求
5649,67.36,307.7,-240.34,合理诉求
5650,762.9,1355.76,-592.86,合理诉求
5651,193.48,446.25,-252.77,合理诉求
5652,606.04,829.51,-223.47000000000003,合理诉求
5653,6.79,215.9,-209.11,合理诉求
5654,119.73,365.6,-245.87,合理诉求
5655,56.58,135.08,-78.50000000000001,合理诉求
5656,482.0,872.09,-390.09,合理诉求
5657,297.01,1288.82,-991.81,合理诉求
5658,575.59,906.45,-330.86,合理诉求
5659,193.43,371.54,-178.11,合理诉求
5660,108.97,390.47,-281.5,合理诉求
5661,455.66,1154.39,-698.73,合理诉求
5662,461.62,1319.98,-858.36,合理诉求
5663,300.3,647.13,-346.83,合理诉求
5664,65.93,123.25,-57.31999999999999,合理诉求
5665,153.92,565.08,-411.1600000000001,合理诉求
5666,144.2,358.54,-214.34000000000003,合理诉求
5667,128.39,395.71,-267.32,合理诉求
5668,745.6,3341.83,-2596.23,诉求偏高
5669,307.14,475.02,-167.88,合理诉求
5670,25.47,308.89,-283.42,合理诉求
5671,524.2,1053.8,-529.5999999999999,合理诉求
5672,15.28,133.9,-118.62,合理诉求
5673,31.72,113.49,-81.77,合理诉求
5674,218.86,380.4,-161.53999999999996,合理诉求
5675,274.99,1007.7,-732.71,合理诉求
5676,196.05,282.25,-86.19999999999999,合理诉求
5677,375.75,735.85,-360.1,合理诉求
5678,409.99,632.59,-222.6,合理诉求
5679,62.57,144.93,-82.36000000000001,合理诉求
5680,609.87,766.69,-156.82000000000005,合理诉求
5681,575.17,2132.02,-1556.85,合理诉求
5682,464.04,772.47,-308.43,合理诉求
5683,226.26,694.96,-468.7000000000001,合理诉求
5684,45.46,101.37,-55.91,合理诉求
5685,1017.01,4151.25,-3134.24,诉求偏高
5686,130.46,430.4,-299.93999999999994,合理诉求
5687,659.97,1115.07,-455.0999999999999,合理诉求
5688,236.53,386.86,-150.33,合理诉求
5689,91.33,288.42,-197.09000000000003,合理诉求
5690,195.32,678.77,-483.45,合理诉求
5691,900.24,2256.05,-1355.8100000000002,合理诉求
5692,345.58,494.56,-148.98000000000002,合理诉求
5693,559.18,801.07,-241.8900000000001,合理诉求
5694,421.31,492.64,-71.32999999999998,合理诉求
5695,744.92,783.46,-38.54000000000008,合理诉求
5696,478.14,518.28,-40.13999999999999,合理诉求
5697,248.31,2691.53,-2443.2200000000003,严重超额
5698,428.84,568.0,-139.16000000000005,合理诉求
5699,296.5,304.83,-8.329999999999984,合理诉求
5700,64.59,132.41,-67.82,合理诉求
5701,69.86,101.35,-31.489999999999995,合理诉求
5702,146.88,1222.66,-1075.7800000000002,诉求偏高
5703,280.02,351.39,-71.37,合理诉求
5704,43.39,110.0,-66.61,合理诉求
5705,571.98,2010.49,-1438.51,合理诉求
5706,35.12,162.64,-127.51999999999998,合理诉求
5707,65.14,113.43,-48.290000000000006,合理诉求
5708,738.57,2387.0,-1648.4299999999998,合理诉求
5709,255.94,425.74,-169.8,合理诉求
5710,217.3,506.99,-289.69,合理诉求
5711,809.19,1053.69,-244.5,合理诉求
5712,128.32,1131.82,-1003.5,诉求偏高
5713,41.41,101.61,-60.2,合理诉求
5714,132.23,817.23,-685.0,诉求偏高
5715,32.69,100.27,-67.58,合理诉求
5716,664.91,3674.43,-3009.52,诉求偏高
5717,210.99,1040.33,-829.3399999999999,诉求偏高
5718,835.34,1745.9,-910.56,合理诉求
5719,243.54,352.69,-109.15,合理诉求
5720,327.3,363.8,-36.5,合理诉求
5721,177.8,414.4,-236.6,合理诉求
5722,10.65,190.49,-179.84,合理诉求
5723,715.55,1529.05,-813.5,合理诉求
5724,41.69,260.39,-218.7,合理诉求
5725,450.07,609.73,-159.66000000000005,合理诉求
5726,168.97,518.45,-349.48,合理诉求
5727,217.36,1026.07,-808.7099999999999,诉求偏高
5728,100.32,273.74,-173.42000000000002,合理诉求
5729,512.94,1448.43,-935.49,合理诉求
5730,340.31,858.03,-517.72,合理诉求
5731,216.22,776.28,-560.06,合理诉求
5732,33.51,229.11,-195.6,合理诉求
5733,888.84,1365.16,-476.3200000000001,合理诉求
5734,1077.27,1563.77,-486.5,合理诉求
5735,84.63,465.66,-381.03,合理诉求
5736,204.4,2152.48,-1948.08,严重超额
5737,565.2,1914.54,-1349.34,合理诉求
5738,58.76,102.67,-43.91,合理诉求
5739,273.6,518.05,-244.44999999999996,合理诉求
5740,328.75,750.08,-421.33,合理诉求
5741,119.53,287.13,-167.6,合理诉求
5742,582.85,1836.39,-1253.54,合理诉求
5743,455.33,839.21,-383.88000000000005,合理诉求
5744,153.63,616.26,-462.63,合理诉求
5745,129.35,1478.48,-1349.13,严重超额
5746,1.76,122.74,-120.98,合理诉求
5747,11.63,104.5,-92.87,合理诉求
5748,135.79,262.11,-126.32000000000002,合理诉求
5749,21.86,205.56,-183.7,合理诉求
5750,109.82,116.52,-6.700000000000003,合理诉求
5751,311.24,606.75,-295.51,合理诉求
5752,301.04,572.02,-270.98,合理诉求
5753,243.0,399.0,-156.0,合理诉求
5754,224.69,459.28,-234.59,合理诉求
5755,132.76,180.26,-47.5,合理诉求
5756,670.81,1566.79,-895.98,合理诉求
5757,36.99,112.86,-75.87,合理诉求
5758,664.5,1210.08,-545.5799999999999,合理诉求
5759,28.76,141.54,-112.78,合理诉求
5760,59.42,564.43,-505.00999999999993,诉求偏高
5761,195.22,310.84,-115.61999999999998,合理诉求
5762,727.45,1245.5,-518.05,合理诉求
5763,5.75,158.99,-153.24,合理诉求
5764,305.53,1821.66,-1516.13,诉求偏高
5765,212.71,397.13,-184.42,合理诉求
5766,213.9,387.52,-173.61999999999998,合理诉求
5767,996.58,1988.89,-992.31,合理诉求
5768,458.85,833.11,-374.26,合理诉求
5769,156.2,238.86,-82.66000000000003,合理诉求
5770,149.18,830.46,-681.28,合理诉求
5771,482.82,2613.85,-2131.03,诉求偏高
5772,155.3,949.51,-794.21,合理诉求
5773,415.73,660.43,-244.69999999999996,合理诉求
5774,117.87,259.33,-141.45999999999998,合理诉求
5775,230.02,416.91,-186.89,合理诉求
5776,17.03,102.51,-85.48,合理诉求
5777,67.44,159.18,-91.74,合理诉求
5778,33.23,374.61,-341.38,诉求偏高
5779,50.58,175.66,-125.08,合理诉求
5780,146.77,244.12,-97.35,合理诉求
5781,873.14,1097.2,-224.0600000000001,合理诉求
5782,31.77,676.58,-644.8100000000001,诉求偏高
5783,377.87,695.55,-317.67999999999995,合理诉求
5784,190.16,462.66,-272.5,合理诉求
5785,356.97,914.94,-557.97,合理诉求
5786,5.68,112.57,-106.89,合理诉求
5787,326.03,483.18,-157.15000000000003,合理诉求
5788,318.7,1085.81,-767.1099999999999,合理诉求
5789,671.29,894.66,-223.37,合理诉求
5790,350.06,1129.85,-779.79,合理诉求
5791,326.89,1177.39,-850.5000000000001,合理诉求
5792,569.81,953.92,-384.11,合理诉求
5793,54.44,195.88,-141.44,合理诉求
5794,289.16,582.8,-293.64,合理诉求
5795,475.93,895.16,-419.23,合理诉求
5796,108.41,134.53,-26.120000000000005,合理诉求
5797,45.83,152.53,-106.7,合理诉求
5798,60.62,343.25,-282.63,合理诉求
5799,95.54,163.06,-67.52,合理诉求
5800,592.91,2998.75,-2405.84,诉求偏高
5801,581.18,765.39,-184.21000000000004,合理诉求
5802,7.76,100.08,-92.32,合理诉求
5803,305.58,703.56,-397.98,合理诉求
5804,241.7,337.93,-96.23000000000002,合理诉求
5805,628.56,768.63,-140.07000000000005,合理诉求
5806,43.91,100.18,-56.27000000000001,合理诉求
5807,7.97,100.69,-92.72,合理诉求
5808,28.78,224.79,-196.01,合理诉求
5809,384.67,637.06,-252.38999999999996,合理诉求
5810,126.42,245.21,-118.79,合理诉求
5811,146.06,253.72,-107.66,合理诉求
5812,1381.26,2783.65,-1402.39,合理诉求
5813,191.17,791.18,-600.01,合理诉求
5814,64.9,131.73,-66.82999999999998,合理诉求
5815,74.61,218.2,-143.58999999999995,合理诉求
5816,300.74,1390.71,-1089.97,诉求偏高
5817,355.63,813.89,-458.26,合理诉求
5818,102.08,1651.53,-1549.45,严重超额
5819,0.96,100.01,-99.05,合理诉求
5820,12.7,117.2,-104.5,合理诉求
5821,186.92,471.77,-284.85,合理诉求
5822,39.1,115.49,-76.38999999999999,合理诉求
5823,182.05,659.05,-477.0,合理诉求
5824,205.73,600.16,-394.43,合理诉求
5825,204.36,228.11,-23.75,合理诉求
5826,937.3,4352.09,-3414.79,诉求偏高
5827,51.93,121.41,-69.47999999999999,合理诉求
5828,716.69,1264.11,-547.4199999999998,合理诉求
5829,59.97,107.93,-47.96000000000001,合理诉求
5830,434.49,996.73,-562.24,合理诉求
5831,43.34,286.69,-243.35,合理诉求
5832,98.51,199.65,-101.14,合理诉求
5833,1.7,100.58,-98.88,合理诉求
5834,95.51,637.63,-542.12,合理诉求
5835,191.13,1095.91,-904.78,诉求偏高
5836,385.11,763.61,-378.5,合理诉求
5837,467.63,709.05,-241.42,合理诉求
5838,989.68,2166.34,-1176.6600000000003,合理诉求
5839,267.22,831.57,-564.35,合理诉求
5840,654.24,854.67,-200.42999999999995,合理诉求
5841,262.23,1986.91,-1724.68,严重超额
5842,85.39,116.61,-31.22,合理诉求
5843,472.42,930.8,-458.38,合理诉求
5844,56.69,311.5,-254.81,合理诉求
5845,139.53,360.92,-221.39,合理诉求
5846,251.55,272.3,-20.75,合理诉求
5847,34.98,110.27,-75.28999999999999,合理诉求
5848,453.08,3298.81,-2845.73,严重超额
5849,521.84,1577.84,-1056.0,合理诉求
5850,182.83,198.4,-15.569999999999991,合理诉求
5851,127.26,433.64,-306.38,合理诉求
5852,176.47,347.53,-171.05999999999997,合理诉求
5853,158.07,1317.31,-1159.24,诉求偏高
5854,62.17,115.9,-53.73,合理诉求
5855,188.05,1328.95,-1140.9,诉求偏高
5856,246.91,326.89,-79.97999999999999,合理诉求
5857,189.15,749.74,-560.59,合理诉求
5858,286.68,1288.89,-1002.21,合理诉求
5859,129.87,159.54,-29.669999999999987,合理诉求
5860,231.54,543.74,-312.20000000000005,合理诉求
5861,215.3,672.72,-457.42,合理诉求
5862,707.03,2065.77,-1358.74,合理诉求
5863,90.43,368.15,-277.72,合理诉求
5864,291.85,655.08,-363.23,合理诉求
5865,330.79,944.83,-614.04,合理诉求
5866,353.2,917.14,-563.94,合理诉求
5867,319.21,1060.68,-741.47,合理诉求
5868,487.08,941.36,-454.28,合理诉求
5869,297.03,1985.63,-1688.6,诉求偏高
5870,641.02,1192.81,-551.79,合理诉求
5871,159.76,213.15,-53.390000000000015,合理诉求
5872,37.62,126.66,-89.03999999999999,合理诉求
5873,1083.29,1767.76,-684.47,合理诉求
5874,165.65,684.73,-519.08,合理诉求
5875,279.95,665.37,-385.42,合理诉求
5876,9.06,347.73,-338.67,诉求偏高
5877,49.78,184.78,-135.0,合理诉求
5878,301.76,641.95,-340.19000000000005,合理诉求
5879,547.08,1144.23,-597.15,合理诉求
5880,156.14,291.49,-135.35000000000002,合理诉求
5881,214.7,416.1,-201.40000000000003,合理诉求
5882,25.92,157.19,-131.26999999999998,合理诉求
5883,195.59,539.63,-344.04,合理诉求
5884,253.63,585.84,-332.21000000000004,合理诉求
5885,147.86,788.91,-641.05,诉求偏高
5886,295.89,371.82,-75.93,合理诉求
5887,327.06,1197.05,-869.99,合理诉求
5888,253.69,836.45,-582.76,合理诉求
5889,70.5,243.99,-173.49,合理诉求
5890,258.43,1519.94,-1261.51,诉求偏高
5891,72.29,156.93,-84.64,合理诉求
5892,248.79,802.65,-553.86,合理诉求
5893,78.24,113.22,-34.980000000000004,合理诉求
5894,712.1,1254.16,-542.0600000000001,合理诉求
5895,1164.82,2815.97,-1651.15,合理诉求
5896,304.73,391.18,-86.44999999999999,合理诉求
5897,243.27,257.35,-14.080000000000013,合理诉求
5898,172.66,2300.24,-2127.58,严重超额
5899,333.21,1083.12,-749.9099999999999,合理诉求
5900,53.99,187.05,-133.06,合理诉求
5901,66.55,201.59,-135.04000000000002,合理诉求
5902,129.83,168.51,-38.67999999999998,合理诉求
5903,116.18,830.51,-714.3299999999999,诉求偏高
5904,72.91,259.78,-186.87,合理诉求
5905,124.06,147.23,-23.169999999999987,合理诉求
5906,247.7,356.47,-108.77000000000004,合理诉求
5907,622.32,1132.29,-509.9699999999999,合理诉求
5908,338.95,420.06,-81.11000000000001,合理诉求
5909,22.48,634.79,-612.31,诉求偏高
5910,237.3,378.12,-140.82,合理诉求
5911,546.63,1045.12,-498.4899999999999,合理诉求
5912,170.22,176.97,-6.75,合理诉求
5913,127.32,402.84,-275.52,合理诉求
5914,138.51,521.15,-382.64,合理诉求
5915,51.32,106.87,-55.55,合理诉求
5916,675.48,798.03,-122.54999999999995,合理诉求
5917,307.9,490.23,-182.33000000000004,合理诉求
5918,98.19,363.82,-265.63,合理诉求
5919,33.39,247.77,-214.38,合理诉求
5920,207.94,879.69,-671.75,合理诉求
5921,124.33,232.2,-107.87,合理诉求
5922,297.16,621.2,-324.04,合理诉求
5923,92.63,192.79,-100.16,合理诉求
5924,385.21,940.04,-554.8299999999999,合理诉求
5925,152.17,389.16,-236.99000000000004,合理诉求
5926,109.74,176.83,-67.09000000000002,合理诉求
5927,196.67,1122.66,-925.99,诉求偏高
5928,67.56,282.12,-214.56,合理诉求
5929,71.8,335.09,-263.29,合理诉求
5930,618.19,1281.3,-663.1099999999999,合理诉求
5931,15.2,100.92,-85.72,合理诉求
5932,451.4,894.92,-443.52,合理诉求
5933,205.52,456.02,-250.5,合理诉求
5934,426.6,745.12,-318.52,合理诉求
5935,626.85,3036.65,-2409.8,诉求偏高
5936,459.71,818.28,-358.57,合理诉求
5937,679.98,2759.32,-2079.34,合理诉求
5938,234.64,599.44,-364.80000000000007,合理诉求
5939,260.48,1431.76,-1171.28,诉求偏高
5940,196.44,327.33,-130.89,合理诉求
5941,430.57,1255.12,-824.55,合理诉求
5942,493.18,1049.7,-556.52,合理诉求
5943,1252.1,2240.47,-988.37,合理诉求
5944,19.5,108.31,-88.81,合理诉求
5945,127.55,146.9,-19.35000000000001,合理诉求
5946,202.08,323.59,-121.50999999999996,合理诉求
5947,42.72,314.78,-272.05999999999995,合理诉求
5948,277.83,797.53,-519.7,合理诉求
5949,286.63,1816.8,-1530.17,诉求偏高
5950,364.8,1603.32,-1238.52,诉求偏高
5951,145.79,442.12,-296.33000000000004,合理诉求
5952,418.54,791.92,-373.38,合理诉求
5953,1333.03,3463.74,-2130.71,诉求偏高
5954,58.21,373.28,-315.07,合理诉求
5955,61.84,125.07,-63.22999999999999,合理诉求
5956,197.26,646.14,-448.88,合理诉求
5957,42.43,104.38,-61.95,合理诉求
5958,1367.83,1401.97,-34.1400000000001,合理诉求
5959,200.56,1705.29,-1504.73,诉求偏高
5960,455.57,721.16,-265.59,合理诉求
5961,114.0,1343.01,-1229.01,诉求偏高
5962,114.98,175.39,-60.40999999999998,合理诉求
5963,333.47,515.29,-181.81999999999996,合理诉求
5964,144.96,201.59,-56.63,合理诉求
5965,501.11,619.01,-117.89999999999998,合理诉求
5966,147.3,382.76,-235.46,合理诉求
5967,222.34,346.47,-124.13000000000002,合理诉求
5968,130.68,281.18,-150.5,合理诉求
5969,233.28,897.46,-664.1800000000001,合理诉求
5970,577.32,630.54,-53.21999999999992,合理诉求
5971,912.96,1502.57,-589.6099999999999,合理诉求
5972,181.88,881.5,-699.62,合理诉求
5973,154.74,567.61,-412.87,合理诉求
5974,732.46,944.61,-212.15,合理诉求
5975,563.13,2114.9,-1551.77,合理诉求
5976,353.51,433.4,-79.88999999999999,合理诉求
5977,228.27,369.27,-140.99999999999997,合理诉求
5978,357.9,858.87,-500.97,合理诉求
5979,94.47,959.09,-864.62,诉求偏高
5980,440.03,1107.07,-667.04,合理诉求
5981,246.82,484.32,-237.5,合理诉求
5982,843.8,1572.47,-728.6700000000001,合理诉求
5983,160.51,350.67,-190.16000000000005,合理诉求
5984,440.6,1144.56,-703.9599999999999,合理诉求
5985,104.31,217.44,-113.13,合理诉求
5986,695.85,2484.1,-1788.25,合理诉求
5987,342.77,545.3,-202.53,合理诉求
5988,342.63,624.81,-282.17999999999995,合理诉求
5989,285.28,485.88,-200.6,合理诉求
5990,520.32,2394.84,-1874.52,合理诉求
5991,48.58,101.96,-53.38,合理诉求
5992,231.86,262.89,-31.029999999999973,合理诉求
5993,15.09,239.92,-224.83,合理诉求
5994,243.12,369.43,-126.31,合理诉求
5995,1497.38,3168.86,-1671.48,合理诉求
5996,201.9,990.41,-788.51,合理诉求
5997,816.28,3235.84,-2419.5600000000004,诉求偏高
5998,2.12,100.57,-98.45,合理诉求
5999,146.5,477.15,-330.65,合理诉求
6000,265.33,430.6,-165.27000000000004,合理诉求
6001,180.69,698.7,-518.01,合理诉求
6002,287.49,869.8,-582.31,合理诉求
6003,73.68,117.61,-43.92999999999999,合理诉求
6004,60.52,152.23,-91.70999999999998,合理诉求
6005,409.97,1101.6,-691.6299999999999,合理诉求
6006,369.64,649.34,-279.70000000000005,合理诉求
6007,197.5,930.86,-733.36,合理诉求
6008,108.07,484.89,-376.82,合理诉求
6009,44.54,184.09,-139.55,合理诉求
6010,105.07,166.69,-61.620000000000005,合理诉求
6011,819.94,2603.03,-1783.09,合理诉求
6012,22.57,178.5,-155.93,合理诉求
6013,44.99,306.61,-261.62,合理诉求
6014,169.67,214.16,-44.49000000000001,合理诉求
6015,362.02,2001.79,-1639.77,诉求偏高
6016,611.97,2110.87,-1498.9,合理诉求
6017,630.11,1295.13,-665.0200000000001,合理诉求
6018,299.2,331.36,-32.160000000000025,合理诉求
6019,175.58,639.86,-464.28,合理诉求
6020,59.93,344.97,-285.04,合理诉求
6021,75.45,103.34,-27.89,合理诉求
6022,89.58,215.38,-125.8,合理诉求
6023,464.74,3343.29,-2878.55,严重超额
6024,178.31,273.4,-95.08999999999996,合理诉求
6025,110.73,127.69,-16.959999999999994,合理诉求
6026,114.56,1271.98,-1157.42,诉求偏高
6027,199.99,577.45,-377.46,合理诉求
6028,64.91,511.44,-446.53,诉求偏高
6029,149.86,729.75,-579.89,合理诉求
6030,33.8,143.31,-109.51,合理诉求
6031,650.73,1826.59,-1175.86,合理诉求
6032,958.1,2403.76,-1445.6600000000003,合理诉求
6033,52.41,111.35,-58.94,合理诉求
6034,171.57,1130.91,-959.34,诉求偏高
6035,184.24,740.07,-555.83,合理诉求
6036,54.17,151.51,-97.34,合理诉求
6037,284.07,866.29,-582.22,合理诉求
6038,1177.04,2364.37,-1187.33,合理诉求
6039,94.85,140.73,-45.88,合理诉求
6040,73.51,123.49,-49.97999999999999,合理诉求
6041,294.55,2026.78,-1732.23,诉求偏高
6042,13.69,103.73,-90.04,合理诉求
6043,76.09,213.34,-137.25,合理诉求
6044,39.19,101.18,-61.99000000000001,合理诉求
6045,682.81,1245.87,-563.06,合理诉求
6046,70.94,160.26,-89.32,合理诉求
6047,219.9,973.94,-754.0400000000001,合理诉求
6048,185.32,421.87,-236.55,合理诉求
6049,840.56,3561.28,-2720.7200000000003,诉求偏高
6050,407.83,760.55,-352.72,合理诉求
6051,283.9,553.02,-269.12,合理诉求
6052,634.72,2525.74,-1891.02,合理诉求
6053,1170.66,2764.66,-1593.9999999999998,合理诉求
6054,197.43,197.7,-0.2699999999999818,合理诉求
6055,407.25,2613.67,-2206.42,诉求偏高
6056,305.45,776.8,-471.35,合理诉求
6057,130.71,845.33,-714.62,诉求偏高
6058,14.84,101.93,-87.09,合理诉求
6059,44.19,111.47,-67.28,合理诉求
6060,93.85,1203.05,-1109.2,诉求偏高
6061,1099.33,2227.76,-1128.4300000000003,合理诉求
6062,63.56,162.21,-98.65,合理诉求
6063,304.78,619.82,-315.0400000000001,合理诉求
6064,419.62,782.35,-362.73,合理诉求
6065,156.59,401.79,-245.2,合理诉求
6066,215.35,771.91,-556.56,合理诉求
6067,236.34,316.41,-80.07000000000002,合理诉求
6068,1263.04,1904.33,-641.29,合理诉求
6069,504.91,505.38,-0.4699999999999704,合理诉求
6070,58.19,221.36,-163.17000000000002,合理诉求
6071,391.08,568.55,-177.46999999999997,合理诉求
6072,23.86,103.1,-79.24,合理诉求
6073,122.02,897.39,-775.37,诉求偏高
6074,35.69,128.28,-92.59,合理诉求
6075,199.54,683.61,-484.0700000000001,合理诉求
6076,412.93,610.76,-197.83,合理诉求
6077,531.03,2995.3,-2464.2700000000004,诉求偏高
6078,245.29,1205.53,-960.24,诉求偏高
6079,16.83,127.46,-110.63,合理诉求
6080,85.09,270.63,-185.54,合理诉求
6081,89.68,229.83,-140.15,合理诉求
6082,371.18,665.27,-294.09,合理诉求
6083,184.16,350.33,-166.17,合理诉求
6084,529.47,1315.08,-785.6099999999999,合理诉求
6085,121.82,439.75,-317.93,合理诉求
6086,99.8,466.28,-366.48,合理诉求
6087,744.48,3524.59,-2780.11,诉求偏高
6088,34.38,107.16,-72.78,合理诉求
6089,37.92,105.76,-67.84,合理诉求
6090,66.39,100.32,-33.92999999999999,合理诉求
6091,31.23,406.52,-375.29,诉求偏高
6092,1131.71,2285.2,-1153.4899999999998,合理诉求
6093,491.11,491.66,-0.5500000000000114,合理诉求
6094,251.88,298.19,-46.31,合理诉求
6095,104.99,1840.61,-1735.62,严重超额
6096,429.23,815.45,-386.22,合理诉求
6097,346.35,563.44,-217.09000000000003,合理诉求
6098,101.74,316.87,-215.13,合理诉求
6099,391.96,582.66,-190.7,合理诉求
6100,621.74,2956.75,-2335.01,诉求偏高
6101,21.48,100.43,-78.95,合理诉求
6102,12.5,137.11,-124.61,合理诉求
6103,832.04,2248.7,-1416.66,合理诉求
6104,39.98,103.5,-63.52,合理诉求
6105,399.2,1230.04,-830.8399999999999,合理诉求
6106,123.15,276.14,-152.98999999999998,合理诉求
6107,110.94,130.65,-19.710000000000008,合理诉求
6108,80.69,229.18,-148.49,合理诉求
6109,260.51,268.57,-8.060000000000002,合理诉求
6110,1005.03,1023.31,-18.279999999999973,合理诉求
6111,481.16,722.64,-241.48,合理诉求
6112,160.61,359.27,-198.66,合理诉求
6113,204.97,638.67,-433.69999999999993,合理诉求
6114,190.94,630.14,-439.2,合理诉求
6115,93.05,355.42,-262.37,合理诉求
6116,846.59,2127.06,-1280.4699999999998,合理诉求
6117,1124.05,1159.88,-35.830000000000155,合理诉求
6118,220.01,485.83,-265.82,合理诉求
6119,200.4,208.85,-8.449999999999989,合理诉求
6120,382.53,2044.75,-1662.22,诉求偏高
6121,65.07,345.84,-280.77,合理诉求
6122,152.53,453.2,-300.67,合理诉求
6123,37.35,388.6,-351.25,诉求偏高
6124,162.45,213.24,-50.79000000000002,合理诉求
6125,68.76,202.12,-133.36,合理诉求
6126,18.4,119.03,-100.63,合理诉求
6127,46.18,134.56,-88.38,合理诉求
6128,162.34,421.27,-258.92999999999995,合理诉求
6129,56.26,106.15,-49.89000000000001,合理诉求
6130,402.76,450.78,-48.01999999999998,合理诉求
6131,372.69,1513.23,-1140.54,诉求偏高
6132,879.18,1490.8,-611.62,合理诉求
6133,128.25,165.94,-37.69,合理诉求
6134,66.88,941.18,-874.3,严重超额
6135,328.88,334.48,-5.600000000000023,合理诉求
6136,62.9,112.07,-49.17,合理诉求
6137,124.91,316.04,-191.13,合理诉求
6138,48.87,148.79,-99.92,合理诉求
6139,12.71,131.0,-118.29,合理诉求
6140,285.04,415.52,-130.47999999999996,合理诉求
6141,156.34,291.86,-135.52,合理诉求
6142,575.18,1689.2,-1114.02,合理诉求
6143,432.59,445.15,-12.560000000000002,合理诉求
6144,518.67,2346.64,-1827.97,合理诉求
6145,13.74,109.69,-95.95,合理诉求
6146,15.86,100.63,-84.77,合理诉求
6147,186.02,458.53,-272.51,合理诉求
6148,49.29,288.24,-238.95,合理诉求
6149,32.88,131.78,-98.9,合理诉求
6150,218.03,278.13,-60.1,合理诉求
6151,76.98,107.43,-30.450000000000003,合理诉求
6152,530.82,933.55,-402.7299999999999,合理诉求
6153,263.43,758.42,-494.99,合理诉求
6154,153.23,543.26,-390.03,合理诉求
6155,827.99,1776.78,-948.79,合理诉求
6156,298.42,413.99,-115.57,合理诉求
6157,1068.77,1164.83,-96.05999999999996,合理诉求
6158,777.08,1605.35,-828.2699999999999,合理诉求
6159,165.87,439.15,-273.28,合理诉求
6160,164.38,178.84,-14.460000000000008,合理诉求
6161,113.07,731.93,-618.8599999999999,诉求偏高
6162,491.71,776.08,-284.37000000000006,合理诉求
6163,603.02,815.69,-212.67000000000007,合理诉求
6164,438.88,765.76,-326.88,合理诉求
6165,167.54,1462.71,-1295.17,诉求偏高
6166,160.94,164.01,-3.069999999999993,合理诉求
6167,178.81,190.77,-11.960000000000008,合理诉求
6168,138.87,529.6,-390.73,合理诉求
6169,107.06,191.1,-84.03999999999999,合理诉求
6170,128.85,1114.91,-986.06,诉求偏高
6171,325.17,782.91,-457.74,合理诉求
6172,75.86,1148.63,-1072.7700000000002,诉求偏高
6173,618.82,1358.74,-739.92,合理诉求
6174,60.67,100.1,-39.42999999999999,合理诉求
6175,43.71,1629.63,-1585.92,严重超额
6176,99.06,244.69,-145.63,合理诉求
6177,78.85,531.05,-452.19999999999993,合理诉求
6178,146.19,307.95,-161.76,合理诉求
6179,588.6,2110.34,-1521.7400000000002,合理诉求
6180,890.83,3963.15,-3072.32,诉求偏高
6181,420.15,1421.43,-1001.28,合理诉求
6182,319.69,872.8,-553.1099999999999,合理诉求
6183,76.94,201.99,-125.05,合理诉求
6184,114.46,774.07,-659.61,诉求偏高
6185,342.4,617.12,-274.72,合理诉求
6186,62.48,118.48,-56.00000000000001,合理诉求
6187,268.34,363.79,-95.45000000000005,合理诉求
6188,382.78,736.23,-353.45000000000005,合理诉求
6189,45.43,298.89,-253.46,合理诉求
6190,97.29,147.16,-49.86999999999999,合理诉求
6191,314.04,1046.89,-732.8500000000001,合理诉求
6192,23.62,215.43,-191.81,合理诉求
6193,297.04,1246.84,-949.8,合理诉求
6194,356.36,942.48,-586.12,合理诉求
6195,26.95,101.49,-74.53999999999999,合理诉求
6196,149.75,309.71,-159.95999999999998,合理诉求
6197,7.03,100.9,-93.87,合理诉求
6198,183.29,345.75,-162.46,合理诉求
6199,885.86,2718.83,-1832.97,合理诉求
6200,170.95,631.28,-460.33,合理诉求
6201,51.7,121.4,-69.7,合理诉求
6202,709.51,2534.65,-1825.14,合理诉求
6203,1086.73,2151.51,-1064.7800000000002,合理诉求
6204,180.12,259.05,-78.93,合理诉求
6205,343.12,1285.8,-942.68,合理诉求
6206,195.99,302.97,-106.98000000000002,合理诉求
6207,22.94,100.09,-77.15,合理诉求
6208,491.26,1335.85,-844.5899999999999,合理诉求
6209,443.37,1233.84,-790.4699999999999,合理诉求
6210,676.56,2593.79,-1917.23,合理诉求
6211,253.39,1015.81,-762.42,合理诉求
6212,266.23,416.95,-150.71999999999997,合理诉求
6213,759.33,2046.71,-1287.38,合理诉求
6214,839.65,3616.91,-2777.26,诉求偏高
6215,374.27,501.6,-127.33000000000004,合理诉求
6216,616.72,655.46,-38.74000000000001,合理诉求
6217,89.74,465.67,-375.93,合理诉求
6218,833.1,2047.37,-1214.27,合理诉求
6219,363.28,399.46,-36.18000000000001,合理诉求
6220,788.01,914.09,-126.08000000000004,合理诉求
6221,116.67,159.33,-42.66000000000001,合理诉求
6222,510.43,1759.91,-1249.48,合理诉求
6223,49.75,106.34,-56.59,合理诉求
6224,262.91,895.28,-632.3699999999999,合理诉求
6225,29.85,100.09,-70.24000000000001,合理诉求
6226,446.2,1699.98,-1253.78,诉求偏高
6227,56.03,746.91,-690.88,诉求偏高
6228,631.92,1617.92,-986.0,合理诉求
6229,84.97,421.38,-336.41,合理诉求
6230,183.49,647.63,-464.14,合理诉求
6231,865.8,1537.84,-672.04,合理诉求
6232,826.9,1466.86,-639.9599999999999,合理诉求
6233,300.4,360.09,-59.69,合理诉求
6234,216.69,465.45,-248.76,合理诉求
6235,151.98,407.37,-255.39,合理诉求
6236,455.3,797.69,-342.39000000000004,合理诉求
6237,192.47,1638.95,-1446.48,诉求偏高
6238,198.77,473.64,-274.87,合理诉求
6239,17.56,371.05,-353.49,诉求偏高
6240,490.33,3191.24,-2700.91,诉求偏高
6241,319.33,718.67,-399.34,合理诉求
6242,54.4,126.92,-72.52000000000001,合理诉求
6243,249.76,518.72,-268.96000000000004,合理诉求
6244,213.67,1693.75,-1480.08,诉求偏高
6245,331.59,1332.28,-1000.69,合理诉求
6246,92.1,103.29,-11.190000000000012,合理诉求
6247,263.22,2213.95,-1950.73,严重超额
6248,233.99,235.34,-1.3499999999999943,合理诉求
6249,298.2,882.72,-584.52,合理诉求
6250,221.48,340.94,-119.46,合理诉求
6251,142.69,176.71,-34.02000000000001,合理诉求
6252,182.01,1003.49,-821.48,诉求偏高
6253,642.1,893.3,-251.19999999999996,合理诉求
6254,268.26,378.39,-110.13,合理诉求
6255,49.55,110.27,-60.72,合理诉求
6256,917.54,3047.09,-2129.55,诉求偏高
6257,173.18,1275.12,-1101.9399999999998,诉求偏高
6258,337.29,711.29,-374.0,合理诉求
6259,112.05,230.34,-118.29,合理诉求
6260,550.71,696.4,-145.68999999999994,合理诉求
6261,1145.23,2026.09,-880.8599999999999,合理诉求
6262,76.81,104.91,-28.099999999999994,合理诉求
6263,127.35,689.53,-562.18,合理诉求
6264,227.17,1093.1,-865.93,诉求偏高
6265,164.81,517.64,-352.83,合理诉求
6266,802.23,1030.45,-228.22000000000003,合理诉求
6267,349.39,532.27,-182.88,合理诉求
6268,268.57,1565.86,-1297.29,诉求偏高
6269,55.7,149.17,-93.46999999999998,合理诉求
6270,104.53,269.24,-164.71,合理诉求
6271,354.77,595.43,-240.66,合理诉求
6272,365.96,449.3,-83.34000000000003,合理诉求
6273,80.61,164.76,-84.14999999999999,合理诉求
6274,839.08,2724.66,-1885.58,合理诉求
6275,68.55,198.97,-130.42000000000002,合理诉求
6276,95.71,115.42,-19.710000000000008,合理诉求
6277,147.47,574.12,-426.65,合理诉求
6278,225.22,987.16,-761.9399999999999,合理诉求
6279,10.62,100.32,-89.69999999999999,合理诉求
6280,593.62,1662.08,-1068.46,合理诉求
6281,445.57,977.06,-531.49,合理诉求
6282,59.98,340.28,-280.29999999999995,合理诉求
6283,96.18,224.14,-127.95999999999998,合理诉求
6284,1204.6,3186.61,-1982.01,合理诉求
6285,1020.76,2466.06,-1445.3,合理诉求
6286,217.96,583.8,-365.8399999999999,合理诉求
6287,366.82,869.87,-503.05,合理诉求
6288,255.45,371.41,-115.96000000000004,合理诉求
6289,305.9,359.42,-53.52000000000004,合理诉求
6290,390.03,555.54,-165.51,合理诉求
6291,183.76,289.03,-105.26999999999998,合理诉求
6292,36.14,173.39,-137.25,合理诉求
6293,34.85,100.26,-65.41,合理诉求
6294,265.95,425.68,-159.73000000000002,合理诉求
6295,362.74,389.79,-27.05000000000001,合理诉求
6296,470.62,747.46,-276.84000000000003,合理诉求
6297,450.58,2240.18,-1789.6,诉求偏高
6298,513.06,1237.71,-724.6500000000001,合理诉求
6299,198.11,662.26,-464.15,合理诉求
6300,197.93,822.65,-624.72,合理诉求
6301,715.37,1819.26,-1103.89,合理诉求
6302,356.11,909.59,-553.48,合理诉求
6303,43.24,176.64,-133.39999999999998,合理诉求
6304,531.49,880.17,-348.67999999999995,合理诉求
6305,518.23,1657.53,-1139.3,合理诉求
6306,50.12,138.44,-88.32,合理诉求
6307,129.23,387.47,-258.24,合理诉求
6308,914.79,2328.33,-1413.54,合理诉求
6309,450.7,2227.02,-1776.32,诉求偏高
6310,319.97,929.75,-609.78,合理诉求
6311,38.67,230.51,-191.84,合理诉求
6312,215.38,342.94,-127.56,合理诉求
6313,70.5,121.08,-50.58,合理诉求
6314,612.36,1108.54,-496.18,合理诉求
6315,826.37,841.65,-15.279999999999973,合理诉求
6316,161.57,1024.06,-862.49,诉求偏高
6317,183.87,450.76,-266.89,合理诉求
6318,29.55,176.8,-147.25,合理诉求
6319,426.74,1269.96,-843.22,合理诉求
6320,87.61,858.67,-771.06,诉求偏高
6321,763.56,2187.91,-1424.35,合理诉求
6322,636.68,1876.7,-1240.02,合理诉求
6323,168.35,752.52,-584.17,合理诉求
6324,104.51,168.94,-64.42999999999999,合理诉求
6325,64.8,187.9,-123.1,合理诉求
6326,947.97,3689.38,-2741.41,诉求偏高
6327,137.84,416.69,-278.85,合理诉求
6328,172.53,250.55,-78.02000000000001,合理诉求
6329,29.56,101.11,-71.55,合理诉求
6330,560.6,1965.6,-1405.0,合理诉求
6331,1055.95,2494.62,-1438.6699999999998,合理诉求
6332,74.85,309.44,-234.59,合理诉求
6333,143.91,155.08,-11.170000000000016,合理诉求
6334,732.3,1518.95,-786.6500000000001,合理诉求
6335,568.53,1920.95,-1352.42,合理诉求
6336,69.23,199.07,-129.83999999999995,合理诉求
6337,333.13,546.7,-213.57000000000005,合理诉求
6338,397.74,1000.51,-602.77,合理诉求
6339,54.95,362.28,-307.33,合理诉求
6340,142.36,371.63,-229.27,合理诉求
6341,323.98,423.15,-99.16999999999996,合理诉求
6342,561.06,667.57,-106.5100000000001,合理诉求
6343,124.39,672.3,-547.91,合理诉求
6344,270.8,2207.74,-1936.94,诉求偏高
6345,138.34,443.55,-305.21000000000004,合理诉求
6346,135.44,1060.55,-925.11,诉求偏高
6347,154.04,465.33,-311.29,合理诉求
6348,175.16,307.17,-132.01000000000002,合理诉求
6349,127.59,355.07,-227.48,合理诉求
6350,84.21,402.78,-318.57,合理诉求
6351,594.31,1069.57,-475.26,合理诉求
6352,200.94,652.55,-451.61,合理诉求
6353,146.34,645.57,-499.23,合理诉求
6354,779.99,4287.99,-3508.0,严重超额
6355,226.27,284.3,-58.03,合理诉求
6356,371.01,1217.75,-846.74,合理诉求
6357,580.26,1780.7,-1200.44,合理诉求
6358,680.49,1652.47,-971.98,合理诉求
6359,493.75,1006.95,-513.2,合理诉求
6360,227.33,559.0,-331.67,合理诉求
6361,109.19,137.12,-27.930000000000007,合理诉求
6362,642.13,1514.5,-872.37,合理诉求
6363,789.14,1288.53,-499.39,合理诉求
6364,55.09,215.56,-160.47,合理诉求
6365,262.76,978.76,-716.0,合理诉求
6366,1088.06,1194.18,-106.12000000000012,合理诉求
6367,140.83,196.98,-56.14999999999998,合理诉求
6368,35.82,153.44,-117.62,合理诉求
6369,469.65,3303.62,-2833.97,严重超额
6370,19.2,109.64,-90.44,合理诉求
6371,728.96,1433.55,-704.5899999999999,合理诉求
6372,127.1,286.01,-158.91,合理诉求
6373,67.41,782.14,-714.73,诉求偏高
6374,363.12,1974.23,-1611.11,诉求偏高
6375,154.74,831.29,-676.55,合理诉求
6376,168.78,388.12,-219.34,合理诉求
6377,289.1,619.73,-330.63,合理诉求
6378,97.97,351.12,-253.15,合理诉求
6379,311.03,404.45,-93.42000000000002,合理诉求
6380,216.93,217.48,-0.549999999999983,合理诉求
6381,686.69,840.8,-154.1099999999999,合理诉求
6382,115.41,493.89,-378.48,合理诉求
6383,213.56,531.96,-318.40000000000003,合理诉求
6384,325.37,358.15,-32.77999999999997,合理诉求
6385,295.65,328.72,-33.07000000000005,合理诉求
6386,656.85,2115.92,-1459.0700000000002,合理诉求
6387,671.68,1931.52,-1259.84,合理诉求
6388,308.68,1162.52,-853.8399999999999,合理诉求
6389,189.1,702.63,-513.53,合理诉求
6390,90.5,848.65,-758.15,诉求偏高
6391,202.86,397.44,-194.58,合理诉求
6392,531.53,663.59,-132.06000000000006,合理诉求
6393,327.96,592.8,-264.84,合理诉求
6394,359.09,521.17,-162.07999999999998,合理诉求
6395,94.08,109.12,-15.040000000000006,合理诉求
6396,661.29,4387.28,-3725.99,严重超额
6397,363.0,843.39,-480.39,合理诉求
6398,377.04,1472.79,-1095.75,诉求偏高
6399,43.27,261.41,-218.14,合理诉求
6400,838.1,2050.42,-1212.3200000000002,合理诉求
6401,156.55,189.05,-32.5,合理诉求
6402,166.14,736.06,-569.92,合理诉求
6403,104.71,433.52,-328.81,合理诉求
6404,281.94,997.4,-715.46,合理诉求
6405,428.74,595.17,-166.42999999999995,合理诉求
6406,224.91,455.35,-230.44000000000003,合理诉求
6407,595.62,671.32,-75.70000000000005,合理诉求
6408,260.48,484.22,-223.74,合理诉求
6409,186.5,301.5,-115.0,合理诉求
6410,190.76,797.86,-607.1,合理诉求
6411,86.79,368.6,-281.81,合理诉求
6412,315.01,556.87,-241.86,合理诉求
6413,651.07,2209.61,-1558.54,合理诉求
6414,166.64,991.5,-824.86,诉求偏高
6415,156.06,275.82,-119.76,合理诉求
6416,34.51,155.24,-120.73000000000002,合理诉求
6417,122.42,450.05,-327.63,合理诉求
6418,249.93,988.14,-738.21,合理诉求
6419,63.41,192.48,-129.07,合理诉求
6420,135.6,556.82,-421.22,合理诉求
6421,73.13,183.09,-109.96,合理诉求
6422,577.78,1267.11,-689.3299999999999,合理诉求
6423,467.52,483.89,-16.370000000000005,合理诉求
6424,192.62,1525.98,-1333.36,诉求偏高
6425,687.3,1414.21,-726.9100000000001,合理诉求
6426,174.23,223.22,-48.99000000000001,合理诉求
6427,462.02,535.29,-73.26999999999998,合理诉求
6428,550.71,1429.7,-878.99,合理诉求
6429,390.14,1187.28,-797.14,合理诉求
6430,493.95,1509.43,-1015.48,合理诉求
6431,527.17,601.17,-74.0,合理诉求
6432,191.84,341.82,-149.98,合理诉求
6433,177.91,245.44,-67.53,合理诉求
6434,186.63,680.45,-493.8200000000001,合理诉求
6435,70.03,251.79,-181.76,合理诉求
6436,756.12,2164.82,-1408.7000000000005,合理诉求
6437,309.23,781.54,-472.31,合理诉求
6438,88.29,293.81,-205.52,合理诉求
6439,672.69,738.66,-65.96999999999991,合理诉求
6440,212.28,1483.27,-1270.99,诉求偏高
6441,27.33,124.58,-97.25,合理诉求
6442,172.04,929.3,-757.26,合理诉求
6443,290.12,500.74,-210.62,合理诉求
6444,152.94,343.51,-190.57,合理诉求
6445,3.65,129.6,-125.95,合理诉求
6446,224.03,594.25,-370.22,合理诉求
6447,566.25,971.89,-405.64,合理诉求
6448,132.5,271.45,-138.95,合理诉求
6449,1513.8,2630.11,-1116.3100000000002,合理诉求
6450,31.84,247.35,-215.51,合理诉求
6451,614.66,1722.76,-1108.1,合理诉求
6452,765.4,2522.98,-1757.58,合理诉求
6453,373.84,392.75,-18.910000000000025,合理诉求
6454,164.18,423.05,-258.87,合理诉求
6455,127.21,1215.46,-1088.25,诉求偏高
6456,492.79,1566.53,-1073.74,合理诉求
6457,124.93,482.81,-357.88,合理诉求
6458,21.75,136.33,-114.58,合理诉求
6459,28.33,103.03,-74.7,合理诉求
6460,66.26,232.96,-166.7,合理诉求
6461,162.52,510.56,-348.04,合理诉求
6462,89.42,304.26,-214.84,合理诉求
6463,265.22,607.06,-341.8399999999999,合理诉求
6464,123.3,232.64,-109.34,合理诉求
6465,53.96,104.73,-50.77,合理诉求
6466,775.97,1816.28,-1040.31,合理诉求
6467,511.89,570.71,-58.82000000000005,合理诉求
6468,56.77,271.78,-215.01,合理诉求
6469,464.29,957.78,-493.49,合理诉求
6470,787.03,2002.33,-1215.3,合理诉求
6471,628.34,677.41,-49.069999999999936,合理诉求
6472,176.94,1097.73,-920.79,诉求偏高
6473,393.08,855.82,-462.74000000000007,合理诉求
6474,71.84,419.78,-347.93999999999994,诉求偏高
6475,182.73,411.47,-228.74000000000004,合理诉求
6476,264.4,2874.17,-2609.77,严重超额
6477,379.49,1347.56,-968.07,合理诉求
6478,160.97,256.67,-95.70000000000002,合理诉求
6479,158.49,406.5,-248.01,合理诉求
6480,352.73,859.41,-506.68,合理诉求
6481,152.36,592.82,-440.46,合理诉求
6482,371.0,708.02,-337.02,合理诉求
6483,14.39,138.65,-124.26,合理诉求
6484,700.87,3409.85,-2708.98,诉求偏高
6485,232.71,685.84,-453.13,合理诉求
6486,255.94,312.81,-56.870000000000005,合理诉求
6487,457.34,1060.93,-603.5900000000001,合理诉求
6488,55.3,162.48,-107.18,合理诉求
6489,135.9,517.45,-381.55000000000007,合理诉求
6490,372.1,559.79,-187.68999999999997,合理诉求
6491,301.81,371.76,-69.94999999999999,合理诉求
6492,147.47,1357.28,-1209.81,诉求偏高
6493,39.0,249.78,-210.78,合理诉求
6494,57.02,162.67,-105.64999999999998,合理诉求
6495,12.32,100.52,-88.19999999999999,合理诉求
6496,306.38,443.34,-136.95999999999998,合理诉求
6497,173.35,660.19,-486.84,合理诉求
6498,268.35,365.79,-97.44,合理诉求
6499,348.69,1026.61,-677.9199999999998,合理诉求
6500,163.81,256.65,-92.83999999999996,合理诉求
6501,120.07,258.23,-138.16000000000005,合理诉求
6502,340.49,585.24,-244.75,合理诉求
6503,642.96,2120.62,-1477.66,合理诉求
6504,98.4,393.35,-294.95000000000005,合理诉求
6505,953.29,962.21,-8.920000000000073,合理诉求
6506,49.77,106.24,-56.46999999999999,合理诉求
6507,211.23,2082.87,-1871.64,严重超额
6508,88.04,877.2,-789.1600000000001,诉求偏高
6509,1.1,111.07,-109.97,合理诉求
6510,370.54,594.36,-223.82,合理诉求
6511,891.49,1748.23,-856.74,合理诉求
6512,238.47,1172.13,-933.66,诉求偏高
6513,477.17,1043.08,-565.9099999999999,合理诉求
6514,121.79,220.98,-99.18999999999998,合理诉求
6515,212.51,1066.34,-853.8299999999999,诉求偏高
6516,317.16,521.76,-204.6,合理诉求
6517,590.39,1429.29,-838.9,合理诉求
6518,58.29,100.89,-42.6,合理诉求
6519,137.51,627.27,-489.76,合理诉求
6520,117.4,157.6,-40.19999999999999,合理诉求
6521,91.01,149.59,-58.58,合理诉求
6522,300.5,396.71,-96.20999999999998,合理诉求
6523,70.18,219.35,-149.17,合理诉求
6524,114.15,311.39,-197.24,合理诉求
6525,15.66,115.13,-99.47,合理诉求
6526,92.87,119.89,-27.02,合理诉求
6527,942.18,1744.84,-802.66,合理诉求
6528,16.19,139.99,-123.8,合理诉求
6529,35.23,218.27,-183.04,合理诉求
6530,32.19,158.77,-126.58,合理诉求
6531,174.71,813.05,-638.3399999999999,合理诉求
6532,44.85,200.09,-155.24,合理诉求
6533,135.84,216.19,-80.35,合理诉求
6534,739.84,1143.48,-403.64,合理诉求
6535,17.77,174.31,-156.54,合理诉求
6536,470.33,1669.78,-1199.45,诉求偏高
6537,685.88,1947.68,-1261.8000000000002,合理诉求
6538,84.63,467.41,-382.78,合理诉求
6539,324.71,366.6,-41.89000000000004,合理诉求
6540,1188.67,2439.08,-1250.41,合理诉求
6541,76.67,529.84,-453.17,合理诉求
6542,170.9,952.59,-781.69,合理诉求
6543,60.59,830.95,-770.36,诉求偏高
6544,283.06,432.83,-149.76999999999998,合理诉求
6545,136.8,429.53,-292.73,合理诉求
6546,257.42,606.37,-348.95,合理诉求
6547,134.58,1287.31,-1152.73,诉求偏高
6548,455.8,1174.75,-718.95,合理诉求
6549,726.88,3321.07,-2594.19,诉求偏高
6550,361.29,674.41,-313.11999999999995,合理诉求
6551,122.09,1423.93,-1301.84,严重超额
6552,105.05,319.99,-214.94,合理诉求
6553,381.83,1044.98,-663.1500000000001,合理诉求
6554,73.4,238.6,-165.2,合理诉求
6555,75.3,153.53,-78.23,合理诉求
6556,348.67,610.53,-261.86,合理诉求
6557,138.41,1724.6,-1586.1899999999998,严重超额
6558,114.26,446.22,-331.96000000000004,合理诉求
6559,128.17,129.63,-1.460000000000008,合理诉求
6560,225.77,1515.42,-1289.65,诉求偏高
6561,480.85,1332.79,-851.9399999999999,合理诉求
6562,13.23,112.66,-99.43,合理诉求
6563,116.16,198.09,-81.93,合理诉求
6564,645.15,2086.9,-1441.75,合理诉求
6565,377.24,1460.69,-1083.45,合理诉求
6566,21.01,118.67,-97.66,合理诉求
6567,268.07,326.86,-58.79000000000002,合理诉求
6568,431.99,822.5,-390.51,合理诉求
6569,70.38,172.07,-101.69,合理诉求
6570,26.08,112.4,-86.32000000000001,合理诉求
6571,265.7,398.8,-133.10000000000002,合理诉求
6572,553.95,2006.26,-1452.31,合理诉求
6573,212.24,269.24,-57.0,合理诉求
6574,614.13,864.92,-250.79,合理诉求
6575,25.31,129.82,-104.51,合理诉求
6576,203.1,1110.47,-907.37,诉求偏高
6577,633.98,746.42,-112.43999999999994,合理诉求
6578,798.18,982.81,-184.63,合理诉求
6579,379.53,420.96,-41.43000000000001,合理诉求
6580,279.49,632.51,-353.02,合理诉求
6581,91.84,123.46,-31.61999999999999,合理诉求
6582,75.48,325.67,-250.19,合理诉求
6583,162.23,363.12,-200.89,合理诉求
6584,496.48,586.97,-90.49,合理诉求
6585,278.33,479.79,-201.46000000000004,合理诉求
6586,172.12,557.38,-385.26,合理诉求
6587,146.91,957.36,-810.45,诉求偏高
6588,590.4,1450.37,-859.9699999999999,合理诉求
6589,508.13,1364.17,-856.0400000000001,合理诉求
6590,82.23,1020.9,-938.67,诉求偏高
6591,120.37,2122.23,-2001.86,严重超额
6592,195.2,274.66,-79.46000000000004,合理诉求
6593,248.05,1160.97,-912.92,诉求偏高
6594,106.13,393.02,-286.89,合理诉求
6595,394.93,593.53,-198.6,合理诉求
6596,39.77,107.83,-68.06,合理诉求
6597,647.96,2221.04,-1573.08,合理诉求
6598,677.64,2282.87,-1605.23,合理诉求
6599,283.89,717.66,-433.77,合理诉求
6600,189.69,990.77,-801.0799999999999,诉求偏高
6601,215.92,802.78,-586.86,合理诉求
6602,133.93,214.37,-80.44,合理诉求
6603,153.47,447.17,-293.70000000000005,合理诉求
6604,5.72,103.4,-97.68,合理诉求
6605,139.01,302.72,-163.71000000000004,合理诉求
6606,10.44,156.47,-146.03,合理诉求
6607,258.22,707.94,-449.72,合理诉求
6608,161.29,414.71,-253.42,合理诉求
6609,396.31,1376.81,-980.5,合理诉求
6610,211.24,587.06,-375.82,合理诉求
6611,115.4,118.8,-3.3999999999999915,合理诉求
6612,237.54,2105.8,-1868.26,严重超额
6613,221.74,928.27,-706.53,合理诉求
6614,85.84,973.37,-887.53,诉求偏高
6615,48.93,128.77,-79.84,合理诉求
6616,72.72,389.28,-316.55999999999995,合理诉求
6617,513.07,1572.83,-1059.7599999999998,合理诉求
6618,309.74,665.55,-355.80999999999995,合理诉求
6619,129.47,190.13,-60.66,合理诉求
6620,755.82,1688.05,-932.23,合理诉求
6621,5.58,103.79,-98.21,合理诉求
6622,206.92,1578.96,-1372.04,诉求偏高
6623,305.24,1781.47,-1476.23,诉求偏高
6624,38.36,104.45,-66.09,合理诉求
6625,964.35,1992.26,-1027.91,合理诉求
6626,627.23,3511.68,-2884.45,诉求偏高
6627,66.6,512.79,-446.19,诉求偏高
6628,294.74,334.87,-40.13,合理诉求
6629,1032.02,4025.82,-2993.8,诉求偏高
6630,7.86,133.44,-125.58,合理诉求
6631,404.4,648.54,-244.14,合理诉求
6632,3.98,100.08,-96.1,合理诉求
6633,33.74,251.39,-217.65,合理诉求
6634,600.99,1591.09,-990.1,合理诉求
6635,882.68,2383.1,-1500.42,合理诉求
6636,4.37,107.86,-103.49,合理诉求
6637,880.54,2511.37,-1630.83,合理诉求
6638,789.1,974.97,-185.87,合理诉求
6639,442.56,772.1,-329.54,合理诉求
6640,426.08,755.75,-329.67,合理诉求
6641,99.91,170.32,-70.41,合理诉求
6642,258.01,398.7,-140.69,合理诉求
6643,52.39,100.99,-48.6,合理诉求
6644,852.87,1317.53,-464.66,合理诉求
6645,887.12,2191.67,-1304.5500000000002,合理诉求
6646,444.17,537.85,-93.68,合理诉求
6647,80.46,185.1,-104.64,合理诉求
6648,163.34,266.66,-103.32000000000002,合理诉求
6649,86.98,292.13,-205.15,合理诉求
6650,41.33,144.12,-102.79,合理诉求
6651,190.27,629.37,-439.1,合理诉求
6652,195.93,1405.71,-1209.78,诉求偏高
6653,67.33,167.2,-99.87,合理诉求
6654,541.72,1022.29,-480.57,合理诉求
6655,375.07,675.09,-300.02000000000004,合理诉求
6656,57.64,111.23,-53.59,合理诉求
6657,180.51,243.73,-63.22,合理诉求
6658,1078.75,1472.15,-393.4000000000001,合理诉求
6659,1911.47,3513.76,-1602.2900000000002,合理诉求
6660,1014.87,1940.7,-925.83,合理诉求
6661,105.26,338.72,-233.46000000000004,合理诉求
6662,101.55,732.49,-630.94,诉求偏高
6663,180.92,808.87,-627.95,合理诉求
6664,84.44,130.51,-46.06999999999999,合理诉求
6665,170.98,219.37,-48.390000000000015,合理诉求
6666,27.41,243.27,-215.86,合理诉求
6667,8.9,105.94,-97.04,合理诉求
6668,19.21,119.1,-99.89,合理诉求
6669,610.25,965.59,-355.34000000000003,合理诉求
6670,90.38,101.49,-11.11,合理诉求
6671,137.01,174.95,-37.94,合理诉求
6672,389.52,854.98,-465.46,合理诉求
6673,520.14,860.17,-340.03,合理诉求
6674,561.51,758.05,-196.54,合理诉求
6675,103.26,110.25,-6.989999999999995,合理诉求
6676,681.7,1353.87,-672.1699999999998,合理诉求
6677,101.36,120.41,-19.05,合理诉求
6678,695.0,1704.32,-1009.32,合理诉求
6679,91.6,379.65,-288.04999999999995,合理诉求
6680,38.33,113.99,-75.66,合理诉求
6681,82.69,113.84,-31.15000000000001,合理诉求
6682,97.45,119.37,-21.92,合理诉求
6683,113.51,180.04,-66.52999999999999,合理诉求
6684,380.46,524.05,-143.58999999999995,合理诉求
6685,114.76,314.97,-200.21000000000004,合理诉求
6686,95.59,103.32,-7.72999999999999,合理诉求
6687,6.73,116.84,-110.11,合理诉求
6688,595.07,1937.58,-1342.5099999999998,合理诉求
6689,585.39,1281.45,-696.0600000000001,合理诉求
6690,302.47,314.79,-12.319999999999991,合理诉求
6691,244.15,308.73,-64.58000000000001,合理诉求
6692,395.17,579.93,-184.75999999999996,合理诉求
6693,1188.72,2170.09,-981.37,合理诉求
6694,272.98,1250.75,-977.77,合理诉求
6695,174.87,707.91,-533.04,合理诉求
6696,3.24,126.48,-123.24,合理诉求
6697,191.63,536.69,-345.06000000000006,合理诉求
6698,14.75,125.77,-111.02,合理诉求
6699,410.06,918.09,-508.03,合理诉求
6700,566.77,803.26,-236.49,合理诉求
6701,35.86,470.7,-434.84,诉求偏高
6702,672.73,807.13,-134.39999999999998,合理诉求
6703,573.44,1468.01,-894.5699999999999,合理诉求
6704,727.79,1275.33,-547.54,合理诉求
6705,620.64,1231.67,-611.0300000000001,合理诉求
6706,4.66,101.47,-96.81,合理诉求
6707,687.01,1722.03,-1035.02,合理诉求
6708,65.01,778.78,-713.77,诉求偏高
6709,25.46,147.01,-121.54999999999998,合理诉求
6710,71.82,120.4,-48.58000000000001,合理诉求
6711,258.17,996.29,-738.1199999999999,合理诉求
6712,1064.51,2075.51,-1011.0000000000002,合理诉求
6713,30.16,105.57,-75.41,合理诉求
6714,38.45,101.73,-63.28,合理诉求
6715,253.84,774.87,-521.03,合理诉求
6716,21.41,106.75,-85.34,合理诉求
6717,631.81,1206.03,-574.22,合理诉求
6718,500.83,983.46,-482.63000000000005,合理诉求
6719,98.64,353.39,-254.75,合理诉求
6720,49.27,113.34,-64.07,合理诉求
6721,47.11,100.02,-52.91,合理诉求
6722,123.15,255.8,-132.65,合理诉求
6723,83.58,169.91,-86.33,合理诉求
6724,219.68,942.56,-722.8799999999999,合理诉求
6725,454.38,1838.39,-1384.0100000000002,诉求偏高
6726,474.09,833.23,-359.14000000000004,合理诉求
6727,511.04,933.03,-421.99,合理诉求
6728,233.39,805.17,-571.78,合理诉求
6729,229.6,404.89,-175.29,合理诉求
6730,486.0,1748.52,-1262.52,合理诉求
6731,236.55,354.06,-117.51,合理诉求
6732,58.15,482.8,-424.65,诉求偏高
6733,79.51,905.64,-826.13,诉求偏高
6734,505.3,506.35,-1.0500000000000114,合理诉求
6735,166.89,295.21,-128.32,合理诉求
6736,300.07,368.48,-68.41000000000003,合理诉求
6737,19.41,111.14,-91.73,合理诉求
6738,48.85,186.38,-137.53,合理诉求
6739,573.11,2063.85,-1490.7399999999998,合理诉求
6740,132.85,653.81,-520.9599999999999,合理诉求
6741,852.69,1346.02,-493.3299999999999,合理诉求
6742,476.85,600.64,-123.78999999999996,合理诉求
6743,207.01,660.6,-453.59,合理诉求
6744,458.75,855.99,-397.24,合理诉求
6745,817.68,937.93,-120.25,合理诉求
6746,147.85,690.98,-543.13,合理诉求
6747,837.11,932.28,-95.16999999999996,合理诉求
6748,256.03,368.05,-112.02000000000004,合理诉求
6749,525.2,732.71,-207.51,合理诉求
6750,321.59,399.06,-77.47000000000003,合理诉求
6751,170.38,464.07,-293.69,合理诉求
6752,294.99,1086.31,-791.3199999999999,合理诉求
6753,42.71,100.81,-58.1,合理诉求
6754,416.6,1890.19,-1473.59,诉求偏高
6755,20.17,294.52,-274.35,合理诉求
6756,24.29,218.54,-194.25,合理诉求
6757,117.36,233.91,-116.55,合理诉求
6758,97.97,230.76,-132.79,合理诉求
6759,114.44,199.37,-84.93,合理诉求
6760,93.13,156.38,-63.25,合理诉求
6761,365.55,1248.55,-883.0,合理诉求
6762,349.79,527.09,-177.3,合理诉求
6763,57.86,924.36,-866.5,严重超额
6764,106.12,136.2,-30.079999999999984,合理诉求
6765,70.32,473.2,-402.88,诉求偏高
6766,348.69,1017.99,-669.3,合理诉求
6767,354.24,1416.74,-1062.5,合理诉求
6768,171.26,216.21,-44.95000000000002,合理诉求
6769,230.24,418.94,-188.7,合理诉求
6770,55.4,196.49,-141.09,合理诉求
6771,528.16,1296.28,-768.12,合理诉求
6772,147.44,733.9,-586.46,诉求偏高
6773,4.3,149.92,-145.61999999999998,合理诉求
6774,23.18,107.26,-84.08000000000001,合理诉求
6775,4.47,100.38,-95.91,合理诉求
6776,15.37,101.62,-86.25,合理诉求
6777,544.92,1788.48,-1243.56,合理诉求
6778,772.1,3904.78,-3132.6800000000003,诉求偏高
6779,275.07,382.75,-107.68,合理诉求
6780,52.76,105.04,-52.28000000000001,合理诉求
6781,480.75,1007.48,-526.73,合理诉求
6782,993.42,1476.93,-483.5100000000001,合理诉求
6783,53.14,246.86,-193.72000000000003,合理诉求
6784,409.78,996.71,-586.9300000000001,合理诉求
6785,118.37,782.65,-664.28,诉求偏高
6786,50.88,731.03,-680.15,诉求偏高
6787,54.56,248.05,-193.49,合理诉求
6788,207.07,367.35,-160.28000000000003,合理诉求
6789,39.74,100.78,-61.04,合理诉求
6790,104.56,1384.99,-1280.43,严重超额
6791,312.36,459.15,-146.78999999999996,合理诉求
6792,42.83,114.73,-71.9,合理诉求
6793,241.33,630.37,-389.04,合理诉求
6794,333.29,1153.69,-820.4000000000001,合理诉求
6795,350.87,2829.51,-2478.6400000000003,严重超额
6796,189.58,386.52,-196.94,合理诉求
6797,153.52,1186.61,-1033.09,诉求偏高
6798,81.85,270.51,-188.66,合理诉求
6799,620.22,1061.08,-440.8599999999999,合理诉求
6800,357.9,857.91,-500.01,合理诉求
6801,94.17,473.04,-378.87,合理诉求
6802,107.45,367.74,-260.29,合理诉求
6803,291.38,694.38,-403.0,合理诉求
6804,76.25,328.2,-251.95,合理诉求
6805,250.82,670.81,-419.99,合理诉求
6806,94.15,125.48,-31.33,合理诉求
6807,305.62,762.35,-456.73,合理诉求
6808,733.18,1359.89,-626.7100000000002,合理诉求
6809,212.29,1381.18,-1168.89,诉求偏高
6810,142.09,269.99,-127.9,合理诉求
6811,75.67,501.21,-425.54,合理诉求
6812,40.22,190.09,-149.87,合理诉求
6813,201.23,374.46,-173.23,合理诉求
6814,18.0,112.87,-94.87,合理诉求
6815,628.69,1248.61,-619.9199999999998,合理诉求
6816,144.76,304.8,-160.04000000000002,合理诉求
6817,187.91,803.42,-615.51,合理诉求
6818,17.84,196.27,-178.43,合理诉求
6819,79.32,987.41,-908.09,诉求偏高
6820,136.05,315.79,-179.74,合理诉求
6821,16.55,188.26,-171.70999999999998,合理诉求
6822,594.86,1391.66,-796.8000000000001,合理诉求
6823,334.06,642.54,-308.48,合理诉求
6824,270.43,608.81,-338.37999999999994,合理诉求
6825,1043.87,1756.24,-712.3700000000001,合理诉求
6826,90.23,595.94,-505.71,合理诉求
6827,102.49,1287.04,-1184.55,诉求偏高
6828,135.12,187.95,-52.829999999999984,合理诉求
6829,1317.21,2093.56,-776.3499999999999,合理诉求
6830,437.4,1242.27,-804.87,合理诉求
6831,783.17,1680.52,-897.35,合理诉求
6832,645.41,2653.31,-2007.9,合理诉求
6833,267.29,459.87,-192.58,合理诉求
6834,106.02,157.24,-51.22000000000001,合理诉求
6835,19.46,132.69,-113.23,合理诉求
6836,75.32,164.64,-89.32,合理诉求
6837,559.93,1070.69,-510.7600000000001,合理诉求
6838,21.04,138.56,-117.52,合理诉求
6839,62.53,796.35,-733.82,诉求偏高
6840,57.78,833.55,-775.77,诉求偏高
6841,124.03,746.68,-622.65,诉求偏高
6842,524.36,1278.45,-754.09,合理诉求
6843,633.02,668.87,-35.85000000000002,合理诉求
6844,314.97,403.82,-88.84999999999997,合理诉求
6845,608.96,2040.0,-1431.04,合理诉求
6846,137.33,836.57,-699.24,诉求偏高
6847,1138.4,5146.6,-4008.2,严重超额
6848,153.79,255.09,-101.3,合理诉求
6849,59.75,134.97,-75.22,合理诉求
6850,101.77,139.68,-37.91000000000001,合理诉求
6851,484.79,1445.14,-960.35,合理诉求
6852,160.1,482.68,-322.58000000000004,合理诉求
6853,505.69,1077.07,-571.3799999999999,合理诉求
6854,50.22,259.84,-209.62,合理诉求
6855,606.47,666.78,-60.309999999999945,合理诉求
6856,136.84,726.31,-589.4699999999999,诉求偏高
6857,445.43,1194.94,-749.51,合理诉求
6858,240.52,682.02,-441.5,合理诉求
6859,250.03,326.0,-75.97,合理诉求
6860,47.13,104.24,-57.10999999999999,合理诉求
6861,559.6,1032.07,-472.4699999999999,合理诉求
6862,156.83,2346.12,-2189.29,严重超额
6863,241.88,786.15,-544.27,合理诉求
6864,1415.85,3591.29,-2175.44,诉求偏高
6865,371.43,1435.53,-1064.1,合理诉求
6866,115.17,316.4,-201.23,合理诉求
6867,572.1,1786.83,-1214.73,合理诉求
6868,246.41,1056.59,-810.18,诉求偏高
6869,24.03,142.84,-118.81,合理诉求
6870,195.29,259.8,-64.51000000000002,合理诉求
6871,118.3,166.96,-48.66000000000001,合理诉求
6872,622.27,2105.67,-1483.4,合理诉求
6873,491.31,603.84,-112.53000000000004,合理诉求
6874,69.83,150.24,-80.41000000000001,合理诉求
6875,634.38,834.24,-199.86,合理诉求
6876,1191.65,2290.35,-1098.6999999999998,合理诉求
6877,470.32,2698.33,-2228.01,严重超额
6878,32.63,152.26,-119.63,合理诉求
6879,78.51,174.47,-95.96,合理诉求
6880,127.89,436.96,-309.07,合理诉求
6881,112.54,136.11,-23.570000000000007,合理诉求
6882,95.61,191.04,-95.43,合理诉求
6883,295.89,550.06,-254.17,合理诉求
6884,59.55,130.21,-70.66000000000001,合理诉求
6885,425.63,1136.81,-711.18,合理诉求
6886,122.79,275.59,-152.79999999999995,合理诉求
6887,30.68,189.13,-158.45,合理诉求
6888,92.87,162.2,-69.32999999999998,合理诉求
6889,689.03,2825.26,-2136.2300000000005,诉求偏高
6890,36.92,136.37,-99.45,合理诉求
6891,44.74,100.88,-56.13999999999999,合理诉求
6892,559.4,1802.93,-1243.5300000000002,合理诉求
6893,92.22,689.7,-597.48,诉求偏高
6894,321.42,484.59,-163.16999999999996,合理诉求
6895,203.25,553.06,-349.80999999999995,合理诉求
6896,6.3,100.09,-93.79,合理诉求
6897,241.04,631.53,-390.49,合理诉求
6898,265.2,430.88,-165.68,合理诉求
6899,247.88,669.01,-421.13,合理诉求
6900,1149.55,1679.16,-529.6100000000001,合理诉求
6901,207.94,824.58,-616.6400000000001,合理诉求
6902,416.97,2376.52,-1959.55,诉求偏高
6903,155.4,167.93,-12.53,合理诉求
6904,294.38,943.68,-649.3,合理诉求
6905,54.47,877.06,-822.5899999999999,严重超额
6906,76.06,100.96,-24.89999999999999,合理诉求
6907,158.84,570.05,-411.2099999999999,合理诉求
6908,1599.13,3735.42,-2136.29,诉求偏高
6909,109.58,397.0,-287.42,合理诉求
6910,1382.23,1872.14,-489.9100000000001,合理诉求
6911,178.06,676.31,-498.25,合理诉求
6912,24.49,106.15,-81.66000000000001,合理诉求
6913,57.75,149.68,-91.93,合理诉求
6914,363.16,735.24,-372.08,合理诉求
6915,362.81,1109.89,-747.0800000000002,合理诉求
6916,199.72,460.84,-261.12,合理诉求
6917,642.19,1478.43,-836.24,合理诉求
6918,156.94,232.4,-75.46000000000001,合理诉求
6919,70.35,495.64,-425.29,诉求偏高
6920,86.12,141.23,-55.10999999999999,合理诉求
6921,214.92,1951.35,-1736.4299999999998,严重超额
6922,223.21,523.22,-300.01,合理诉求
6923,1044.44,1397.68,-353.24,合理诉求
6924,846.68,1380.35,-533.67,合理诉求
6925,406.26,988.25,-581.99,合理诉求
6926,200.66,235.12,-34.46000000000001,合理诉求
6927,513.38,1118.75,-605.37,合理诉求
6928,1228.7,2786.62,-1557.9199999999998,合理诉求
6929,122.85,210.04,-87.19,合理诉求
6930,43.72,150.89,-107.17,合理诉求
6931,193.66,248.34,-54.68000000000001,合理诉求
6932,283.37,913.38,-630.01,合理诉求
6933,308.49,340.4,-31.909999999999968,合理诉求
6934,348.72,1203.25,-854.53,合理诉求
6935,265.91,877.25,-611.3399999999999,合理诉求
6936,412.66,1560.46,-1147.8,诉求偏高
6937,44.26,150.86,-106.60000000000002,合理诉求
6938,42.62,114.94,-72.32,合理诉求
6939,1236.72,3380.08,-2143.36,诉求偏高
6940,42.26,103.53,-61.27,合理诉求
6941,375.72,421.88,-46.15999999999997,合理诉求
6942,63.1,265.23,-202.13,合理诉求
6943,129.48,1566.85,-1437.37,严重超额
6944,244.66,2481.26,-2236.6000000000004,严重超额
6945,46.98,136.71,-89.73000000000002,合理诉求
6946,1049.55,1119.58,-70.02999999999997,合理诉求
6947,221.46,463.24,-241.78,合理诉求
6948,218.44,365.53,-147.08999999999995,合理诉求
6949,454.83,1204.63,-749.8000000000002,合理诉求
6950,341.62,888.63,-547.01,合理诉求
6951,536.71,663.19,-126.48000000000002,合理诉求
6952,420.52,1014.84,-594.32,合理诉求
6953,71.89,344.27,-272.38,合理诉求
6954,118.2,1007.58,-889.38,诉求偏高
6955,80.52,177.44,-96.92,合理诉求
6956,387.46,998.06,-610.5999999999999,合理诉求
6957,14.99,117.12,-102.13,合理诉求
6958,176.39,778.01,-601.62,合理诉求
6959,37.64,601.92,-564.28,诉求偏高
6960,269.32,634.87,-365.55,合理诉求
6961,87.72,191.31,-103.59,合理诉求
6962,608.32,634.37,-26.049999999999955,合理诉求
6963,107.89,170.72,-62.83,合理诉求
6964,199.19,559.97,-360.78,合理诉求
6965,1097.27,2271.41,-1174.14,合理诉求
6966,42.62,111.07,-68.44999999999999,合理诉求
6967,3.94,119.16,-115.22,合理诉求
6968,577.72,986.65,-408.93,合理诉求
6969,189.71,422.6,-232.89,合理诉求
6970,143.34,244.74,-101.4,合理诉求
6971,7.29,103.89,-96.6,合理诉求
6972,53.36,163.1,-109.74,合理诉求
6973,2.99,100.5,-97.51,合理诉求
6974,38.83,133.38,-94.55,合理诉求
6975,420.51,981.98,-561.47,合理诉求
6976,1419.04,1451.77,-32.73000000000002,合理诉求
6977,138.78,985.43,-846.65,诉求偏高
6978,167.01,179.09,-12.080000000000013,合理诉求
6979,13.08,150.76,-137.67999999999998,合理诉求
6980,125.56,366.42,-240.86,合理诉求
6981,72.28,327.23,-254.95,合理诉求
6982,546.69,884.79,-338.0999999999999,合理诉求
6983,41.72,269.38,-227.66,合理诉求
6984,107.1,134.16,-27.06,合理诉求
6985,140.91,219.61,-78.70000000000002,合理诉求
6986,83.89,268.09,-184.2,合理诉求
6987,1271.65,2691.24,-1419.5899999999997,合理诉求
6988,261.45,857.02,-595.5699999999999,合理诉求
6989,421.11,710.91,-289.79999999999995,合理诉求
6990,101.15,378.51,-277.36,合理诉求
6991,186.87,804.96,-618.09,合理诉求
6992,741.57,1602.34,-860.7699999999999,合理诉求
6993,80.98,278.85,-197.87,合理诉求
6994,87.51,200.73,-113.21999999999998,合理诉求
6995,98.33,257.23,-158.90000000000003,合理诉求
6996,394.07,609.93,-215.86,合理诉求
6997,905.5,4194.93,-3289.4300000000003,诉求偏高
6998,334.9,2163.32,-1828.42,诉求偏高
6999,55.45,836.06,-780.6099999999999,诉求偏高
7000,604.13,699.87,-95.74,合理诉求
7001,73.58,554.41,-480.83,合理诉求
7002,576.64,882.56,-305.92,合理诉求
7003,228.0,767.36,-539.36,合理诉求
7004,168.24,667.1,-498.86,合理诉求
7005,68.02,949.13,-881.11,严重超额
7006,697.28,2168.69,-1471.41,合理诉求
7007,91.01,718.31,-627.3,诉求偏高
7008,76.99,183.91,-106.92,合理诉求
7009,76.74,195.14,-118.4,合理诉求
7010,172.61,393.05,-220.44,合理诉求
7011,244.18,454.96,-210.78,合理诉求
7012,128.37,202.11,-73.74000000000001,合理诉求
7013,143.71,150.74,-7.030000000000001,合理诉求
7014,341.55,839.96,-498.41,合理诉求
7015,310.1,871.69,-561.59,合理诉求
7016,130.21,370.47,-240.26,合理诉求
7017,160.9,196.43,-35.53,合理诉求
7018,160.43,324.24,-163.81,合理诉求
7019,210.42,887.38,-676.96,合理诉求
7020,766.18,2318.49,-1552.31,合理诉求
7021,163.59,428.26,-264.67,合理诉求
7022,43.52,153.0,-109.48,合理诉求
7023,34.44,159.35,-124.91,合理诉求
7024,109.7,319.19,-209.49,合理诉求
7025,620.32,721.94,-101.62,合理诉求
7026,117.36,968.38,-851.02,诉求偏高
7027,134.93,519.43,-384.5,合理诉求
7028,218.47,621.53,-403.06,合理诉求
7029,201.11,1550.58,-1349.4699999999998,诉求偏高
7030,54.3,774.22,-719.9200000000001,诉求偏高
7031,245.69,291.61,-45.920000000000016,合理诉求
7032,91.98,116.08,-24.099999999999994,合理诉求
7033,418.71,1063.22,-644.51,合理诉求
7034,289.22,743.98,-454.76,合理诉求
7035,712.93,1836.93,-1124.0,合理诉求
7036,110.4,124.69,-14.289999999999992,合理诉求
7037,120.52,278.17,-157.65000000000003,合理诉求
7038,87.4,108.89,-21.489999999999995,合理诉求
7039,427.92,1354.26,-926.34,合理诉求
7040,67.75,187.62,-119.87,合理诉求
7041,377.99,1019.21,-641.22,合理诉求
7042,14.52,114.4,-99.88,合理诉求
7043,82.52,100.34,-17.820000000000007,合理诉求
7044,153.66,728.44,-574.7800000000001,合理诉求
7045,224.49,242.38,-17.889999999999986,合理诉求
7046,340.6,379.22,-38.620000000000005,合理诉求
7047,155.01,832.04,-677.03,合理诉求
7048,18.5,100.7,-82.2,合理诉求
7049,117.11,555.24,-438.13,合理诉求
7050,344.01,581.01,-237.0,合理诉求
7051,12.06,125.09,-113.03,合理诉求
7052,66.33,209.86,-143.53000000000003,合理诉求
7053,529.03,3819.45,-3290.42,诉求偏高
7054,135.05,362.34,-227.29,合理诉求
7055,73.13,194.13,-121.0,合理诉求
7056,157.17,434.94,-277.77,合理诉求
7057,214.44,889.81,-675.3699999999999,合理诉求
7058,284.06,461.36,-177.3,合理诉求
7059,2.46,147.2,-144.73999999999998,合理诉求
7060,174.24,1394.44,-1220.2,诉求偏高
7061,185.3,988.7,-803.4000000000001,诉求偏高
7062,503.44,983.69,-480.25000000000006,合理诉求
7063,148.68,225.04,-76.35999999999999,合理诉求
7064,725.61,1938.26,-1212.65,合理诉求
7065,29.67,157.2,-127.53,合理诉求
7066,51.33,142.93,-91.6,合理诉求
7067,12.55,130.68,-118.13,合理诉求
7068,1403.3,2697.75,-1294.45,合理诉求
7069,123.46,806.91,-683.4499999999999,诉求偏高
7070,183.58,641.05,-457.4699999999999,合理诉求
7071,509.08,1256.45,-747.3700000000001,合理诉求
7072,285.7,367.86,-82.16000000000003,合理诉求
7073,1289.63,1984.67,-695.04,合理诉求
7074,432.61,731.59,-298.98,合理诉求
7075,187.29,662.82,-475.5300000000001,合理诉求
7076,75.96,212.27,-136.31,合理诉求
7077,90.2,204.29,-114.09,合理诉求
7078,67.57,209.27,-141.70000000000002,合理诉求
7079,22.72,207.27,-184.55,合理诉求
7080,107.57,612.45,-504.88000000000005,合理诉求
7081,113.95,141.13,-27.179999999999996,合理诉求
7082,635.93,1779.36,-1143.4299999999998,合理诉求
7083,63.08,182.27,-119.19,合理诉求
7084,61.65,198.19,-136.54,合理诉求
7085,180.46,460.73,-280.27,合理诉求
7086,502.12,3541.88,-3039.76,诉求偏高
7087,524.01,3375.45,-2851.44,诉求偏高
7088,268.28,1114.66,-846.3800000000001,诉求偏高
7089,242.61,915.63,-673.02,合理诉求
7090,103.77,631.75,-527.98,合理诉求
7091,419.34,523.98,-104.64000000000004,合理诉求
7092,136.67,138.56,-1.8900000000000148,合理诉求
7093,75.14,269.78,-194.64,合理诉求
7094,297.16,551.92,-254.75999999999996,合理诉求
7095,71.49,182.33,-110.84000000000002,合理诉求
7096,372.41,672.02,-299.61,合理诉求
7097,95.54,463.45,-367.91,合理诉求
7098,377.96,536.93,-158.96999999999997,合理诉求
7099,1083.47,1469.79,-386.32,合理诉求
7100,271.73,676.83,-405.1,合理诉求
7101,183.18,459.43,-276.25,合理诉求
7102,47.6,301.27,-253.67,合理诉求
7103,47.83,190.86,-143.03000000000003,合理诉求
7104,64.5,274.87,-210.37,合理诉求
7105,294.05,937.55,-643.5,合理诉求
7106,491.49,846.62,-355.13,合理诉求
7107,206.23,350.28,-144.04999999999998,合理诉求
7108,635.59,2703.92,-2068.33,合理诉求
7109,48.92,190.16,-141.24,合理诉求
7110,305.02,770.33,-465.31000000000006,合理诉求
7111,226.77,342.48,-115.71,合理诉求
7112,261.49,608.83,-347.34000000000003,合理诉求
7113,61.11,246.53,-185.42,合理诉求
7114,489.5,1404.98,-915.48,合理诉求
7115,1014.81,2081.16,-1066.35,合理诉求
7116,982.43,3831.5,-2849.07,诉求偏高
7117,383.36,1695.32,-1311.96,诉求偏高
7118,340.83,1105.64,-764.8100000000002,合理诉求
7119,384.17,2893.67,-2509.5,严重超额
7120,175.19,184.86,-9.670000000000016,合理诉求
7121,30.19,130.11,-99.92000000000002,合理诉求
7122,631.6,1398.76,-767.16,合理诉求
7123,100.18,148.56,-48.38,合理诉求
7124,12.41,515.59,-503.18,诉求偏高
7125,700.12,1370.53,-670.41,合理诉求
7126,23.33,151.68,-128.35000000000002,合理诉求
7127,543.72,1882.93,-1339.21,合理诉求
7128,93.23,226.5,-133.26999999999998,合理诉求
7129,124.23,160.45,-36.21999999999999,合理诉求
7130,293.82,669.49,-375.67,合理诉求
7131,1048.22,2718.78,-1670.5600000000002,合理诉求
7132,66.3,106.18,-39.88000000000001,合理诉求
7133,394.08,697.56,-303.48,合理诉求
7134,80.74,269.82,-189.08,合理诉求
7135,243.15,2430.6,-2187.45,严重超额
7136,161.77,886.71,-724.94,合理诉求
7137,359.14,399.95,-40.81,合理诉求
7138,230.97,278.56,-47.59,合理诉求
7139,501.53,2931.94,-2430.41,诉求偏高
7140,46.1,347.14,-301.04,合理诉求
7141,207.3,278.53,-71.22999999999996,合理诉求
7142,236.08,475.09,-239.01,合理诉求
7143,472.61,2072.96,-1600.35,诉求偏高
7144,143.72,198.25,-54.53,合理诉求
7145,1148.09,1445.22,-297.1300000000001,合理诉求
7146,22.65,263.77,-241.12,合理诉求
7147,56.2,358.6,-302.40000000000003,合理诉求
7148,380.78,737.38,-356.6,合理诉求
7149,46.02,331.43,-285.41,合理诉求
7150,60.63,184.6,-123.97,合理诉求
7151,115.68,316.26,-200.58,合理诉求
7152,256.26,782.61,-526.35,合理诉求
7153,167.25,200.47,-33.22,合理诉求
7154,68.02,335.82,-267.8,合理诉求
7155,11.06,127.24,-116.18,合理诉求
7156,294.44,1009.63,-715.19,合理诉求
7157,31.02,295.12,-264.1,合理诉求
7158,358.12,672.33,-314.21000000000004,合理诉求
7159,59.38,277.06,-217.68,合理诉求
7160,349.9,633.08,-283.18000000000006,合理诉求
7161,193.21,337.42,-144.21,合理诉求
7162,165.12,1355.1,-1189.98,诉求偏高
7163,223.69,666.73,-443.04,合理诉求
7164,99.52,207.8,-108.28000000000002,合理诉求
7165,223.61,1189.72,-966.11,诉求偏高
7166,70.89,470.55,-399.66,诉求偏高
7167,92.66,102.28,-9.620000000000005,合理诉求
7168,182.27,1009.36,-827.09,诉求偏高
7169,55.0,107.37,-52.370000000000005,合理诉求
7170,53.3,332.84,-279.54,合理诉求
7171,215.9,631.45,-415.55000000000007,合理诉求
7172,317.14,508.7,-191.56,合理诉求
7173,120.89,263.03,-142.14,合理诉求
7174,115.75,303.93,-188.18,合理诉求
7175,530.15,3203.9,-2673.75,诉求偏高
7176,423.16,1106.76,-683.5999999999999,合理诉求
7177,137.45,455.33,-317.88,合理诉求
7178,36.85,205.22,-168.37,合理诉求
7179,49.2,129.02,-79.82000000000001,合理诉求
7180,108.09,199.0,-90.91,合理诉求
7181,560.58,1972.86,-1412.2799999999995,合理诉求
7182,185.58,331.35,-145.77,合理诉求
7183,4.68,103.02,-98.34,合理诉求
7184,198.5,1539.75,-1341.25,诉求偏高
7185,639.86,1011.91,-372.05,合理诉求
7186,96.3,103.33,-7.030000000000001,合理诉求
7187,56.88,105.75,-48.87,合理诉求
7188,679.83,2322.98,-1643.15,合理诉求
7189,336.62,2174.16,-1837.54,诉求偏高
7190,51.52,256.98,-205.46,合理诉求
7191,41.48,218.89,-177.41,合理诉求
7192,164.67,836.34,-671.6700000000001,合理诉求
7193,824.88,941.98,-117.10000000000002,合理诉求
7194,164.02,1088.97,-924.95,诉求偏高
7195,903.98,1844.23,-940.25,合理诉求
7196,714.1,1424.58,-710.4799999999999,合理诉求
7197,268.12,890.02,-621.9,合理诉求
7198,42.14,301.54,-259.40000000000003,合理诉求
7199,215.48,700.27,-484.79,合理诉求
7200,310.65,927.2,-616.5500000000001,合理诉求
7201,55.72,166.54,-110.82,合理诉求
7202,115.21,643.41,-528.1999999999999,合理诉求
7203,658.58,1160.35,-501.7699999999999,合理诉求
7204,336.56,1221.45,-884.8900000000001,合理诉求
7205,95.52,901.62,-806.1,诉求偏高
7206,105.52,203.23,-97.71,合理诉求
7207,50.69,405.45,-354.76,诉求偏高
7208,1089.37,1343.31,-253.94000000000003,合理诉求
7209,181.95,264.69,-82.74000000000001,合理诉求
7210,343.42,539.8,-196.37999999999997,合理诉求
7211,44.03,107.69,-63.66,合理诉求
7212,80.1,148.29,-68.19,合理诉求
7213,660.34,1347.9,-687.5600000000001,合理诉求
7214,87.86,188.59,-100.73,合理诉求
7215,21.63,157.83,-136.20000000000002,合理诉求
7216,67.23,201.05,-133.82,合理诉求
7217,216.82,469.48,-252.66000000000005,合理诉求
7218,324.72,816.61,-491.89,合理诉求
7219,18.17,452.53,-434.36,诉求偏高
7220,162.04,233.12,-71.08000000000001,合理诉求
7221,58.27,105.83,-47.56,合理诉求
7222,918.28,1086.26,-167.98000000000002,合理诉求
7223,142.31,412.7,-270.39,合理诉求
7224,170.99,291.18,-120.19,合理诉求
7225,269.97,757.9,-487.93,合理诉求
7226,542.82,1524.16,-981.34,合理诉求
7227,737.34,1387.44,-650.1,合理诉求
7228,209.68,339.52,-129.83999999999995,合理诉求
7229,43.79,222.09,-178.3,合理诉求
7230,118.82,170.8,-51.98000000000002,合理诉求
7231,408.77,811.72,-402.9500000000001,合理诉求
7232,52.3,226.11,-173.81,合理诉求
7233,162.63,477.0,-314.37,合理诉求
7234,14.61,103.86,-89.25,合理诉求
7235,66.68,265.04,-198.36,合理诉求
7236,220.45,804.59,-584.1400000000001,合理诉求
7237,331.81,1063.28,-731.47,合理诉求
7238,1098.91,1208.52,-109.6099999999999,合理诉求
7239,181.07,277.32,-96.25,合理诉求
7240,266.0,282.83,-16.829999999999984,合理诉求
7241,1020.14,4299.89,-3279.7500000000005,诉求偏高
7242,266.42,548.11,-281.69,合理诉求
7243,119.48,334.62,-215.14,合理诉求
7244,376.28,1010.29,-634.01,合理诉求
7245,246.46,932.74,-686.28,合理诉求
7246,436.05,536.35,-100.3,合理诉求
7247,60.88,216.38,-155.5,合理诉求
7248,185.71,490.7,-304.99,合理诉求
7249,442.36,517.01,-74.64999999999998,合理诉求
7250,2.6,104.98,-102.38,合理诉求
7251,171.59,241.7,-70.10999999999999,合理诉求
7252,792.6,1238.02,-445.42,合理诉求
7253,583.88,2975.93,-2392.05,诉求偏高
7254,114.96,178.26,-63.3,合理诉求
7255,532.0,1763.57,-1231.57,合理诉求
7256,241.15,2183.33,-1942.18,严重超额
7257,184.57,907.03,-722.46,合理诉求
7258,658.5,2067.95,-1409.4499999999998,合理诉求
7259,787.57,3435.08,-2647.51,诉求偏高
7260,155.51,352.73,-197.22000000000003,合理诉求
7261,64.03,313.91,-249.88,合理诉求
7262,23.93,110.82,-86.88999999999999,合理诉求
7263,592.93,928.75,-335.82000000000005,合理诉求
7264,271.69,289.28,-17.589999999999975,合理诉求
7265,508.57,637.53,-128.95999999999998,合理诉求
7266,148.76,193.43,-44.670000000000016,合理诉求
7267,93.21,417.45,-324.24,合理诉求
7268,171.49,371.21,-199.72,合理诉求
7269,436.84,1275.16,-838.3200000000002,合理诉求
7270,169.69,200.19,-30.5,合理诉求
7271,96.23,259.54,-163.31,合理诉求
7272,318.91,420.84,-101.92999999999996,合理诉求
7273,876.64,2373.38,-1496.7400000000002,合理诉求
7274,94.27,553.86,-459.59,合理诉求
7275,215.7,1365.61,-1149.91,诉求偏高
7276,101.29,766.52,-665.23,诉求偏高
7277,270.6,865.93,-595.3299999999999,合理诉求
7278,600.76,1075.38,-474.6200000000001,合理诉求
7279,576.19,1866.94,-1290.75,合理诉求
7280,724.99,1606.0,-881.01,合理诉求
7281,152.43,242.18,-89.75,合理诉求
7282,104.59,593.89,-489.3,合理诉求
7283,806.01,2051.76,-1245.7500000000002,合理诉求
7284,435.16,1440.41,-1005.25,合理诉求
7285,800.79,1725.95,-925.16,合理诉求
7286,51.97,116.84,-64.87,合理诉求
7287,1006.26,4355.89,-3349.63,诉求偏高
7288,488.1,692.65,-204.54999999999995,合理诉求
7289,3.49,100.18,-96.69,合理诉求
7290,326.52,611.01,-284.49,合理诉求
7291,20.2,150.75,-130.55,合理诉求
7292,194.43,510.63,-316.2,合理诉求
7293,214.97,411.12,-196.15,合理诉求
7294,1142.43,2920.42,-1777.99,合理诉求
7295,176.73,502.08,-325.35,合理诉求
7296,368.94,616.86,-247.92,合理诉求
7297,1544.26,1737.18,-192.92000000000007,合理诉求
7298,325.57,373.32,-47.75,合理诉求
7299,134.52,522.45,-387.93000000000006,合理诉求
7300,446.76,447.96,-1.1999999999999886,合理诉求
7301,95.06,150.72,-55.66,合理诉求
7302,1209.65,2202.0,-992.35,合理诉求
7303,135.35,215.02,-79.67000000000002,合理诉求
7304,175.25,198.42,-23.169999999999987,合理诉求
7305,81.51,108.31,-26.8,合理诉求
7306,344.08,663.07,-318.99000000000007,合理诉求
7307,303.36,1612.04,-1308.6799999999998,诉求偏高
7308,251.33,543.03,-291.69999999999993,合理诉求
7309,972.79,4876.8,-3904.01,严重超额
7310,268.93,340.82,-71.88999999999999,合理诉求
7311,75.78,101.0,-25.22,合理诉求
7312,134.9,205.09,-70.19,合理诉求
7313,36.16,148.37,-112.21,合理诉求
7314,24.16,102.64,-78.48,合理诉求
7315,6.28,164.56,-158.28,合理诉求
7316,173.35,368.46,-195.11,合理诉求
7317,247.06,979.44,-732.3800000000001,合理诉求
7318,358.16,531.86,-173.7,合理诉求
7319,225.42,617.06,-391.64,合理诉求
7320,75.65,222.78,-147.13,合理诉求
7321,311.52,358.63,-47.110000000000014,合理诉求
7322,37.35,607.69,-570.34,诉求偏高
7323,566.86,2854.22,-2287.36,诉求偏高
7324,175.98,763.29,-587.31,合理诉求
7325,58.06,625.87,-567.81,诉求偏高
7326,164.58,577.45,-412.87,合理诉求
7327,73.76,418.21,-344.45,合理诉求
7328,294.14,430.45,-136.31,合理诉求
7329,33.53,237.67,-204.14,合理诉求
7330,94.87,104.89,-10.019999999999996,合理诉求
7331,268.38,582.68,-314.29999999999995,合理诉求
7332,210.68,592.6,-381.92,合理诉求
7333,41.96,467.43,-425.47,诉求偏高
7334,819.07,1558.11,-739.0399999999998,合理诉求
7335,69.91,190.29,-120.38,合理诉求
7336,195.32,1762.44,-1567.12,诉求偏高
7337,48.15,137.72,-89.57,合理诉求
7338,578.25,1284.12,-705.8699999999999,合理诉求
7339,144.86,415.1,-270.24,合理诉求
7340,130.28,165.9,-35.620000000000005,合理诉求
7341,64.35,1005.16,-940.81,严重超额
7342,88.48,844.35,-755.87,诉求偏高
7343,38.59,103.73,-65.14,合理诉求
7344,181.69,483.22,-301.53000000000003,合理诉求
7345,606.43,1305.33,-698.9,合理诉求
7346,676.11,1360.41,-684.3000000000001,合理诉求
7347,135.02,285.31,-150.29,合理诉求
7348,362.8,552.33,-189.53000000000003,合理诉求
7349,121.59,407.3,-285.71000000000004,合理诉求
7350,2.96,110.28,-107.32,合理诉求
7351,3.34,100.65,-97.31,合理诉求
7352,110.31,198.09,-87.78,合理诉求
7353,98.57,236.94,-138.37,合理诉求
7354,410.46,1575.7,-1165.24,诉求偏高
7355,697.95,843.46,-145.51,合理诉求
7356,626.28,3823.46,-3197.1800000000003,诉求偏高
7357,578.91,2685.82,-2106.9100000000003,合理诉求
7358,117.83,1216.85,-1099.02,诉求偏高
7359,228.61,1554.67,-1326.06,诉求偏高
7360,329.67,418.95,-89.27999999999997,合理诉求
7361,100.44,1044.07,-943.63,诉求偏高
7362,229.2,270.23,-41.03000000000003,合理诉求
7363,295.8,338.98,-43.18000000000001,合理诉求
7364,253.24,612.92,-359.67999999999995,合理诉求
7365,80.12,824.35,-744.23,诉求偏高
7366,538.82,774.79,-235.9699999999999,合理诉求
7367,374.12,548.9,-174.77999999999997,合理诉求
7368,374.04,392.32,-18.279999999999973,合理诉求
7369,339.29,455.13,-115.83999999999996,合理诉求
7370,92.67,123.1,-30.429999999999996,合理诉求
7371,902.69,2399.07,-1496.38,合理诉求
7372,102.24,215.16,-112.92,合理诉求
7373,339.47,747.64,-408.17,合理诉求
7374,967.46,4100.77,-3133.3100000000004,诉求偏高
7375,134.83,146.33,-11.5,合理诉求
7376,583.6,953.1,-369.5,合理诉求
7377,50.45,500.28,-449.83,诉求偏高
7378,188.52,720.56,-532.04,合理诉求
7379,41.3,215.9,-174.60000000000002,合理诉求
7380,57.82,100.03,-42.21,合理诉求
7381,19.55,124.03,-104.48,合理诉求
7382,194.64,1167.92,-973.28,诉求偏高
7383,454.23,1689.02,-1234.79,诉求偏高
7384,3.15,100.02,-96.87,合理诉求
7385,62.59,172.07,-109.48,合理诉求
7386,262.03,329.33,-67.30000000000001,合理诉求
7387,42.46,136.11,-93.65,合理诉求
7388,363.09,1119.6,-756.51,合理诉求
7389,1686.21,2697.84,-1011.63,合理诉求
7390,392.64,894.48,-501.84,合理诉求
7391,66.55,208.55,-142.0,合理诉求
7392,366.21,616.85,-250.64000000000004,合理诉求
7393,736.28,2696.4,-1960.12,合理诉求
7394,1195.73,3533.23,-2337.5,诉求偏高
7395,388.65,1283.74,-895.09,合理诉求
7396,386.83,618.42,-231.59,合理诉求
7397,695.25,938.43,-243.17999999999995,合理诉求
7398,427.54,1153.54,-726.0,合理诉求
7399,170.66,503.89,-333.23,合理诉求
7400,24.5,287.95,-263.45,合理诉求
7401,138.41,212.93,-74.52000000000001,合理诉求
7402,468.6,595.1,-126.5,合理诉求
7403,38.25,594.51,-556.26,诉求偏高
7404,307.08,387.08,-80.0,合理诉求
7405,1.4,100.03,-98.63,合理诉求
7406,58.0,386.67,-328.67,合理诉求
7407,124.1,653.22,-529.12,合理诉求
7408,557.55,886.16,-328.61,合理诉求
7409,154.48,243.17,-88.69,合理诉求
7410,577.69,745.36,-167.66999999999996,合理诉求
7411,169.72,895.07,-725.35,合理诉求
7412,394.72,1454.36,-1059.64,合理诉求
7413,1065.18,4497.75,-3432.57,诉求偏高
7414,122.96,213.06,-90.1,合理诉求
7415,281.33,603.11,-321.78000000000003,合理诉求
7416,27.22,100.62,-73.4,合理诉求
7417,213.89,804.17,-590.28,合理诉求
7418,206.28,805.15,-598.87,合理诉求
7419,1115.26,3211.09,-2095.83,合理诉求
7420,278.01,524.99,-246.98,合理诉求
7421,1518.19,3839.09,-2320.9,诉求偏高
7422,52.7,202.7,-150.0,合理诉求
7423,30.61,107.65,-77.04,合理诉求
7424,195.95,221.01,-25.06,合理诉求
7425,407.24,862.81,-455.57,合理诉求
7426,105.38,1338.69,-1233.31,诉求偏高
7427,77.55,102.89,-25.340000000000003,合理诉求
7428,150.47,203.94,-53.47,合理诉求
7429,46.92,116.39,-69.47,合理诉求
7430,588.09,2786.05,-2197.96,诉求偏高
7431,424.38,599.16,-174.77999999999997,合理诉求
7432,16.06,208.43,-192.37,合理诉求
7433,511.65,803.48,-291.83000000000004,合理诉求
7434,195.35,1314.5,-1119.15,诉求偏高
7435,82.29,299.01,-216.72,合理诉求
7436,103.78,556.69,-452.9100000000001,合理诉求
7437,439.91,806.99,-367.08,合理诉求
7438,46.47,193.87,-147.4,合理诉求
7439,110.33,256.4,-146.07,合理诉求
7440,81.9,123.8,-41.89999999999999,合理诉求
7441,777.06,1987.29,-1210.23,合理诉求
7442,646.94,848.25,-201.30999999999997,合理诉求
7443,216.09,1069.64,-853.5500000000001,诉求偏高
7444,54.63,114.48,-59.85,合理诉求
7445,443.53,2085.98,-1642.45,诉求偏高
7446,80.43,148.63,-68.19999999999999,合理诉求
7447,87.65,211.16,-123.51,合理诉求
7448,12.93,183.02,-170.09,合理诉求
7449,111.33,238.15,-126.82,合理诉求
7450,696.98,1153.21,-456.23,合理诉求
7451,179.31,748.32,-569.01,合理诉求
7452,533.46,1436.98,-903.52,合理诉求
7453,306.64,1070.3,-763.66,合理诉求
7454,379.75,717.96,-338.21000000000004,合理诉求
7455,54.57,812.14,-757.5699999999999,诉求偏高
7456,276.54,678.13,-401.59,合理诉求
7457,134.6,169.49,-34.890000000000015,合理诉求
7458,604.69,1474.9,-870.21,合理诉求
7459,34.18,300.7,-266.52,合理诉求
7460,923.18,1093.06,-169.88,合理诉求
7461,140.16,316.84,-176.67999999999998,合理诉求
7462,252.21,286.87,-34.66,合理诉求
7463,90.92,611.38,-520.46,合理诉求
7464,55.4,155.73,-100.32999999999998,合理诉求
7465,66.03,989.44,-923.41,严重超额
7466,152.92,180.58,-27.660000000000025,合理诉求
7467,117.8,400.74,-282.94,合理诉求
7468,60.22,155.96,-95.74,合理诉求
7469,43.87,301.44,-257.57,合理诉求
7470,241.47,1883.73,-1642.26,诉求偏高
7471,95.98,250.29,-154.31,合理诉求
7472,109.74,144.67,-34.92999999999999,合理诉求
7473,141.01,374.68,-233.67,合理诉求
7474,511.0,856.71,-345.71000000000004,合理诉求
7475,157.78,373.36,-215.58,合理诉求
7476,216.86,865.07,-648.21,合理诉求
7477,55.8,524.54,-468.74,诉求偏高
7478,196.28,294.78,-98.49999999999996,合理诉求
7479,1082.57,2647.38,-1564.8100000000002,合理诉求
7480,215.84,443.36,-227.52,合理诉求
7481,788.53,1560.75,-772.22,合理诉求
7482,404.45,1159.96,-755.51,合理诉求
7483,304.7,1183.64,-878.94,合理诉求
7484,311.24,396.7,-85.45999999999998,合理诉求
7485,1213.68,1940.17,-726.49,合理诉求
7486,74.69,653.27,-578.5799999999999,合理诉求
7487,200.09,348.41,-148.32000000000002,合理诉求
7488,67.61,282.77,-215.16,合理诉求
7489,257.58,459.12,-201.54,合理诉求
7490,1534.73,3313.72,-1778.9899999999998,合理诉求
7491,866.18,974.14,-107.96000000000004,合理诉求
7492,336.29,686.72,-350.43,合理诉求
7493,276.04,753.08,-477.04,合理诉求
7494,36.01,110.85,-74.84,合理诉求
7495,482.42,810.25,-327.83,合理诉求
7496,478.12,1254.01,-775.89,合理诉求
7497,90.9,495.99,-405.09,合理诉求
7498,234.35,509.51,-275.16,合理诉求
7499,127.68,231.93,-104.25,合理诉求
7500,120.36,392.67,-272.31,合理诉求
7501,109.58,135.19,-25.61,合理诉求
7502,27.91,264.93,-237.02,合理诉求
7503,154.9,272.76,-117.86,合理诉求
7504,276.38,413.25,-136.87,合理诉求
7505,336.96,390.96,-54.0,合理诉求
7506,86.81,198.3,-111.49,合理诉求
7507,515.22,735.76,-220.54,合理诉求
7508,908.54,1156.99,-248.45000000000005,合理诉求
7509,114.22,177.06,-62.84,合理诉求
7510,200.15,217.75,-17.599999999999994,合理诉求
7511,33.56,109.61,-76.05,合理诉求
7512,123.06,208.52,-85.46000000000001,合理诉求
7513,108.17,574.94,-466.77,合理诉求
7514,1.41,102.97,-101.56,合理诉求
7515,816.25,1586.48,-770.23,合理诉求
7516,438.62,2378.43,-1939.81,诉求偏高
7517,529.97,1778.66,-1248.69,合理诉求
7518,261.06,309.09,-48.02999999999997,合理诉求
7519,1118.99,2626.61,-1507.62,合理诉求
7520,191.63,783.79,-592.16,合理诉求
7521,424.7,2559.34,-2134.6400000000003,诉求偏高
7522,63.03,431.31,-368.28,诉求偏高
7523,596.88,1541.61,-944.73,合理诉求
7524,13.2,130.21,-117.01,合理诉求
7525,78.22,145.36,-67.14000000000001,合理诉求
7526,19.26,143.23,-123.96999999999998,合理诉求
7527,466.61,618.69,-152.08000000000004,合理诉求
7528,239.13,916.23,-677.1,合理诉求
7529,156.28,383.27,-226.99,合理诉求
7530,1064.17,3499.97,-2435.8,诉求偏高
7531,245.67,2256.75,-2011.08,严重超额
7532,236.77,959.65,-722.88,合理诉求
7533,117.72,305.26,-187.54,合理诉求
7534,93.79,313.49,-219.7,合理诉求
7535,67.96,233.63,-165.67000000000002,合理诉求
7536,79.47,500.53,-421.06,合理诉求
7537,603.79,2055.0,-1451.21,合理诉求
7538,273.73,1021.22,-747.49,合理诉求
7539,555.9,3008.67,-2452.77,诉求偏高
7540,229.94,255.3,-25.360000000000014,合理诉求
7541,1142.01,2399.33,-1257.32,合理诉求
7542,218.51,955.88,-737.37,合理诉求
7543,169.75,488.25,-318.5,合理诉求
7544,190.15,438.82,-248.67,合理诉求
7545,68.68,243.28,-174.6,合理诉求
7546,399.11,449.23,-50.120000000000005,合理诉求
7547,408.63,476.76,-68.13,合理诉求
7548,250.99,679.44,-428.4500000000001,合理诉求
7549,1036.87,2489.99,-1453.12,合理诉求
7550,161.2,568.54,-407.34,合理诉求
7551,898.72,1042.18,-143.46000000000004,合理诉求
7552,237.94,685.77,-447.83,合理诉求
7553,367.67,591.23,-223.56,合理诉求
7554,1066.04,2673.23,-1607.19,合理诉求
7555,160.13,560.27,-400.14,合理诉求
7556,410.26,1275.04,-864.78,合理诉求
7557,193.0,621.04,-428.04,合理诉求
7558,96.52,127.77,-31.25,合理诉求
7559,43.41,262.16,-218.75000000000003,合理诉求
7560,24.11,127.12,-103.01,合理诉求
7561,256.63,705.98,-449.35,合理诉求
7562,63.99,410.13,-346.14,诉求偏高
7563,668.74,2691.39,-2022.65,合理诉求
7564,181.88,458.41,-276.53000000000003,合理诉求
7565,46.81,664.75,-617.94,诉求偏高
7566,76.9,311.07,-234.17,合理诉求
7567,34.45,195.7,-161.25,合理诉求
7568,45.95,108.65,-62.7,合理诉求
7569,227.73,235.19,-7.460000000000008,合理诉求
7570,856.23,2150.37,-1294.14,合理诉求
7571,397.53,1251.23,-853.7,合理诉求
7572,77.41,199.54,-122.13,合理诉求
7573,16.25,105.97,-89.72,合理诉求
7574,20.41,113.34,-92.93,合理诉求
7575,642.43,969.36,-326.93000000000006,合理诉求
7576,503.42,598.51,-95.08999999999996,合理诉求
7577,29.67,106.99,-77.32,合理诉求
7578,83.77,270.24,-186.47000000000003,合理诉求
7579,322.03,886.4,-564.37,合理诉求
7580,132.54,1167.69,-1035.15,诉求偏高
7581,94.1,234.29,-140.19,合理诉求
7582,246.95,682.55,-435.6,合理诉求
7583,112.83,119.84,-7.010000000000005,合理诉求
7584,28.97,118.11,-89.14,合理诉求
7585,59.16,138.58,-79.42000000000002,合理诉求
7586,455.69,1049.62,-593.9299999999998,合理诉求
7587,73.5,236.98,-163.48,合理诉求
7588,682.7,1077.84,-395.1399999999999,合理诉求
7589,67.73,180.86,-113.13,合理诉求
7590,795.34,2167.3,-1371.96,合理诉求
7591,33.12,113.41,-80.28999999999999,合理诉求
7592,59.71,176.84,-117.13,合理诉求
7593,462.37,641.1,-178.73000000000002,合理诉求
7594,71.81,134.63,-62.81999999999999,合理诉求
7595,241.5,1041.44,-799.94,合理诉求
7596,256.18,746.14,-489.96,合理诉求
7597,68.11,253.19,-185.08,合理诉求
7598,377.89,412.51,-34.620000000000005,合理诉求
7599,103.51,544.68,-441.17,合理诉求
7600,90.26,523.4,-433.14,合理诉求
7601,348.13,1041.3,-693.17,合理诉求
7602,77.36,351.03,-273.67,合理诉求
7603,461.21,3677.72,-3216.51,严重超额
7604,187.28,240.54,-53.25999999999999,合理诉求
7605,392.12,787.81,-395.69,合理诉求
7606,458.91,1637.46,-1178.55,诉求偏高
7607,910.78,1398.01,-487.23,合理诉求
7608,322.03,1485.0,-1162.97,诉求偏高
7609,24.62,229.53,-204.91,合理诉求
7610,655.28,904.06,-248.78,合理诉求
7611,220.12,943.9,-723.78,合理诉求
7612,426.27,1142.37,-716.0999999999999,合理诉求
7613,385.97,614.43,-228.45999999999992,合理诉求
7614,636.8,904.11,-267.31000000000006,合理诉求
7615,391.11,457.28,-66.16999999999996,合理诉求
7616,28.21,137.48,-109.26999999999998,合理诉求
7617,175.87,265.39,-89.51999999999998,合理诉求
7618,457.75,1621.64,-1163.89,诉求偏高
7619,245.54,366.25,-120.71,合理诉求
7620,404.39,1562.86,-1158.4699999999998,诉求偏高
7621,62.01,118.1,-56.09,合理诉求
7622,605.74,1688.64,-1082.9,合理诉求
7623,51.97,178.21,-126.24,合理诉求
7624,693.68,893.63,-199.95000000000005,合理诉求
7625,257.84,642.29,-384.45,合理诉求
7626,405.4,725.77,-320.37,合理诉求
7627,667.16,1500.54,-833.38,合理诉求
7628,177.66,869.62,-691.96,合理诉求
7629,123.02,278.17,-155.15000000000003,合理诉求
7630,291.28,626.39,-335.11,合理诉求
7631,1585.98,1691.1,-105.11999999999988,合理诉求
7632,166.17,450.12,-283.95000000000005,合理诉求
7633,683.62,1113.44,-429.8200000000001,合理诉求
7634,200.36,1166.23,-965.87,诉求偏高
7635,352.13,773.6,-421.47,合理诉求
7636,34.51,187.06,-152.55,合理诉求
7637,520.39,1925.79,-1405.4,合理诉求
7638,469.99,606.87,-136.88,合理诉求
7639,399.19,586.58,-187.39000000000004,合理诉求
7640,181.91,1739.72,-1557.81,诉求偏高
7641,118.15,270.33,-152.17999999999998,合理诉求
7642,879.94,2281.46,-1401.52,合理诉求
7643,10.76,104.35,-93.59,合理诉求
7644,360.56,748.49,-387.93,合理诉求
7645,102.31,160.51,-58.19999999999999,合理诉求
7646,674.24,2082.67,-1408.43,合理诉求
7647,1050.26,2055.77,-1005.51,合理诉求
7648,390.44,523.82,-133.38000000000005,合理诉求
7649,894.78,4602.56,-3707.7800000000007,严重超额
7650,207.48,754.92,-547.4399999999999,合理诉求
7651,154.21,199.84,-45.63,合理诉求
7652,709.74,925.53,-215.79,合理诉求
7653,288.84,478.37,-189.53000000000003,合理诉求
7654,47.66,443.68,-396.02,诉求偏高
7655,108.85,188.81,-79.96000000000001,合理诉求
7656,35.94,621.39,-585.45,诉求偏高
7657,401.35,1737.58,-1336.23,诉求偏高
7658,81.49,164.98,-83.49,合理诉求
7659,207.55,270.51,-62.95999999999998,合理诉求
7660,372.33,660.55,-288.22,合理诉求
7661,238.25,2137.38,-1899.13,严重超额
7662,85.76,340.15,-254.39,合理诉求
7663,40.28,308.19,-267.91,合理诉求
7664,186.55,1042.66,-856.1100000000001,诉求偏高
7665,199.25,486.49,-287.24,合理诉求
7666,98.1,156.87,-58.77000000000001,合理诉求
7667,294.21,456.03,-161.82,合理诉求
7668,285.83,565.91,-280.08,合理诉求
7669,477.01,806.66,-329.65,合理诉求
7670,14.89,117.5,-102.61,合理诉求
7671,110.92,216.43,-105.51,合理诉求
7672,155.97,184.81,-28.840000000000003,合理诉求
7673,1072.98,1088.37,-15.389999999999873,合理诉求
7674,713.02,1181.85,-468.8299999999999,合理诉求
7675,857.07,1230.15,-373.08,合理诉求
7676,188.3,929.07,-740.77,合理诉求
7677,91.31,111.1,-19.789999999999992,合理诉求
7678,110.6,597.53,-486.93,合理诉求
7679,25.94,102.21,-76.27,合理诉求
7680,272.02,305.35,-33.33000000000004,合理诉求
7681,143.54,731.73,-588.19,诉求偏高
7682,273.37,645.49,-372.12,合理诉求
7683,456.52,2028.68,-1572.16,诉求偏高
7684,73.94,347.94,-274.0,合理诉求
7685,502.96,1402.59,-899.6299999999999,合理诉求
7686,850.17,3384.99,-2534.82,诉求偏高
7687,809.47,2434.72,-1625.2499999999998,合理诉求
7688,865.43,1788.31,-922.88,合理诉求
7689,349.06,349.88,-0.8199999999999932,合理诉求
7690,8.07,135.31,-127.24,合理诉求
7691,595.65,1392.3,-796.65,合理诉求
7692,341.23,1226.32,-885.0899999999999,合理诉求
7693,307.34,342.68,-35.34000000000003,合理诉求
7694,91.7,356.64,-264.94,合理诉求
7695,365.39,611.19,-245.80000000000007,合理诉求
7696,358.73,628.91,-270.17999999999995,合理诉求
7697,190.17,385.13,-194.96,合理诉求
7698,52.53,185.54,-133.01,合理诉求
7699,116.29,902.48,-786.19,诉求偏高
7700,683.1,2406.74,-1723.64,合理诉求
7701,767.28,2559.88,-1792.6,合理诉求
7702,304.69,327.95,-23.25999999999999,合理诉求
7703,159.0,164.45,-5.449999999999989,合理诉求
7704,187.66,1659.53,-1471.87,诉求偏高
7705,49.7,148.45,-98.75,合理诉求
7706,114.3,162.75,-48.45,合理诉求
7707,1044.96,3176.23,-2131.27,诉求偏高
7708,256.04,595.03,-338.98999999999995,合理诉求
7709,161.93,286.04,-124.11,合理诉求
7710,594.2,1647.28,-1053.08,合理诉求
7711,244.33,365.96,-121.62999999999997,合理诉求
7712,106.53,207.86,-101.33,合理诉求
7713,91.17,868.03,-776.86,诉求偏高
7714,187.2,470.12,-282.92,合理诉求
7715,927.24,1460.27,-533.03,合理诉求
7716,103.91,126.8,-22.89,合理诉求
7717,368.56,839.58,-471.02,合理诉求
7718,130.04,524.54,-394.5,合理诉求
7719,83.74,169.51,-85.77,合理诉求
7720,63.97,612.45,-548.48,诉求偏高
7721,437.11,508.93,-71.82,合理诉求
7722,118.62,162.74,-44.120000000000005,合理诉求
7723,50.23,134.11,-83.88000000000002,合理诉求
7724,312.4,1876.98,-1564.58,诉求偏高
7725,196.03,285.12,-89.09,合理诉求
7726,178.74,621.03,-442.29,合理诉求
7727,89.33,314.84,-225.51,合理诉求
7728,65.98,105.77,-39.78999999999999,合理诉求
7729,146.11,624.2,-478.09,合理诉求
7730,150.22,264.97,-114.75000000000004,合理诉求
7731,255.51,855.37,-599.86,合理诉求
7732,88.72,131.46,-42.74000000000001,合理诉求
7733,105.91,813.12,-707.21,诉求偏高
7734,181.19,726.33,-545.1400000000001,合理诉求
7735,461.95,2063.06,-1601.11,诉求偏高
7736,59.4,101.14,-41.74,合理诉求
7737,280.97,497.76,-216.79,合理诉求
7738,269.27,615.94,-346.6700000000001,合理诉求
7739,74.06,259.01,-184.95,合理诉求
7740,3.39,119.97,-116.58,合理诉求
7741,330.32,753.15,-422.83,合理诉求
7742,163.56,2332.56,-2169.0,严重超额
7743,352.21,725.62,-373.41,合理诉求
7744,44.48,111.12,-66.64000000000001,合理诉求
7745,423.98,1399.66,-975.68,合理诉求
7746,597.29,1370.28,-772.99,合理诉求
7747,247.62,569.49,-321.87,合理诉求
7748,146.04,331.09,-185.05,合理诉求
7749,154.56,558.01,-403.45,合理诉求
7750,431.57,2647.52,-2215.95,诉求偏高
7751,486.57,789.65,-303.08,合理诉求
7752,123.09,641.27,-518.18,合理诉求
7753,24.99,106.2,-81.21000000000001,合理诉求
7754,261.93,1320.01,-1058.08,诉求偏高
7755,103.5,140.2,-36.69999999999999,合理诉求
7756,86.53,101.66,-15.129999999999995,合理诉求
7757,391.82,479.37,-87.55000000000001,合理诉求
7758,301.72,1223.1,-921.38,合理诉求
7759,37.39,123.69,-86.3,合理诉求
7760,167.37,228.04,-60.66999999999999,合理诉求
7761,257.31,864.62,-607.31,合理诉求
7762,537.47,2414.12,-1876.65,合理诉求
7763,704.06,1647.59,-943.53,合理诉求
7764,146.53,275.18,-128.65,合理诉求
7765,142.13,501.3,-359.17,合理诉求
7766,50.28,106.04,-55.760000000000005,合理诉求
7767,2.07,106.83,-104.76,合理诉求
7768,16.65,117.37,-100.72,合理诉求
7769,291.81,392.99,-101.18,合理诉求
7770,847.4,1573.88,-726.4800000000001,合理诉求
7771,130.7,204.75,-74.05000000000001,合理诉求
7772,0.74,100.04,-99.3,合理诉求
7773,5.32,128.08,-122.76000000000002,合理诉求
7774,159.43,573.76,-414.33,合理诉求
7775,465.89,476.4,-10.509999999999993,合理诉求
7776,796.59,3710.95,-2914.36,诉求偏高
7777,37.6,182.85,-145.25,合理诉求
7778,430.49,655.36,-224.87,合理诉求
7779,126.98,993.38,-866.4,诉求偏高
7780,58.63,122.09,-63.46,合理诉求
7781,225.94,278.14,-52.19999999999999,合理诉求
7782,369.83,771.11,-401.28,合理诉求
7783,323.67,540.37,-216.7,合理诉求
7784,64.05,121.79,-57.74000000000001,合理诉求
7785,31.73,264.37,-232.64,合理诉求
7786,46.15,374.87,-328.72,合理诉求
7787,45.01,173.12,-128.11,合理诉求
7788,72.98,228.96,-155.98000000000002,合理诉求
7789,402.58,416.72,-14.140000000000043,合理诉求
7790,1082.27,3042.87,-1960.6,合理诉求
7791,479.86,1622.79,-1142.9299999999998,合理诉求
7792,48.31,330.18,-281.87,合理诉求
7793,503.67,1047.03,-543.3599999999999,合理诉求
7794,157.41,158.96,-1.5500000000000114,合理诉求
7795,52.55,378.88,-326.33,合理诉求
7796,18.84,117.23,-98.39,合理诉求
7797,64.98,279.3,-214.32,合理诉求
7798,111.07,111.52,-0.4500000000000028,合理诉求
7799,19.95,552.86,-532.91,诉求偏高
7800,146.69,271.45,-124.76,合理诉求
7801,678.97,1397.13,-718.1600000000001,合理诉求
7802,83.34,129.24,-45.900000000000006,合理诉求
7803,326.83,332.83,-6.0,合理诉求
7804,358.76,1233.67,-874.9100000000001,合理诉求
7805,81.25,1075.95,-994.7,诉求偏高
7806,235.27,313.54,-78.27000000000001,合理诉求
7807,319.76,546.66,-226.9,合理诉求
7808,191.89,399.18,-207.29,合理诉求
7809,91.26,747.68,-656.42,诉求偏高
7810,95.25,407.77,-312.52,合理诉求
7811,68.86,158.67,-89.80999999999999,合理诉求
7812,192.22,304.56,-112.34,合理诉求
7813,205.52,1060.55,-855.03,诉求偏高
7814,181.85,2661.94,-2480.09,严重超额
7815,789.99,818.45,-28.46000000000004,合理诉求
7816,298.91,1161.27,-862.3599999999999,合理诉求
7817,215.78,468.4,-252.62,合理诉求
7818,53.81,200.39,-146.57999999999998,合理诉求
7819,139.08,273.24,-134.16,合理诉求
7820,112.45,1123.35,-1010.9,诉求偏高
7821,467.81,1069.32,-601.51,合理诉求
7822,146.13,391.67,-245.54,合理诉求
7823,107.92,139.77,-31.85000000000001,合理诉求
7824,99.57,516.74,-417.17,合理诉求
7825,35.15,196.08,-160.93,合理诉求
7826,91.2,101.23,-10.03,合理诉求
7827,788.69,3246.79,-2458.1,诉求偏高
7828,230.71,476.73,-246.02,合理诉求
7829,137.67,644.21,-506.5400000000001,合理诉求
7830,1144.51,4315.51,-3171.0,诉求偏高
7831,897.74,1011.9,-114.15999999999995,合理诉求
7832,76.9,195.88,-118.98,合理诉求
7833,623.25,2616.36,-1993.11,合理诉求
7834,952.68,1813.07,-860.39,合理诉求
7835,444.5,759.54,-315.04,合理诉求
7836,403.7,1100.39,-696.69,合理诉求
7837,100.08,118.53,-18.450000000000003,合理诉求
7838,70.9,187.78,-116.88,合理诉求
7839,60.45,113.0,-52.55,合理诉求
7840,17.03,110.25,-93.22,合理诉求
7841,512.28,1275.44,-763.1600000000001,合理诉求
7842,574.92,1302.64,-727.7200000000001,合理诉求
7843,67.56,840.65,-773.0899999999999,诉求偏高
7844,29.41,156.26,-126.85,合理诉求
7845,103.5,121.05,-17.549999999999997,合理诉求
7846,413.68,2354.28,-1940.6,诉求偏高
7847,242.91,474.87,-231.96,合理诉求
7848,355.08,2208.06,-1852.98,诉求偏高
7849,790.61,1774.01,-983.4,合理诉求
7850,229.58,273.49,-43.91,合理诉求
7851,697.47,2976.1,-2278.63,诉求偏高
7852,470.77,765.35,-294.58000000000004,合理诉求
7853,885.94,3788.37,-2902.43,诉求偏高
7854,423.46,1363.17,-939.71,合理诉求
7855,216.42,256.7,-40.28,合理诉求
7856,555.03,962.61,-407.58,合理诉求
7857,2.46,102.32,-99.86,合理诉求
7858,412.92,607.9,-194.98,合理诉求
7859,502.52,1370.19,-867.6700000000001,合理诉求
7860,166.55,763.78,-597.23,合理诉求
7861,175.06,382.21,-207.15,合理诉求
7862,106.61,194.92,-88.30999999999999,合理诉求
7863,68.19,572.77,-504.58,诉求偏高
7864,6.45,255.03,-248.58,合理诉求
7865,775.25,1393.92,-618.6700000000001,合理诉求
7866,283.67,2486.88,-2203.21,诉求偏高
7867,93.28,559.04,-465.76,合理诉求
7868,82.63,813.49,-730.86,诉求偏高
7869,373.63,494.75,-121.12,合理诉求
7870,595.24,1222.8,-627.56,合理诉求
7871,93.92,124.22,-30.3,合理诉求
7872,196.07,515.3,-319.23,合理诉求
7873,107.28,115.56,-8.280000000000001,合理诉求
7874,173.49,280.87,-107.38,合理诉求
7875,45.4,406.04,-360.64,诉求偏高
7876,64.57,226.51,-161.94,合理诉求
7877,350.88,638.14,-287.26,合理诉求
7878,346.24,1092.99,-746.75,合理诉求
7879,195.23,342.34,-147.11,合理诉求
7880,37.35,607.69,-570.34,诉求偏高
7881,92.19,198.8,-106.61,合理诉求
7882,129.8,865.69,-735.8900000000001,诉求偏高
7883,115.05,146.07,-31.02,合理诉求
7884,434.79,1156.31,-721.52,合理诉求
7885,5.15,100.06,-94.91,合理诉求
7886,376.52,956.52,-580.0,合理诉求
7887,196.9,575.77,-378.87,合理诉求
7888,441.03,1575.06,-1134.03,诉求偏高
7889,312.09,390.27,-78.18,合理诉求
7890,462.11,747.44,-285.33000000000004,合理诉求
7891,165.65,278.43,-112.78,合理诉求
7892,18.89,108.2,-89.31,合理诉求
7893,1323.75,1967.88,-644.1300000000001,合理诉求
7894,121.84,950.05,-828.2099999999999,诉求偏高
7895,109.53,119.51,-9.980000000000004,合理诉求
7896,109.87,1127.64,-1017.77,诉求偏高
7897,300.97,1241.6,-940.63,合理诉求
7898,221.51,307.23,-85.72000000000003,合理诉求
7899,403.14,1375.3,-972.16,合理诉求
7900,408.45,494.36,-85.91000000000003,合理诉求
7901,94.28,121.49,-27.209999999999997,合理诉求
7902,39.36,255.59,-216.23,合理诉求
7903,5.41,100.43,-95.02,合理诉求
7904,278.32,1224.33,-946.01,合理诉求
7905,172.73,620.99,-448.26,合理诉求
7906,111.43,1035.61,-924.1799999999998,诉求偏高
7907,756.8,1863.09,-1106.29,合理诉求
7908,404.83,496.77,-91.94,合理诉求
7909,190.06,402.09,-212.03,合理诉求
7910,102.15,247.89,-145.73999999999998,合理诉求
7911,863.25,1388.45,-525.2,合理诉求
7912,179.68,305.65,-125.96999999999996,合理诉求
7913,489.79,2087.12,-1597.33,合理诉求
7914,222.18,863.99,-641.81,合理诉求
7915,257.62,512.98,-255.36,合理诉求
7916,2.07,103.2,-101.13,合理诉求
7917,94.9,472.45,-377.55,合理诉求
7918,372.22,448.2,-75.97999999999996,合理诉求
7919,275.09,780.24,-505.15,合理诉求
7920,23.81,103.22,-79.41,合理诉求
7921,1719.54,2934.47,-1214.9299999999998,合理诉求
7922,148.33,283.05,-134.72,合理诉求
7923,38.54,257.16,-218.62000000000003,合理诉求
7924,51.65,100.4,-48.75000000000001,合理诉求
7925,175.64,175.87,-0.2300000000000182,合理诉求
7926,672.69,851.16,-178.4699999999999,合理诉求
7927,115.83,1121.51,-1005.68,诉求偏高
7928,344.91,874.27,-529.3599999999999,合理诉求
7929,271.59,1114.98,-843.3900000000001,合理诉求
7930,236.63,1009.38,-772.75,合理诉求
7931,442.06,1178.34,-736.28,合理诉求
7932,117.78,977.47,-859.69,诉求偏高
7933,74.6,134.09,-59.49000000000001,合理诉求
7934,194.66,203.71,-9.050000000000011,合理诉求
7935,246.15,1524.91,-1278.76,诉求偏高
7936,323.25,624.44,-301.19000000000005,合理诉求
7937,152.98,777.45,-624.47,合理诉求
7938,391.58,435.03,-43.44999999999999,合理诉求
7939,83.31,104.43,-21.120000000000005,合理诉求
7940,139.29,619.58,-480.2900000000001,合理诉求
7941,782.15,1576.83,-794.68,合理诉求
7942,59.23,264.98,-205.75000000000003,合理诉求
7943,73.43,430.7,-357.27,合理诉求
7944,93.87,103.86,-9.989999999999997,合理诉求
7945,355.87,558.4,-202.53,合理诉求
7946,231.33,615.49,-384.16,合理诉求
7947,1.11,101.71,-100.6,合理诉求
7948,82.39,477.44,-395.05,合理诉求
7949,1196.14,4956.86,-3760.7199999999993,严重超额
7950,47.13,522.08,-474.9500000000001,诉求偏高
7951,224.98,610.92,-385.94,合理诉求
7952,98.07,192.45,-94.38,合理诉求
7953,544.12,1544.11,-999.99,合理诉求
7954,582.04,1811.69,-1229.65,合理诉求
7955,191.86,467.33,-275.47,合理诉求
7956,28.31,102.72,-74.41,合理诉求
7957,73.85,422.29,-348.44000000000005,合理诉求
7958,353.77,387.42,-33.650000000000034,合理诉求
7959,78.39,109.76,-31.370000000000005,合理诉求
7960,527.39,596.93,-69.53999999999996,合理诉求
7961,3.61,100.69,-97.08,合理诉求
7962,434.59,1144.77,-710.1800000000001,合理诉求
7963,281.48,1898.71,-1617.23,诉求偏高
7964,41.85,457.82,-415.97,诉求偏高
7965,78.91,624.58,-545.6700000000001,合理诉求
7966,220.38,921.56,-701.18,合理诉求
7967,702.65,1072.22,-369.5700000000001,合理诉求
7968,234.71,768.59,-533.88,合理诉求
7969,13.99,100.61,-86.62,合理诉求
7970,14.28,133.08,-118.8,合理诉求
7971,229.96,316.29,-86.33000000000001,合理诉求
7972,523.07,1682.28,-1159.21,合理诉求
7973,128.91,168.94,-40.03,合理诉求
7974,82.27,100.29,-18.02000000000001,合理诉求
7975,271.14,425.65,-154.51,合理诉求
7976,109.35,240.37,-131.02,合理诉求
7977,221.96,451.18,-229.22,合理诉求
7978,134.54,457.35,-322.81000000000006,合理诉求
7979,293.54,1197.38,-903.84,合理诉求
7980,27.43,613.1,-585.6700000000001,诉求偏高
7981,126.86,222.79,-95.93,合理诉求
7982,324.13,483.42,-159.29000000000002,合理诉求
7983,186.43,621.83,-435.4,合理诉求
7984,849.91,933.52,-83.61000000000001,合理诉求
7985,356.3,1693.7,-1337.4,诉求偏高
7986,402.75,1602.16,-1199.41,诉求偏高
7987,106.56,161.79,-55.22999999999999,合理诉求
7988,346.58,567.2,-220.6200000000001,合理诉求
7989,338.54,2457.67,-2119.13,诉求偏高
7990,83.28,106.48,-23.200000000000003,合理诉求
7991,284.96,1184.75,-899.79,合理诉求
7992,145.22,384.45,-239.23,合理诉求
7993,61.87,239.1,-177.23,合理诉求
7994,371.0,624.89,-253.89,合理诉求
7995,1309.64,2380.0,-1070.36,合理诉求
7996,210.78,330.33,-119.54999999999998,合理诉求
7997,294.37,2139.86,-1845.49,诉求偏高
7998,43.82,106.0,-62.18,合理诉求
7999,28.44,106.31,-77.87,合理诉求
8000,466.07,929.48,-463.41,合理诉求
8001,202.49,545.42,-342.92999999999995,合理诉求
8002,183.0,722.25,-539.25,合理诉求
8003,241.25,815.15,-573.9,合理诉求
8004,108.76,147.16,-38.39999999999999,合理诉求
8005,64.38,105.27,-40.89,合理诉求
8006,379.13,2105.9,-1726.77,诉求偏高
8007,44.23,182.2,-137.97,合理诉求
8008,790.75,2001.91,-1211.16,合理诉求
8009,84.91,118.94,-34.03,合理诉求
8010,42.02,263.06,-221.04,合理诉求
8011,79.2,178.38,-99.18,合理诉求
8012,221.4,1835.3,-1613.9,诉求偏高
8013,54.56,369.29,-314.73,合理诉求
8014,52.66,182.96,-130.3,合理诉求
8015,101.67,168.32,-66.64999999999999,合理诉求
8016,118.95,238.88,-119.93,合理诉求
8017,258.3,351.0,-92.7,合理诉求
8018,207.15,342.5,-135.35,合理诉求
8019,249.29,666.19,-416.9000000000001,合理诉求
8020,39.55,122.53,-82.98,合理诉求
8021,158.54,367.34,-208.8,合理诉求
8022,202.16,1460.51,-1258.35,诉求偏高
8023,251.84,593.5,-341.66,合理诉求
8024,462.27,677.65,-215.38,合理诉求
8025,175.29,1078.44,-903.15,诉求偏高
8026,380.06,415.68,-35.620000000000005,合理诉求
8027,294.51,905.99,-611.48,合理诉求
8028,39.83,117.94,-78.11,合理诉求
8029,129.07,170.76,-41.69,合理诉求
8030,50.99,345.68,-294.69,合理诉求
8031,114.92,122.12,-7.200000000000003,合理诉求
8032,833.72,969.02,-135.29999999999995,合理诉求
8033,69.42,201.69,-132.26999999999998,合理诉求
8034,490.54,492.16,-1.6200000000000043,合理诉求
8035,46.22,314.77,-268.54999999999995,合理诉求
8036,77.49,454.25,-376.76,合理诉求
8037,835.85,2401.31,-1565.46,合理诉求
8038,262.98,1501.87,-1238.89,诉求偏高
8039,102.88,231.76,-128.88,合理诉求
8040,266.41,436.29,-169.88,合理诉求
8041,35.88,326.73,-290.85,合理诉求
8042,17.12,103.39,-86.27,合理诉求
8043,102.62,163.01,-60.38999999999999,合理诉求
8044,622.99,1257.48,-634.49,合理诉求
8045,279.46,495.44,-215.98,合理诉求
8046,98.39,287.15,-188.76,合理诉求
8047,447.47,646.94,-199.47000000000003,合理诉求
8048,227.78,262.68,-34.900000000000006,合理诉求
8049,359.0,1068.7,-709.7,合理诉求
8050,243.85,485.15,-241.3,合理诉求
8051,614.04,1071.05,-457.01,合理诉求
8052,80.28,212.34,-132.06,合理诉求
8053,246.44,1158.76,-912.32,诉求偏高
8054,62.67,822.58,-759.9100000000001,诉求偏高
8055,247.61,1053.26,-805.65,诉求偏高
8056,71.25,244.53,-173.28,合理诉求
8057,134.28,185.78,-51.5,合理诉求
8058,186.91,384.94,-198.03,合理诉求
8059,582.54,795.42,-212.88,合理诉求
8060,29.79,116.87,-87.08000000000001,合理诉求
8061,323.19,629.89,-306.7,合理诉求
8062,212.96,1235.1,-1022.14,诉求偏高
8063,771.88,3512.42,-2740.54,诉求偏高
8064,499.86,710.78,-210.92,合理诉求
8065,130.95,373.57,-242.62,合理诉求
8066,532.35,1265.16,-732.8100000000001,合理诉求
8067,232.97,1563.75,-1330.78,诉求偏高
8068,796.35,1012.36,-216.01,合理诉求
8069,57.75,197.7,-139.95,合理诉求
8070,99.14,751.7,-652.5600000000001,诉求偏高
8071,17.78,106.16,-88.38,合理诉求
8072,283.1,1674.97,-1391.87,诉求偏高
8073,474.76,998.29,-523.53,合理诉求
8074,216.75,457.76,-241.01,合理诉求
8075,68.67,317.6,-248.93,合理诉求
8076,833.08,2335.39,-1502.31,合理诉求
8077,531.39,1197.59,-666.1999999999999,合理诉求
8078,26.67,104.47,-77.8,合理诉求
8079,172.65,444.3,-271.65,合理诉求
8080,402.79,445.02,-42.22999999999996,合理诉求
8081,46.26,147.02,-100.76000000000002,合理诉求
8082,184.48,379.05,-194.57,合理诉求
8083,244.54,293.34,-48.79999999999998,合理诉求
8084,29.38,107.78,-78.4,合理诉求
8085,134.35,372.61,-238.26,合理诉求
8086,225.68,642.46,-416.78,合理诉求
8087,809.79,3687.24,-2877.45,诉求偏高
8088,141.72,209.86,-68.14000000000001,合理诉求
8089,268.93,682.29,-413.36,合理诉求
8090,118.26,673.72,-555.46,合理诉求
8091,671.65,1938.43,-1266.7800000000002,合理诉求
8092,156.96,471.98,-315.02,合理诉求
8093,167.39,416.64,-249.25,合理诉求
8094,676.04,1003.66,-327.62,合理诉求
8095,47.96,265.41,-217.45,合理诉求
8096,376.24,1950.21,-1573.97,诉求偏高
8097,673.0,2302.17,-1629.17,合理诉求
8098,238.52,2057.75,-1819.23,严重超额
8099,446.93,656.24,-209.31,合理诉求
8100,620.47,678.34,-57.870000000000005,合理诉求
8101,518.58,2862.83,-2344.25,诉求偏高
8102,389.16,605.14,-215.98,合理诉求
8103,826.51,3911.12,-3084.61,诉求偏高
8104,408.14,1302.22,-894.08,合理诉求
8105,471.41,944.83,-473.42,合理诉求
8106,27.43,613.1,-585.6700000000001,诉求偏高
8107,248.43,607.24,-358.81,合理诉求
8108,120.28,231.97,-111.69,合理诉求
8109,14.88,103.16,-88.28,合理诉求
8110,63.52,163.86,-100.34,合理诉求
8111,611.16,1227.28,-616.12,合理诉求
8112,310.03,416.75,-106.72000000000004,合理诉求
8113,71.89,664.7,-592.8100000000001,诉求偏高
8114,158.15,622.03,-463.88,合理诉求
8115,871.87,3885.05,-3013.1800000000003,诉求偏高
8116,364.27,639.87,-275.6,合理诉求
8117,55.95,100.48,-44.53,合理诉求
8118,75.05,146.47,-71.42,合理诉求
8119,134.07,617.01,-482.94,合理诉求
8120,82.7,424.84,-342.14,合理诉求
8121,36.88,485.76,-448.88,诉求偏高
8122,512.53,815.65,-303.12,合理诉求
8123,54.11,206.05,-151.94,合理诉求
8124,461.78,601.96,-140.18000000000006,合理诉求
8125,466.95,839.32,-372.37000000000006,合理诉求
8126,362.21,1846.16,-1483.95,诉求偏高
8127,61.88,480.1,-418.22,诉求偏高
8128,116.66,117.42,-0.7600000000000051,合理诉求
8129,192.16,328.58,-136.42,合理诉求
8130,446.89,561.61,-114.72000000000004,合理诉求
8131,381.06,2545.78,-2164.7200000000003,诉求偏高
8132,452.81,1192.1,-739.29,合理诉求
8133,116.17,519.49,-403.32,合理诉求
8134,483.5,563.67,-80.16999999999996,合理诉求
8135,598.89,2761.66,-2162.77,诉求偏高
8136,253.43,1144.2,-890.77,诉求偏高
8137,630.9,765.92,-135.01999999999998,合理诉求
8138,27.07,122.35,-95.28,合理诉求
8139,28.49,134.2,-105.71,合理诉求
8140,319.49,1652.54,-1333.05,诉求偏高
8141,617.59,1936.19,-1318.6,合理诉求
8142,163.41,522.43,-359.02,合理诉求
8143,249.29,689.64,-440.35,合理诉求
8144,43.18,109.67,-66.49000000000001,合理诉求
8145,84.39,179.72,-95.33,合理诉求
8146,21.08,108.08,-87.0,合理诉求
8147,192.75,700.48,-507.73,合理诉求
8148,350.85,620.66,-269.80999999999995,合理诉求
8149,349.5,837.39,-487.89,合理诉求
8150,42.94,364.05,-321.11,合理诉求
8151,119.84,363.38,-243.54,合理诉求
8152,299.31,445.39,-146.07999999999998,合理诉求
8153,423.29,1406.9,-983.61,合理诉求
8154,932.0,1588.52,-656.52,合理诉求
8155,333.75,1105.18,-771.4300000000001,合理诉求
8156,195.09,589.84,-394.75,合理诉求
8157,57.25,182.56,-125.31,合理诉求
8158,135.68,717.39,-581.71,合理诉求
8159,43.85,147.73,-103.88,合理诉求
8160,565.68,1197.04,-631.36,合理诉求
8161,70.99,118.5,-47.510000000000005,合理诉求
8162,328.07,2315.8,-1987.73,诉求偏高
8163,150.36,490.56,-340.2,合理诉求
8164,260.64,399.62,-138.98000000000002,合理诉求
8165,130.54,320.47,-189.93000000000004,合理诉求
8166,148.35,813.55,-665.1999999999999,诉求偏高
8167,321.92,1044.94,-723.02,合理诉求
8168,219.88,1442.99,-1223.11,诉求偏高
8169,438.54,2213.6,-1775.06,诉求偏高
8170,1667.05,2752.57,-1085.5200000000002,合理诉求
8171,105.16,408.56,-303.4,合理诉求
8172,1259.25,5498.77,-4239.52,严重超额
8173,734.76,1190.12,-455.3599999999999,合理诉求
8174,295.48,375.46,-79.97999999999996,合理诉求
8175,10.78,168.26,-157.48,合理诉求
8176,331.0,2008.94,-1677.94,诉求偏高
8177,927.51,1346.09,-418.5799999999999,合理诉求
8178,23.02,116.68,-93.66,合理诉求
8179,184.77,501.12,-316.35,合理诉求
8180,419.46,816.92,-397.46,合理诉求
8181,158.85,215.12,-56.27000000000001,合理诉求
8182,117.27,479.76,-362.49,合理诉求
8183,555.01,3272.1,-2717.09,诉求偏高
8184,112.13,272.94,-160.81,合理诉求
8185,65.05,121.52,-56.47,合理诉求
8186,337.19,871.89,-534.7,合理诉求
8187,177.23,374.59,-197.36,合理诉求
8188,139.69,717.54,-577.8499999999999,合理诉求
8189,114.33,143.81,-29.480000000000004,合理诉求
8190,25.52,143.36,-117.84000000000002,合理诉求
8191,70.75,100.69,-29.94,合理诉求
8192,217.33,865.28,-647.9499999999999,合理诉求
8193,986.49,2221.18,-1234.6899999999998,合理诉求
8194,647.95,932.38,-284.42999999999995,合理诉求
8195,661.77,2117.59,-1455.8200000000002,合理诉求
8196,935.21,4832.19,-3896.98,严重超额
8197,141.48,149.69,-8.210000000000008,合理诉求
8198,461.27,2814.57,-2353.3,严重超额
8199,383.0,1078.23,-695.23,合理诉求
8200,244.6,606.62,-362.02,合理诉求
8201,48.16,590.11,-541.95,诉求偏高
8202,469.76,1551.56,-1081.8,合理诉求
8203,193.97,309.16,-115.19000000000004,合理诉求
8204,865.16,1816.35,-951.19,合理诉求
8205,169.03,745.87,-576.84,合理诉求
8206,18.24,110.87,-92.63,合理诉求
8207,280.95,436.13,-155.18,合理诉求
8208,271.46,628.29,-356.83,合理诉求
8209,606.17,807.94,-201.7700000000001,合理诉求
8210,375.07,845.45,-470.38000000000005,合理诉求
8211,838.08,2220.4,-1382.3200000000002,合理诉求
8212,32.34,159.07,-126.73,合理诉求
8213,880.06,1107.37,-227.30999999999997,合理诉求
8214,59.0,528.47,-469.47,诉求偏高
8215,134.22,141.22,-7.0,合理诉求
8216,15.96,473.77,-457.81,诉求偏高
8217,46.24,152.79,-106.54999999999998,合理诉求
8218,523.99,823.87,-299.88,合理诉求
8219,374.48,2089.33,-1714.85,诉求偏高
8220,479.67,1704.24,-1224.57,合理诉求
8221,1069.27,3470.64,-2401.37,诉求偏高
8222,347.94,1008.73,-660.79,合理诉求
8223,142.23,211.88,-69.65,合理诉求
8224,709.8,901.78,-191.98,合理诉求
8225,1132.38,1835.83,-703.4499999999998,合理诉求
8226,421.2,445.78,-24.579999999999984,合理诉求
8227,15.4,108.74,-93.34,合理诉求
8228,167.46,850.1,-682.64,合理诉求
8229,376.31,491.05,-114.74,合理诉求
8230,578.57,1703.42,-1124.85,合理诉求
8231,503.96,661.17,-157.20999999999998,合理诉求
8232,318.03,776.9,-458.87,合理诉求
8233,158.67,197.36,-38.690000000000026,合理诉求
8234,3.37,101.53,-98.16,合理诉求
8235,559.45,1008.1,-448.65,合理诉求
8236,238.28,866.04,-627.76,合理诉求
8237,148.48,1035.75,-887.27,诉求偏高
8238,601.62,662.88,-61.25999999999999,合理诉求
8239,80.45,184.18,-103.73,合理诉求
8240,429.94,1266.24,-836.3,合理诉求
8241,547.27,1155.19,-607.9200000000001,合理诉求
8242,465.2,649.89,-184.69,合理诉求
8243,958.12,1296.4,-338.2800000000001,合理诉求
8244,167.84,298.98,-131.14,合理诉求
8245,48.8,911.78,-862.98,严重超额
8246,75.51,214.45,-138.94,合理诉求
8247,1134.7,1328.14,-193.44000000000003,合理诉求
8248,455.96,1356.11,-900.1499999999999,合理诉求
8249,217.18,259.15,-41.96999999999997,合理诉求
8250,15.83,101.83,-86.0,合理诉求
8251,723.55,2370.21,-1646.66,合理诉求
8252,668.91,1014.0,-345.09000000000003,合理诉求
8253,749.01,854.35,-105.34000000000005,合理诉求
8254,93.08,250.45,-157.37,合理诉求
8255,37.35,146.16,-108.81,合理诉求
8256,87.88,232.23,-144.35,合理诉求
8257,82.37,151.9,-69.53,合理诉求
8258,266.28,1001.27,-734.99,合理诉求
8259,344.18,1028.68,-684.5,合理诉求
8260,302.95,368.83,-65.88,合理诉求
8261,168.54,249.03,-80.49000000000001,合理诉求
8262,82.25,1747.14,-1664.89,严重超额
8263,792.98,840.15,-47.16999999999996,合理诉求
8264,4.72,108.28,-103.56,合理诉求
8265,202.78,1127.78,-925.0,诉求偏高
8266,217.38,358.48,-141.10000000000002,合理诉求
8267,147.41,324.58,-177.17,合理诉求
8268,1262.31,1618.22,-355.9100000000001,合理诉求
8269,275.14,749.17,-474.03,合理诉求
8270,295.46,628.88,-333.42,合理诉求
8271,1585.77,2695.46,-1109.69,合理诉求
8272,232.16,266.5,-34.34,合理诉求
8273,62.8,100.56,-37.760000000000005,合理诉求
8274,421.8,1166.24,-744.44,合理诉求
8275,203.88,421.12,-217.24,合理诉求
8276,93.8,174.23,-80.42999999999999,合理诉求
8277,260.0,352.66,-92.66000000000004,合理诉求
8278,55.62,105.31,-49.690000000000005,合理诉求
8279,174.43,214.55,-40.120000000000005,合理诉求
8280,147.32,489.54,-342.22,合理诉求
8281,160.92,236.07,-75.15,合理诉求
8282,395.97,1066.88,-670.9100000000001,合理诉求
8283,13.53,255.19,-241.66,合理诉求
8284,35.09,356.63,-321.54,合理诉求
8285,9.32,100.04,-90.72,合理诉求
8286,855.14,1948.4,-1093.2600000000002,合理诉求
8287,663.94,1004.37,-340.42999999999995,合理诉求
8288,728.45,1627.46,-899.01,合理诉求
8289,400.27,1687.47,-1287.2,诉求偏高
8290,308.51,389.31,-80.80000000000001,合理诉求
8291,240.21,281.17,-40.96000000000001,合理诉求
8292,785.39,2131.96,-1346.5700000000002,合理诉求
8293,247.91,916.68,-668.77,合理诉求
8294,70.38,105.5,-35.120000000000005,合理诉求
8295,608.98,2371.37,-1762.39,合理诉求
8296,276.75,865.51,-588.76,合理诉求
8297,5.72,100.77,-95.05,合理诉求
8298,111.13,804.89,-693.76,诉求偏高
8299,230.07,326.55,-96.48000000000002,合理诉求
8300,210.59,1430.68,-1220.09,诉求偏高
8301,705.14,1506.01,-800.87,合理诉求
8302,107.95,366.77,-258.82,合理诉求
8303,671.96,1117.5,-445.54,合理诉求
8304,89.31,303.49,-214.18,合理诉求
8305,240.12,245.42,-5.299999999999983,合理诉求
8306,311.16,1277.53,-966.37,合理诉求
8307,167.58,1209.06,-1041.48,诉求偏高
8308,25.39,227.71,-202.32,合理诉求
8309,82.33,119.51,-37.18000000000001,合理诉求
8310,268.98,412.82,-143.83999999999995,合理诉求
8311,148.97,834.47,-685.5,合理诉求
8312,326.7,2100.28,-1773.5800000000002,诉求偏高
8313,812.55,2295.67,-1483.12,合理诉求
8314,109.32,415.06,-305.74,合理诉求
8315,105.55,187.59,-82.04,合理诉求
8316,203.38,962.6,-759.22,合理诉求
8317,293.13,444.69,-151.56,合理诉求
8318,21.04,134.08,-113.04000000000002,合理诉求
8319,212.89,411.31,-198.42,合理诉求
8320,271.37,276.97,-5.600000000000023,合理诉求
8321,56.29,233.26,-176.97,合理诉求
8322,756.23,921.3,-165.06999999999994,合理诉求
8323,920.83,2025.0,-1104.17,合理诉求
8324,112.29,221.68,-109.39,合理诉求
8325,338.98,736.31,-397.3299999999999,合理诉求
8326,563.88,1944.41,-1380.5300000000002,合理诉求
8327,358.09,676.58,-318.49000000000007,合理诉求
8328,426.18,616.63,-190.45,合理诉求
8329,75.9,279.37,-203.47,合理诉求
8330,32.4,329.83,-297.43,合理诉求
8331,303.58,627.29,-323.71,合理诉求
8332,40.23,624.82,-584.59,诉求偏高
8333,125.08,148.28,-23.200000000000003,合理诉求
8334,212.29,516.79,-304.5,合理诉求
8335,72.32,324.91,-252.59000000000003,合理诉求
8336,976.92,2604.71,-1627.79,合理诉求
8337,198.65,1316.54,-1117.89,诉求偏高
8338,395.08,933.72,-538.6400000000001,合理诉求
8339,20.73,124.24,-103.51,合理诉求
8340,160.63,331.41,-170.78000000000003,合理诉求
8341,233.2,339.36,-106.16000000000004,合理诉求
8342,180.56,817.69,-637.1300000000001,合理诉求
8343,74.01,145.05,-71.04,合理诉求
8344,714.82,1814.9,-1100.08,合理诉求
8345,412.48,454.61,-42.13,合理诉求
8346,459.91,986.69,-526.78,合理诉求
8347,670.88,2345.08,-1674.1999999999998,合理诉求
8348,550.13,3778.86,-3228.73,诉求偏高
8349,102.38,524.67,-422.29,合理诉求
8350,430.97,746.08,-315.11,合理诉求
8351,51.46,512.29,-460.83,诉求偏高
8352,20.17,164.03,-143.86,合理诉求
8353,881.87,2703.35,-1821.48,合理诉求
8354,108.07,480.48,-372.41,合理诉求
8355,236.67,794.96,-558.2900000000001,合理诉求
8356,128.36,156.1,-27.73999999999998,合理诉求
8357,145.33,1059.37,-914.0399999999998,诉求偏高
8358,461.81,524.08,-62.27000000000004,合理诉求
8359,673.91,1218.55,-544.64,合理诉求
8360,331.86,487.95,-156.08999999999995,合理诉求
8361,339.44,399.83,-60.38999999999999,合理诉求
8362,25.74,197.96,-172.22,合理诉求
8363,265.55,599.17,-333.61999999999995,合理诉求
8364,975.26,4117.48,-3142.22,诉求偏高
8365,231.04,254.48,-23.44,合理诉求
8366,371.14,729.28,-358.14,合理诉求
8367,150.39,264.39,-114.0,合理诉求
8368,955.94,3616.46,-2660.52,诉求偏高
8369,445.55,1700.8,-1255.25,诉求偏高
8370,709.32,1791.57,-1082.25,合理诉求
8371,409.99,2109.12,-1699.13,诉求偏高
8372,79.9,812.27,-732.37,诉求偏高
8373,53.14,101.19,-48.05,合理诉求
8374,36.76,252.79,-216.03,合理诉求
8375,1009.7,1445.54,-435.8399999999999,合理诉求
8376,96.86,257.28,-160.41999999999996,合理诉求
8377,265.47,406.2,-140.72999999999996,合理诉求
8378,28.66,117.43,-88.77000000000001,合理诉求
8379,155.11,1119.44,-964.33,诉求偏高
8380,54.67,107.78,-53.11,合理诉求
8381,2.07,100.04,-97.97,合理诉求
8382,114.5,484.13,-369.63,合理诉求
8383,921.41,974.68,-53.26999999999998,合理诉求
8384,4.94,100.82,-95.88,合理诉求
8385,65.84,110.93,-45.09,合理诉求
8386,130.22,458.47,-328.25,合理诉求
8387,270.57,736.73,-466.16,合理诉求
8388,104.3,399.55,-295.25,合理诉求
8389,357.76,1138.46,-780.7,合理诉求
8390,267.31,348.38,-81.07,合理诉求
8391,334.62,590.81,-256.18999999999994,合理诉求
8392,462.12,817.32,-355.20000000000005,合理诉求
8393,32.65,153.8,-121.15,合理诉求
8394,247.49,778.91,-531.42,合理诉求
8395,120.65,334.19,-213.54,合理诉求
8396,143.29,169.24,-25.950000000000017,合理诉求
8397,166.42,687.12,-520.7,合理诉求
8398,297.88,1282.85,-984.97,合理诉求
8399,435.72,685.95,-250.23,合理诉求
8400,146.87,463.53,-316.66,合理诉求
8401,142.64,204.39,-61.75,合理诉求
8402,14.14,531.26,-517.12,诉求偏高
8403,343.76,2319.82,-1976.06,诉求偏高
8404,476.42,598.29,-121.86999999999996,合理诉求
8405,392.07,705.68,-313.61,合理诉求
8406,184.6,498.73,-314.13,合理诉求
8407,324.32,461.48,-137.16000000000005,合理诉求
8408,133.74,793.83,-660.09,诉求偏高
8409,82.56,122.03,-39.47,合理诉求
8410,611.09,989.78,-378.69,合理诉求
8411,157.48,614.08,-456.6,合理诉求
8412,424.57,940.53,-515.96,合理诉求
8413,316.61,1550.81,-1234.1999999999998,诉求偏高
8414,204.96,470.23,-265.27,合理诉求
8415,193.74,1755.36,-1561.62,诉求偏高
8416,44.44,216.67,-172.23,合理诉求
8417,676.63,1433.7,-757.07,合理诉求
8418,418.72,439.82,-21.09999999999997,合理诉求
8419,27.23,100.02,-72.78999999999999,合理诉求
8420,337.0,504.99,-167.99,合理诉求
8421,45.61,294.33,-248.72,合理诉求
8422,525.67,1853.98,-1328.31,合理诉求
8423,98.4,1055.6,-957.2,诉求偏高
8424,155.07,320.34,-165.26999999999998,合理诉求
8425,235.35,1614.58,-1379.23,诉求偏高
8426,448.21,773.24,-325.03000000000003,合理诉求
8427,198.06,703.43,-505.37,合理诉求
8428,555.11,1115.16,-560.0500000000001,合理诉求
8429,139.86,879.53,-739.67,诉求偏高
8430,113.05,143.07,-30.02,合理诉求
8431,51.78,850.55,-798.77,严重超额
8432,304.55,375.65,-71.09999999999997,合理诉求
8433,123.77,198.41,-74.64,合理诉求
8434,167.39,361.94,-194.55,合理诉求
8435,325.6,675.61,-350.01,合理诉求
8436,401.35,744.87,-343.52,合理诉求
8437,8.69,111.12,-102.43,合理诉求
8438,356.41,386.94,-30.529999999999973,合理诉求
8439,668.6,688.36,-19.75999999999999,合理诉求
8440,332.36,1263.68,-931.32,合理诉求
8441,62.7,196.03,-133.32999999999998,合理诉求
8442,178.35,457.65,-279.29999999999995,合理诉求
8443,208.54,767.89,-559.35,合理诉求
8444,15.83,130.64,-114.81,合理诉求
8445,28.19,120.97,-92.78,合理诉求
8446,345.01,1869.06,-1524.05,诉求偏高
8447,554.4,2926.77,-2372.37,诉求偏高
8448,257.5,2273.25,-2015.75,严重超额
8449,124.61,850.09,-725.48,诉求偏高
8450,185.92,1029.55,-843.63,诉求偏高
8451,10.29,216.31,-206.02,合理诉求
8452,65.46,351.53,-286.07,合理诉求
8453,303.46,1178.14,-874.6800000000001,合理诉求
8454,508.66,930.53,-421.87,合理诉求
8455,21.86,161.21,-139.35000000000002,合理诉求
8456,748.5,2275.15,-1526.65,合理诉求
8457,16.76,131.68,-114.92,合理诉求
8458,368.91,872.07,-503.16,合理诉求
8459,143.97,246.03,-102.06,合理诉求
8460,744.17,1647.1,-902.93,合理诉求
8461,110.1,452.96,-342.86,合理诉求
8462,507.57,592.7,-85.13000000000005,合理诉求
8463,135.0,631.03,-496.03,合理诉求
8464,83.23,107.74,-24.50999999999999,合理诉求
8465,60.18,519.63,-459.45,诉求偏高
8466,276.8,651.83,-375.03,合理诉求
8467,274.37,496.29,-221.92,合理诉求
8468,59.16,144.68,-85.52000000000001,合理诉求
8469,18.92,113.15,-94.23,合理诉求
8470,93.55,171.33,-77.78000000000002,合理诉求
8471,27.25,126.52,-99.27,合理诉求
8472,149.79,282.77,-132.98,合理诉求
8473,277.78,299.52,-21.74000000000001,合理诉求
8474,291.55,554.67,-263.11999999999995,合理诉求
8475,956.98,1712.11,-755.1299999999999,合理诉求
8476,5.76,124.73,-118.97,合理诉求
8477,305.52,1013.78,-708.26,合理诉求
8478,357.23,678.29,-321.05999999999995,合理诉求
8479,303.59,401.76,-98.17000000000002,合理诉求
8480,443.43,1364.5,-921.07,合理诉求
8481,136.59,1107.82,-971.23,诉求偏高
8482,508.65,872.29,-363.64,合理诉求
8483,95.42,236.87,-141.45,合理诉求
8484,259.92,485.63,-225.71,合理诉求
8485,39.74,101.39,-61.65,合理诉求
8486,163.23,221.55,-58.32000000000002,合理诉求
8487,592.21,2137.21,-1545.0,合理诉求
8488,76.15,389.5,-313.35,合理诉求
8489,137.22,150.54,-13.319999999999991,合理诉求
8490,121.94,734.76,-612.8199999999999,诉求偏高
8491,1222.0,4987.44,-3765.44,严重超额
8492,100.43,420.95,-320.52,合理诉求
8493,87.96,161.37,-73.41000000000001,合理诉求
8494,643.81,1151.0,-507.19000000000005,合理诉求
8495,337.02,599.16,-262.14,合理诉求
8496,107.28,255.18,-147.9,合理诉求
8497,15.19,630.93,-615.7399999999999,诉求偏高
8498,95.43,534.56,-439.13,合理诉求
8499,54.52,104.2,-49.68,合理诉求
8500,87.52,106.71,-19.19,合理诉求
8501,248.3,1190.48,-942.18,诉求偏高
8502,106.22,513.4,-407.18,合理诉求
8503,106.19,448.83,-342.64,合理诉求
8504,238.65,493.1,-254.45,合理诉求
8505,63.83,219.32,-155.49,合理诉求
8506,271.73,2572.81,-2301.08,严重超额
8507,935.19,1340.83,-405.6399999999999,合理诉求
8508,140.33,143.2,-2.869999999999976,合理诉求
8509,591.91,1074.6,-482.69,合理诉求
8510,24.89,106.53,-81.64,合理诉求
8511,538.69,1078.07,-539.3799999999999,合理诉求
8512,99.66,325.75,-226.09,合理诉求
8513,89.51,255.82,-166.31,合理诉求
8514,98.88,423.55,-324.67,合理诉求
8515,91.7,286.27,-194.57,合理诉求
8516,217.78,405.44,-187.66,合理诉求
8517,115.9,652.99,-537.09,合理诉求
8518,119.87,857.5,-737.63,诉求偏高
8519,38.85,145.42,-106.57,合理诉求
8520,198.06,545.4,-347.34,合理诉求
8521,204.07,299.48,-95.41000000000004,合理诉求
8522,136.2,217.53,-81.33000000000001,合理诉求
8523,150.73,178.93,-28.200000000000017,合理诉求
8524,1315.62,2820.76,-1505.1400000000003,合理诉求
8525,339.54,603.54,-263.99999999999994,合理诉求
8526,409.79,1979.62,-1569.83,诉求偏高
8527,931.1,2846.73,-1915.63,合理诉求
8528,453.5,1710.45,-1256.95,诉求偏高
8529,302.96,1008.21,-705.25,合理诉求
8530,130.59,159.44,-28.849999999999994,合理诉求
8531,81.32,117.65,-36.33000000000001,合理诉求
8532,91.32,367.71,-276.39,合理诉求
8533,935.65,1354.01,-418.36,合理诉求
8534,52.69,359.25,-306.56,合理诉求
8535,129.49,290.71,-161.21999999999997,合理诉求
8536,281.35,944.3,-662.9499999999999,合理诉求
8537,104.22,432.98,-328.76,合理诉求
8538,74.56,105.22,-30.66,合理诉求
8539,178.23,261.33,-83.1,合理诉求
8540,68.38,305.38,-237.0,合理诉求
8541,550.92,1089.34,-538.42,合理诉求
8542,198.82,530.47,-331.65000000000003,合理诉求
8543,192.68,1171.58,-978.9,诉求偏高
8544,247.16,538.9,-291.74,合理诉求
8545,76.36,321.36,-245.0,合理诉求
8546,214.95,1123.29,-908.34,诉求偏高
8547,107.95,592.76,-484.81,合理诉求
8548,101.33,649.79,-548.4599999999999,合理诉求
8549,361.21,887.15,-525.94,合理诉求
8550,178.91,691.19,-512.2800000000001,合理诉求
8551,49.58,707.41,-657.8299999999999,诉求偏高
8552,195.82,510.57,-314.75,合理诉求
8553,294.73,383.71,-88.97999999999996,合理诉求
8554,9.39,134.49,-125.1,合理诉求
8555,45.69,201.59,-155.9,合理诉求
8556,35.14,100.49,-65.35,合理诉求
8557,1341.47,2502.89,-1161.4199999999998,合理诉求
8558,37.64,601.92,-564.28,诉求偏高
8559,142.06,149.97,-7.909999999999997,合理诉求
8560,190.82,589.13,-398.31,合理诉求
8561,131.4,287.43,-156.03,合理诉求
8562,157.85,507.7,-349.85,合理诉求
8563,304.61,569.31,-264.69999999999993,合理诉求
8564,41.57,191.28,-149.71,合理诉求
8565,307.44,358.99,-51.55000000000001,合理诉求
8566,115.46,252.86,-137.40000000000003,合理诉求
8567,296.08,352.16,-56.08000000000004,合理诉求
8568,244.38,705.49,-461.11,合理诉求
8569,168.83,684.53,-515.6999999999999,合理诉求
8570,99.61,113.75,-14.14,合理诉求
8571,120.0,375.99,-255.99,合理诉求
8572,468.88,1383.46,-914.58,合理诉求
8573,532.65,2930.33,-2397.68,诉求偏高
8574,181.86,863.18,-681.3199999999999,合理诉求
8575,152.37,2132.38,-1980.01,严重超额
8576,244.6,612.49,-367.89,合理诉求
8577,678.9,3542.0,-2863.1,诉求偏高
8578,1067.64,2306.19,-1238.55,合理诉求
8579,185.43,194.65,-9.22,合理诉求
8580,634.96,1757.52,-1122.56,合理诉求
8581,738.02,1127.97,-389.9500000000001,合理诉求
8582,339.57,961.02,-621.45,合理诉求
8583,68.53,412.39,-343.86,诉求偏高
8584,13.06,184.56,-171.5,合理诉求
8585,197.68,682.36,-484.68,合理诉求
8586,300.82,508.87,-208.05,合理诉求
8587,194.57,208.05,-13.480000000000018,合理诉求
8588,46.06,606.49,-560.4300000000001,诉求偏高
8589,151.77,859.07,-707.3000000000001,合理诉求
8590,365.39,1532.19,-1166.8000000000002,诉求偏高
8591,284.06,397.83,-113.76999999999998,合理诉求
8592,773.05,3683.91,-2910.86,诉求偏高
8593,18.41,115.2,-96.79,合理诉求
8594,76.88,164.21,-87.33000000000001,合理诉求
8595,139.71,863.9,-724.1899999999999,诉求偏高
8596,146.24,182.12,-35.879999999999995,合理诉求
8597,372.0,699.96,-327.96000000000004,合理诉求
8598,332.88,338.79,-5.910000000000025,合理诉求
8599,300.26,543.1,-242.84000000000003,合理诉求
8600,307.48,992.25,-684.77,合理诉求
8601,1037.97,2135.16,-1097.1899999999998,合理诉求
8602,107.43,1153.02,-1045.59,诉求偏高
8603,580.97,2000.93,-1419.96,合理诉求
8604,110.66,234.42,-123.76,合理诉求
8605,33.01,349.47,-316.46000000000004,合理诉求
8606,424.92,881.83,-456.91,合理诉求
8607,667.86,1845.82,-1177.96,合理诉求
8608,494.04,1201.55,-707.51,合理诉求
8609,242.3,380.79,-138.49,合理诉求
8610,51.68,895.96,-844.2800000000001,严重超额
8611,86.67,236.97,-150.3,合理诉求
8612,61.01,126.88,-65.87,合理诉求
8613,33.21,157.03,-123.82,合理诉求
8614,73.05,912.81,-839.76,诉求偏高
8615,14.92,108.94,-94.02,合理诉求
8616,547.82,2843.01,-2295.19,诉求偏高
8617,178.47,776.37,-597.9,合理诉求
8618,766.9,1415.56,-648.66,合理诉求
8619,569.5,672.49,-102.99,合理诉求
8620,38.58,206.83,-168.25,合理诉求
8621,67.02,152.58,-85.56000000000002,合理诉求
8622,155.47,294.63,-139.16,合理诉求
8623,62.56,187.27,-124.71,合理诉求
8624,200.57,555.4,-354.83,合理诉求
8625,106.48,194.49,-88.01,合理诉求
8626,81.67,120.11,-38.44,合理诉求
8627,131.75,152.46,-20.710000000000008,合理诉求
8628,550.55,1111.4,-560.8500000000001,合理诉求
8629,345.81,469.38,-123.57,合理诉求
8630,37.73,180.89,-143.16,合理诉求
8631,80.93,185.49,-104.56,合理诉求
8632,96.18,424.91,-328.73,合理诉求
8633,69.41,574.42,-505.01,诉求偏高
8634,277.91,524.2,-246.29,合理诉求
8635,69.98,222.56,-152.57999999999998,合理诉求
8636,80.98,1036.01,-955.03,诉求偏高
8637,208.06,2166.15,-1958.09,严重超额
8638,158.47,1384.74,-1226.27,诉求偏高
8639,486.33,1491.1,-1004.77,合理诉求
8640,933.1,1989.98,-1056.88,合理诉求
8641,84.96,726.54,-641.5799999999999,诉求偏高
8642,260.04,1108.41,-848.3700000000001,诉求偏高
8643,862.17,4045.71,-3183.54,诉求偏高
8644,200.14,1153.44,-953.3,诉求偏高
8645,34.77,102.85,-68.07999999999998,合理诉求
8646,440.2,1097.12,-656.9199999999998,合理诉求
8647,44.11,431.05,-386.94,诉求偏高
8648,40.93,121.4,-80.47,合理诉求
8649,538.26,2474.23,-1935.97,合理诉求
8650,209.25,416.03,-206.78,合理诉求
8651,229.26,752.67,-523.41,合理诉求
8652,160.41,1141.34,-980.93,诉求偏高
8653,103.64,775.33,-671.69,诉求偏高
8654,786.85,3568.43,-2781.58,诉求偏高
8655,134.49,431.64,-297.15,合理诉求
8656,152.5,225.98,-73.47999999999999,合理诉求
8657,603.34,784.96,-181.62,合理诉求
8658,105.94,1159.88,-1053.94,诉求偏高
8659,337.53,341.13,-3.6000000000000227,合理诉求
8660,387.9,869.28,-481.38,合理诉求
8661,516.66,882.51,-365.85,合理诉求
8662,124.46,140.19,-15.730000000000004,合理诉求
8663,23.47,162.37,-138.9,合理诉求
8664,714.14,2401.38,-1687.2400000000002,合理诉求
8665,56.08,166.13,-110.05,合理诉求
8666,34.19,351.61,-317.42,合理诉求
8667,230.14,293.81,-63.670000000000016,合理诉求
8668,152.69,351.04,-198.35,合理诉求
8669,54.64,249.42,-194.78,合理诉求
8670,474.51,1402.62,-928.11,合理诉求
8671,78.11,106.24,-28.129999999999995,合理诉求
8672,25.84,191.48,-165.64,合理诉求
8673,315.68,1125.67,-809.99,合理诉求
8674,313.24,990.27,-677.03,合理诉求
8675,173.45,469.25,-295.8,合理诉求
8676,220.36,452.81,-232.45,合理诉求
8677,162.1,1139.93,-977.83,诉求偏高
8678,618.22,1032.79,-414.57,合理诉求
8679,450.77,2551.6,-2100.83,诉求偏高
8680,400.47,498.93,-98.45999999999998,合理诉求
8681,204.9,435.96,-231.06,合理诉求
8682,182.3,493.66,-311.36,合理诉求
8683,118.3,558.26,-439.96,合理诉求
8684,111.78,138.07,-26.289999999999992,合理诉求
8685,616.7,802.88,-186.17999999999995,合理诉求
8686,208.95,580.93,-371.98,合理诉求
8687,597.51,961.18,-363.67,合理诉求
8688,443.09,1490.85,-1047.76,合理诉求
8689,331.54,1417.25,-1085.71,合理诉求
8690,45.1,139.05,-93.95000000000002,合理诉求
8691,89.72,119.0,-29.28,合理诉求
8692,25.29,181.2,-155.91,合理诉求
8693,999.99,2247.81,-1247.82,合理诉求
8694,72.32,371.12,-298.8,合理诉求
8695,95.23,120.73,-25.5,合理诉求
8696,204.27,377.04,-172.77,合理诉求
8697,819.18,1637.41,-818.2300000000001,合理诉求
8698,449.44,1131.57,-682.1299999999999,合理诉求
8699,54.56,108.06,-53.5,合理诉求
8700,680.46,763.44,-82.98000000000002,合理诉求
8701,129.42,379.56,-250.14,合理诉求
8702,131.24,224.99,-93.75,合理诉求
8703,679.61,1345.16,-665.5500000000001,合理诉求
8704,9.38,144.66,-135.28,合理诉求
8705,44.97,235.28,-190.31,合理诉求
8706,340.1,889.22,-549.12,合理诉求
8707,244.96,359.26,-114.29999999999998,合理诉求
8708,394.28,2933.62,-2539.34,严重超额
8709,436.08,1214.66,-778.5800000000002,合理诉求
8710,694.82,757.63,-62.809999999999945,合理诉求
8711,118.06,142.8,-24.74000000000001,合理诉求
8712,9.01,107.52,-98.51,合理诉求
8713,278.58,813.79,-535.21,合理诉求
8714,122.96,238.06,-115.1,合理诉求
8715,877.52,2229.08,-1351.56,合理诉求
8716,418.52,1409.35,-990.83,合理诉求
8717,359.2,786.77,-427.57,合理诉求
8718,463.42,2338.13,-1874.71,诉求偏高
8719,204.04,655.2,-451.1600000000001,合理诉求
8720,39.58,237.71,-198.13,合理诉求
8721,832.05,3222.42,-2390.37,诉求偏高
8722,35.81,105.75,-69.94,合理诉求
8723,37.95,254.7,-216.75,合理诉求
8724,812.87,1427.01,-614.14,合理诉求
8725,116.93,429.56,-312.63,合理诉求
8726,65.29,108.18,-42.89,合理诉求
8727,356.46,1147.89,-791.4300000000001,合理诉求
8728,52.95,149.08,-96.13,合理诉求
8729,762.72,2007.14,-1244.42,合理诉求
8730,329.18,1360.99,-1031.81,合理诉求
8731,723.41,779.72,-56.31000000000006,合理诉求
8732,100.95,160.49,-59.540000000000006,合理诉求
8733,188.78,191.74,-2.960000000000008,合理诉求
8734,274.71,508.05,-233.34000000000003,合理诉求
8735,56.64,189.18,-132.54000000000002,合理诉求
8736,137.81,277.72,-139.91000000000005,合理诉求
8737,51.81,125.71,-73.89999999999999,合理诉求
8738,31.48,106.6,-75.11999999999999,合理诉求
8739,2.79,100.5,-97.71,合理诉求
8740,655.27,1177.39,-522.1200000000001,合理诉求
8741,227.97,1797.83,-1569.86,诉求偏高
8742,67.8,413.06,-345.26,诉求偏高
8743,135.0,819.45,-684.45,诉求偏高
8744,5.41,110.32,-104.91,合理诉求
8745,71.58,101.09,-29.510000000000005,合理诉求
8746,198.56,1134.74,-936.18,诉求偏高
8747,1399.68,1769.3,-369.6199999999999,合理诉求
8748,2.01,101.34,-99.33,合理诉求
8749,761.82,1174.93,-413.11,合理诉求
8750,87.96,158.5,-70.54,合理诉求
8751,59.15,376.26,-317.11,合理诉求
8752,1228.43,5388.04,-4159.61,严重超额
8753,361.51,1231.83,-870.3199999999999,合理诉求
8754,242.54,1636.81,-1394.27,诉求偏高
8755,1050.88,2265.42,-1214.54,合理诉求
8756,240.57,624.27,-383.7,合理诉求
8757,167.42,249.85,-82.43,合理诉求
8758,882.46,1357.17,-474.71,合理诉求
8759,7.94,110.48,-102.54,合理诉求
8760,265.5,988.84,-723.34,合理诉求
8761,1059.38,2638.37,-1578.9899999999998,合理诉求
8762,105.91,229.72,-123.81,合理诉求
8763,582.63,1712.6,-1129.9699999999998,合理诉求
8764,9.29,126.44,-117.15,合理诉求
8765,622.53,2806.54,-2184.01,诉求偏高
8766,121.69,322.35,-200.66000000000005,合理诉求
8767,117.87,223.97,-106.1,合理诉求
8768,1775.6,3516.73,-1741.13,合理诉求
8769,27.71,105.12,-77.41,合理诉求
8770,303.46,515.17,-211.71,合理诉求
8771,104.6,399.36,-294.76,合理诉求
8772,1435.03,2416.85,-981.82,合理诉求
8773,69.15,135.48,-66.32999999999998,合理诉求
8774,338.05,722.08,-384.03,合理诉求
8775,616.6,1358.73,-742.13,合理诉求
8776,82.84,118.5,-35.66,合理诉求
8777,212.25,523.32,-311.07000000000005,合理诉求
8778,268.9,299.44,-30.54000000000002,合理诉求
8779,631.4,1130.08,-498.68,合理诉求
8780,79.81,536.88,-457.07,合理诉求
8781,278.42,885.25,-606.8299999999999,合理诉求
8782,467.61,574.47,-106.86,合理诉求
8783,9.76,104.36,-94.6,合理诉求
8784,442.39,709.59,-267.20000000000005,合理诉求
8785,41.66,139.02,-97.36,合理诉求
8786,72.03,119.0,-46.97,合理诉求
8787,318.24,431.44,-113.2,合理诉求
8788,293.15,813.13,-519.98,合理诉求
8789,173.62,917.61,-743.99,合理诉求
8790,136.18,263.74,-127.56,合理诉求
8791,1092.89,2014.68,-921.79,合理诉求
8792,18.24,546.74,-528.5,诉求偏高
8793,235.57,363.01,-127.44,合理诉求
8794,146.04,176.61,-30.57000000000002,合理诉求
8795,183.93,569.37,-385.44,合理诉求
8796,824.04,1092.29,-268.25,合理诉求
8797,31.68,125.95,-94.27,合理诉求
8798,346.18,538.29,-192.11,合理诉求
8799,99.12,107.22,-8.099999999999994,合理诉求
8800,663.71,915.5,-251.79,合理诉求
8801,23.95,117.81,-93.86,合理诉求
8802,105.94,317.51,-211.57,合理诉求
8803,45.1,164.51,-119.41,合理诉求
8804,130.13,384.74,-254.61,合理诉求
8805,135.03,424.72,-289.69000000000005,合理诉求
8806,410.57,1363.01,-952.44,合理诉求
8807,94.48,245.83,-151.35000000000002,合理诉求
8808,709.44,1411.9,-702.46,合理诉求
8809,166.59,1889.41,-1722.8200000000002,严重超额
8810,213.41,1186.99,-973.58,诉求偏高
8811,43.63,146.2,-102.57,合理诉求
8812,377.76,1608.11,-1230.35,诉求偏高
8813,340.45,691.56,-351.11,合理诉求
8814,433.63,675.36,-241.73,合理诉求
8815,54.39,253.25,-198.86,合理诉求
8816,185.45,673.98,-488.53,合理诉求
8817,124.05,192.93,-68.88000000000001,合理诉求
8818,242.59,755.14,-512.55,合理诉求
8819,227.25,565.78,-338.53,合理诉求
8820,29.44,105.98,-76.54,合理诉求
8821,388.43,604.63,-216.2,合理诉求
8822,983.59,1644.21,-660.62,合理诉求
8823,110.58,238.3,-127.72,合理诉求
8824,1030.73,4223.54,-3192.81,诉求偏高
8825,125.07,313.45,-188.38,合理诉求
8826,140.61,268.65,-128.03999999999996,合理诉求
8827,1180.62,2003.57,-822.95,合理诉求
8828,105.37,122.1,-16.72999999999999,合理诉求
8829,143.45,207.42,-63.97,合理诉求
8830,6.76,100.0,-93.24,合理诉求
8831,158.36,438.44,-280.08,合理诉求
8832,170.94,892.15,-721.21,合理诉求
8833,134.58,304.06,-169.48,合理诉求
8834,797.9,2176.12,-1378.2199999999998,合理诉求
8835,943.84,3302.43,-2358.59,诉求偏高
8836,629.34,821.27,-191.92999999999995,合理诉求
8837,178.59,315.95,-137.36,合理诉求
8838,72.72,597.67,-524.9499999999999,合理诉求
8839,69.12,411.84,-342.72,诉求偏高
8840,788.44,2006.92,-1218.48,合理诉求
8841,213.96,792.91,-578.9499999999999,合理诉求
8842,157.43,661.86,-504.43,合理诉求
8843,188.38,335.02,-146.64,合理诉求
8844,358.02,479.18,-121.16000000000004,合理诉求
8845,141.42,1310.15,-1168.73,诉求偏高
8846,189.99,251.01,-61.01999999999998,合理诉求
8847,461.32,829.98,-368.66,合理诉求
8848,477.22,601.13,-123.90999999999995,合理诉求
8849,154.17,177.25,-23.080000000000013,合理诉求
8850,462.36,1065.96,-603.6,合理诉求
8851,147.87,187.21,-39.34,合理诉求
8852,237.46,1180.94,-943.48,诉求偏高
8853,296.56,556.73,-260.17,合理诉求
8854,442.9,2441.97,-1999.07,诉求偏高
8855,358.54,1767.6,-1409.06,诉求偏高
8856,112.47,220.03,-107.56,合理诉求
8857,228.87,1103.29,-874.42,诉求偏高
8858,203.71,1264.25,-1060.54,诉求偏高
8859,591.0,1039.29,-448.29,合理诉求
8860,144.0,1076.69,-932.69,诉求偏高
8861,72.17,1040.38,-968.2100000000002,诉求偏高
8862,110.61,400.22,-289.61,合理诉求
8863,96.98,223.49,-126.51,合理诉求
8864,312.95,782.8,-469.85,合理诉求
8865,305.86,519.58,-213.72000000000003,合理诉求
8866,191.81,246.24,-54.43000000000001,合理诉求
8867,1089.97,2307.12,-1217.15,合理诉求
8868,80.84,107.37,-26.53,合理诉求
8869,264.44,1556.66,-1292.22,诉求偏高
8870,159.95,407.16,-247.21000000000004,合理诉求
8871,392.36,755.24,-362.88,合理诉求
8872,43.21,114.52,-71.31,合理诉求
8873,21.56,289.06,-267.5,合理诉求
8874,306.96,1429.34,-1122.38,诉求偏高
8875,464.74,467.51,-2.769999999999982,合理诉求
8876,463.28,612.26,-148.98000000000002,合理诉求
8877,543.29,1040.05,-496.76,合理诉求
8878,379.76,1353.73,-973.97,合理诉求
8879,407.62,784.16,-376.54,合理诉求
8880,932.52,1776.09,-843.5699999999999,合理诉求
8881,50.95,589.38,-538.43,诉求偏高
8882,396.1,525.75,-129.64999999999998,合理诉求
8883,569.86,1786.88,-1217.02,合理诉求
8884,112.99,118.6,-5.609999999999999,合理诉求
8885,420.05,1056.68,-636.6300000000001,合理诉求
8886,66.35,330.31,-263.96000000000004,合理诉求
8887,71.38,327.71,-256.33,合理诉求
8888,78.64,232.06,-153.42000000000002,合理诉求
8889,315.12,510.36,-195.24,合理诉求
8890,126.16,349.97,-223.81000000000003,合理诉求
8891,850.77,3351.56,-2500.79,诉求偏高
8892,118.05,716.92,-598.87,诉求偏高
8893,1150.68,2275.7,-1125.0199999999998,合理诉求
8894,566.71,2375.99,-1809.28,合理诉求
8895,258.84,465.24,-206.40000000000003,合理诉求
8896,68.47,102.96,-34.489999999999995,合理诉求
8897,34.97,119.03,-84.06,合理诉求
8898,63.46,135.58,-72.12,合理诉求
8899,36.9,117.43,-80.53,合理诉求
8900,562.99,1009.45,-446.46,合理诉求
8901,168.89,378.83,-209.94,合理诉求
8902,604.98,985.15,-380.17,合理诉求
8903,397.05,470.09,-73.03999999999996,合理诉求
8904,424.1,575.32,-151.22000000000003,合理诉求
8905,116.51,363.3,-246.79,合理诉求
8906,64.82,131.73,-66.91,合理诉求
8907,231.21,467.61,-236.4,合理诉求
8908,532.11,941.69,-409.58,合理诉求
8909,509.54,1216.56,-707.02,合理诉求
8910,80.61,430.8,-350.19,合理诉求
8911,33.0,101.55,-68.55,合理诉求
8912,422.26,1164.5,-742.24,合理诉求
8913,661.98,1932.18,-1270.2,合理诉求
8914,39.12,140.18,-101.06,合理诉求
8915,220.9,500.77,-279.87,合理诉求
8916,17.72,101.69,-83.97,合理诉求
8917,47.77,111.52,-63.74999999999999,合理诉求
8918,495.46,1229.79,-734.3299999999999,合理诉求
8919,234.08,548.74,-314.66,合理诉求
8920,52.42,145.7,-93.28,合理诉求
8921,105.31,970.46,-865.1500000000001,诉求偏高
8922,363.04,586.4,-223.36,合理诉求
8923,308.61,567.54,-258.92999999999995,合理诉求
8924,71.29,109.76,-38.47,合理诉求
8925,327.25,858.47,-531.22,合理诉求
8926,805.7,1245.52,-439.82,合理诉求
8927,513.36,904.82,-391.46,合理诉求
8928,65.97,406.55,-340.58000000000004,诉求偏高
8929,307.24,783.57,-476.33,合理诉求
8930,89.88,487.56,-397.68,合理诉求
8931,168.75,1040.12,-871.3699999999999,诉求偏高
8932,37.68,146.53,-108.85,合理诉求
8933,290.3,517.14,-226.84,合理诉求
8934,59.97,672.35,-612.38,诉求偏高
8935,360.42,840.87,-480.45,合理诉求
8936,29.47,340.07,-310.6,合理诉求
8937,159.32,160.53,-1.210000000000008,合理诉求
8938,580.02,1451.99,-871.97,合理诉求
8939,387.61,584.07,-196.46000000000004,合理诉求
8940,329.7,627.33,-297.63000000000005,合理诉求
8941,225.69,570.91,-345.22,合理诉求
8942,178.58,840.4,-661.8199999999999,合理诉求
8943,356.47,382.14,-25.66999999999996,合理诉求
8944,168.14,600.45,-432.31000000000006,合理诉求
8945,126.33,1326.33,-1200.0,诉求偏高
8946,124.73,499.79,-375.06,合理诉求
8947,293.1,1066.79,-773.6899999999999,合理诉求
8948,794.37,2396.14,-1601.77,合理诉求
8949,109.61,472.63,-363.02,合理诉求
8950,722.82,1286.55,-563.7299999999999,合理诉求
8951,806.04,2005.19,-1199.15,合理诉求
8952,200.74,545.37,-344.63,合理诉求
8953,152.33,520.7,-368.37,合理诉求
8954,364.76,817.23,-452.47,合理诉求
8955,316.18,1138.44,-822.26,合理诉求
8956,799.57,3755.36,-2955.79,诉求偏高
8957,192.27,321.7,-129.42999999999998,合理诉求
8958,453.77,1912.2,-1458.43,诉求偏高
8959,173.11,347.59,-174.47999999999996,合理诉求
8960,167.33,245.78,-78.44999999999999,合理诉求
8961,239.72,257.9,-18.17999999999998,合理诉求
8962,721.65,2982.01,-2260.36,诉求偏高
8963,111.3,130.29,-18.989999999999995,合理诉求
8964,821.94,1609.26,-787.3199999999999,合理诉求
8965,194.03,414.1,-220.07,合理诉求
8966,288.25,1400.61,-1112.36,诉求偏高
8967,108.5,375.42,-266.92,合理诉求
8968,1099.65,2064.1,-964.4499999999998,合理诉求
8969,111.93,221.59,-109.66,合理诉求
8970,39.94,408.27,-368.33,诉求偏高
8971,768.15,908.53,-140.38,合理诉求
8972,1318.76,2414.57,-1095.8100000000002,合理诉求
8973,440.83,446.31,-5.480000000000018,合理诉求
8974,457.04,1809.22,-1352.18,诉求偏高
8975,400.59,783.24,-382.65,合理诉求
8976,574.39,890.92,-316.53,合理诉求
8977,195.97,305.73,-109.76000000000002,合理诉求
8978,974.5,1576.65,-602.1500000000001,合理诉求
8979,1207.34,3084.9,-1877.56,合理诉求
8980,536.19,877.04,-340.8499999999999,合理诉求
8981,25.25,126.54,-101.29,合理诉求
8982,283.87,394.57,-110.7,合理诉求
8983,151.83,206.55,-54.72,合理诉求
8984,88.81,615.08,-526.27,合理诉求
8985,1171.07,4840.39,-3669.3200000000006,严重超额
8986,16.49,109.96,-93.47,合理诉求
8987,359.72,744.59,-384.87,合理诉求
8988,156.08,180.37,-24.289999999999992,合理诉求
8989,556.87,1667.47,-1110.6,合理诉求
8990,142.04,487.63,-345.59000000000003,合理诉求
8991,220.8,289.98,-69.18,合理诉求
8992,73.07,385.2,-312.13,合理诉求
8993,20.0,332.94,-312.94,合理诉求
8994,333.93,1051.3,-717.3699999999999,合理诉求
8995,371.07,930.31,-559.24,合理诉求
8996,96.45,100.51,-4.060000000000002,合理诉求
8997,73.74,134.48,-60.74,合理诉求
8998,614.1,1131.34,-517.2399999999999,合理诉求
8999,105.02,546.63,-441.61,合理诉求
9000,58.13,246.3,-188.17,合理诉求
9001,99.8,1316.9,-1217.1,诉求偏高
9002,1086.79,1485.6,-398.81,合理诉求
9003,16.85,103.19,-86.34,合理诉求
9004,613.02,951.86,-338.84000000000003,合理诉求
9005,926.25,1563.26,-637.01,合理诉求
9006,384.89,1246.21,-861.32,合理诉求
9007,749.23,3862.79,-3113.56,诉求偏高
9008,172.89,588.1,-415.21,合理诉求
9009,100.06,294.69,-194.63,合理诉求
9010,329.61,690.18,-360.57,合理诉求
9011,116.05,136.51,-20.459999999999997,合理诉求
9012,134.78,1591.3,-1456.52,严重超额
9013,545.6,785.81,-240.20999999999992,合理诉求
9014,104.91,112.9,-7.990000000000009,合理诉求
9015,1158.71,4451.57,-3292.86,诉求偏高
9016,6.92,100.23,-93.31,合理诉求
9017,523.28,666.89,-143.61,合理诉求
9018,70.78,160.04,-89.25999999999999,合理诉求
9019,203.69,923.78,-720.0899999999999,合理诉求
9020,112.29,487.59,-375.3,合理诉求
9021,372.43,427.77,-55.339999999999975,合理诉求
9022,140.49,241.1,-100.61,合理诉求
9023,7.21,100.04,-92.83,合理诉求
9024,79.48,364.39,-284.91,合理诉求
9025,181.79,987.24,-805.45,诉求偏高
9026,155.85,213.11,-57.26000000000002,合理诉求
9027,102.5,125.08,-22.58,合理诉求
9028,1214.86,1840.04,-625.1800000000001,合理诉求
9029,199.61,846.1,-646.49,合理诉求
9030,103.63,165.92,-62.28999999999999,合理诉求
9031,212.17,549.86,-337.69000000000005,合理诉求
9032,90.81,106.5,-15.689999999999998,合理诉求
9033,29.43,304.72,-275.29,合理诉求
9034,112.55,114.04,-1.490000000000009,合理诉求
9035,375.31,508.84,-133.52999999999997,合理诉求
9036,657.28,1991.69,-1334.41,合理诉求
9037,2.0,103.92,-101.92,合理诉求
9038,35.58,215.71,-180.13,合理诉求
9039,66.52,1134.29,-1067.77,严重超额
9040,131.03,179.16,-48.13,合理诉求
9041,1120.46,1870.61,-750.1499999999999,合理诉求
9042,324.67,438.05,-113.38,合理诉求
9043,317.56,342.2,-24.639999999999983,合理诉求
9044,189.52,317.32,-127.79999999999998,合理诉求
9045,75.34,101.48,-26.14,合理诉求
9046,283.92,1593.46,-1309.54,诉求偏高
9047,446.07,909.9,-463.83,合理诉求
9048,123.04,644.86,-521.82,合理诉求
9049,28.49,402.16,-373.67,诉求偏高
9050,143.36,895.85,-752.49,诉求偏高
9051,798.87,2239.39,-1440.52,合理诉求
9052,253.14,717.25,-464.11,合理诉求
9053,18.58,263.87,-245.29,合理诉求
9054,896.19,2206.97,-1310.7799999999995,合理诉求
9055,151.16,430.68,-279.52,合理诉求
9056,85.26,109.0,-23.739999999999995,合理诉求
9057,945.27,2173.56,-1228.29,合理诉求
9058,48.04,139.4,-91.36,合理诉求
9059,29.33,626.41,-597.0799999999999,诉求偏高
9060,47.44,188.29,-140.85,合理诉求
9061,344.39,562.69,-218.30000000000007,合理诉求
9062,115.3,208.37,-93.07,合理诉求
9063,273.43,1113.55,-840.1199999999999,合理诉求
9064,32.01,510.55,-478.54,诉求偏高
9065,65.45,266.77,-201.32,合理诉求
9066,235.0,1071.93,-836.9300000000001,诉求偏高
9067,98.63,431.85,-333.22,合理诉求
9068,52.58,228.63,-176.05,合理诉求
9069,224.7,387.76,-163.06,合理诉求
9070,99.07,280.53,-181.46,合理诉求
9071,23.71,101.65,-77.94,合理诉求
9072,146.59,567.77,-421.18,合理诉求
9073,519.94,902.9,-382.9599999999999,合理诉求
9074,89.15,205.88,-116.73,合理诉求
9075,1118.67,1518.56,-399.8899999999999,合理诉求
9076,681.83,1796.58,-1114.75,合理诉求
9077,987.86,2449.7,-1461.8399999999997,合理诉求
9078,398.67,573.8,-175.12999999999994,合理诉求
9079,163.81,347.42,-183.61,合理诉求
9080,381.03,1055.11,-674.0799999999999,合理诉求
9081,180.61,415.39,-234.78,合理诉求
9082,600.26,2505.75,-1905.49,合理诉求
9083,212.61,1227.38,-1014.77,诉求偏高
9084,48.13,238.63,-190.5,合理诉求
9085,364.09,660.23,-296.14000000000004,合理诉求
9086,360.12,644.23,-284.11,合理诉求
9087,288.89,584.95,-296.06000000000006,合理诉求
9088,322.9,762.31,-439.41,合理诉求
9089,141.9,921.18,-779.28,诉求偏高
9090,281.82,566.73,-284.91,合理诉求
9091,389.71,426.18,-36.47000000000003,合理诉求
9092,257.07,920.61,-663.54,合理诉求
9093,81.16,105.58,-24.42,合理诉求
9094,269.59,1105.4,-835.8100000000002,合理诉求
9095,391.62,854.77,-463.15,合理诉求
9096,104.5,151.35,-46.85,合理诉求
9097,701.81,881.27,-179.46000000000004,合理诉求
9098,319.76,595.46,-275.70000000000005,合理诉求
9099,166.66,373.82,-207.16,合理诉求
9100,557.45,1099.47,-542.02,合理诉求
9101,459.36,597.22,-137.86,合理诉求
9102,579.94,2150.02,-1570.08,合理诉求
9103,142.72,807.91,-665.1899999999999,诉求偏高
9104,364.46,1571.06,-1206.6,诉求偏高
9105,123.47,174.8,-51.33000000000001,合理诉求
9106,1.79,129.99,-128.20000000000002,合理诉求
9107,251.54,2357.96,-2106.42,严重超额
9108,221.0,515.96,-294.96000000000004,合理诉求
9109,110.82,295.69,-184.87,合理诉求
9110,198.04,1326.87,-1128.83,诉求偏高
9111,160.47,773.0,-612.53,合理诉求
9112,202.63,402.28,-199.65,合理诉求
9113,16.59,166.68,-150.09,合理诉求
9114,83.44,109.51,-26.070000000000007,合理诉求
9115,257.34,361.7,-104.36,合理诉求
9116,138.14,298.48,-160.34000000000003,合理诉求
9117,101.39,920.66,-819.27,诉求偏高
9118,527.83,693.68,-165.8499999999999,合理诉求
9119,1590.97,2007.98,-417.01,合理诉求
9120,434.66,1646.73,-1212.07,诉求偏高
9121,97.22,132.45,-35.22999999999999,合理诉求
9122,419.88,1352.26,-932.38,合理诉求
9123,296.66,623.28,-326.61999999999995,合理诉求
9124,197.34,907.49,-710.15,合理诉求
9125,474.75,1406.43,-931.68,合理诉求
9126,107.67,430.11,-322.44,合理诉求
9127,165.06,909.45,-744.3900000000001,合理诉求
9128,1021.94,2449.77,-1427.83,合理诉求
9129,175.31,327.64,-152.32999999999998,合理诉求
9130,115.85,225.68,-109.83,合理诉求
9131,13.21,101.99,-88.78,合理诉求
9132,142.11,203.13,-61.01999999999998,合理诉求
9133,32.47,626.98,-594.51,诉求偏高
9134,185.98,1162.87,-976.89,诉求偏高
9135,324.87,438.91,-114.04000000000002,合理诉求
9136,257.8,356.2,-98.39999999999998,合理诉求
9137,696.54,2870.42,-2173.88,诉求偏高
9138,37.78,594.07,-556.2900000000001,诉求偏高
9139,425.4,2973.77,-2548.37,严重超额
9140,504.09,2567.88,-2063.79,合理诉求
9141,668.16,1342.95,-674.7900000000001,合理诉求
9142,195.13,212.5,-17.370000000000005,合理诉求
9143,210.57,298.85,-88.28000000000003,合理诉求
9144,7.24,107.17,-99.93,合理诉求
9145,318.2,426.39,-108.19,合理诉求
9146,81.39,177.99,-96.6,合理诉求
9147,152.71,707.68,-554.9699999999999,合理诉求
9148,149.04,688.57,-539.5300000000001,合理诉求
9149,735.3,1273.84,-538.54,合理诉求
9150,952.28,2734.73,-1782.45,合理诉求
9151,96.43,661.51,-565.0799999999999,合理诉求
9152,32.53,160.52,-127.99,合理诉求
9153,195.96,259.91,-63.95000000000002,合理诉求
9154,49.24,106.47,-57.23,合理诉求
9155,160.73,635.92,-475.19,合理诉求
9156,21.38,242.39,-221.01,合理诉求
9157,132.28,455.83,-323.54999999999995,合理诉求
9158,103.28,713.6,-610.32,诉求偏高
9159,161.54,323.18,-161.64,合理诉求
9160,95.61,389.28,-293.67,合理诉求
9161,707.61,746.77,-39.15999999999997,合理诉求
9162,683.9,843.94,-160.04000000000008,合理诉求
9163,904.35,3562.69,-2658.34,诉求偏高
9164,351.02,565.79,-214.77,合理诉求
9165,72.57,136.99,-64.42000000000002,合理诉求
9166,395.71,522.12,-126.41000000000004,合理诉求
9167,77.86,205.72,-127.86,合理诉求
9168,181.58,2038.0,-1856.42,严重超额
9169,40.96,200.14,-159.17999999999998,合理诉求
9170,178.9,1147.05,-968.15,诉求偏高
9171,33.51,133.97,-100.46,合理诉求
9172,211.66,717.54,-505.88,合理诉求
9173,44.11,102.93,-58.82000000000001,合理诉求
9174,353.01,1435.48,-1082.47,合理诉求
9175,74.43,119.07,-44.63999999999999,合理诉求
9176,129.02,134.7,-5.679999999999978,合理诉求
9177,42.59,359.74,-317.15,合理诉求
9178,123.92,223.2,-99.28,合理诉求
9179,972.05,2084.15,-1112.1,合理诉求
9180,1491.25,2155.9,-664.6500000000001,合理诉求
9181,49.56,206.64,-157.07999999999998,合理诉求
9182,319.34,688.8,-369.46,合理诉求
9183,38.04,137.47,-99.43,合理诉求
9184,312.27,481.12,-168.85000000000002,合理诉求
9185,208.73,555.15,-346.42,合理诉求
9186,185.02,502.48,-317.46000000000004,合理诉求
9187,77.0,592.34,-515.34,合理诉求
9188,621.53,1316.72,-695.19,合理诉求
9189,291.88,454.29,-162.41000000000005,合理诉求
9190,257.51,506.27,-248.76,合理诉求
9191,515.74,1330.2,-814.46,合理诉求
9192,171.71,658.17,-486.4599999999999,合理诉求
9193,911.09,1300.12,-389.0299999999999,合理诉求
9194,167.63,267.11,-99.48000000000002,合理诉求
9195,100.97,133.1,-32.129999999999995,合理诉求
9196,400.08,1115.11,-715.03,合理诉求
9197,45.99,625.46,-579.47,诉求偏高
9198,430.39,771.84,-341.45000000000005,合理诉求
9199,271.29,952.38,-681.0899999999999,合理诉求
9200,111.51,128.15,-16.64,合理诉求
9201,100.04,395.51,-295.47,合理诉求
9202,66.73,132.27,-65.54,合理诉求
9203,600.05,1893.36,-1293.31,合理诉求
9204,953.33,1932.19,-978.86,合理诉求
9205,1092.2,3784.24,-2692.04,诉求偏高
9206,120.23,449.58,-329.35,合理诉求
9207,594.23,653.17,-58.93999999999994,合理诉求
9208,171.13,175.2,-4.069999999999993,合理诉求
9209,112.14,472.09,-359.95,合理诉求
9210,369.32,630.58,-261.26000000000005,合理诉求
9211,52.04,394.16,-342.12,诉求偏高
9212,258.17,278.62,-20.44999999999999,合理诉求
9213,12.22,102.67,-90.45,合理诉求
9214,159.32,1326.04,-1166.72,诉求偏高
9215,167.65,183.35,-15.699999999999989,合理诉求
9216,331.63,457.54,-125.91000000000004,合理诉求
9217,385.53,2458.47,-2072.94,诉求偏高
9218,277.68,293.93,-16.25,合理诉求
9219,186.63,568.45,-381.8200000000001,合理诉求
9220,18.11,325.73,-307.62,合理诉求
9221,143.65,151.27,-7.620000000000003,合理诉求
9222,550.5,982.17,-431.67,合理诉求
9223,485.06,913.89,-428.83,合理诉求
9224,20.53,122.66,-102.13,合理诉求
9225,127.01,164.13,-37.11999999999999,合理诉求
9226,117.43,327.48,-210.05,合理诉求
9227,28.46,149.49,-121.03,合理诉求
9228,99.29,525.94,-426.65,合理诉求
9229,64.04,139.38,-75.33999999999999,合理诉求
9230,368.29,1061.44,-693.1500000000001,合理诉求
9231,333.17,408.54,-75.37,合理诉求
9232,727.03,1045.62,-318.5899999999999,合理诉求
9233,607.45,828.28,-220.82999999999996,合理诉求
9234,312.87,378.05,-65.18,合理诉求
9235,248.2,286.16,-37.96000000000004,合理诉求
9236,128.44,259.22,-130.78000000000003,合理诉求
9237,349.35,1045.38,-696.0300000000001,合理诉求
9238,205.99,227.62,-21.629999999999995,合理诉求
9239,217.02,859.69,-642.6700000000001,合理诉求
9240,31.09,132.55,-101.46,合理诉求
9241,669.3,3391.76,-2722.46,诉求偏高
9242,1048.69,1902.67,-853.98,合理诉求
9243,232.21,379.86,-147.65,合理诉求
9244,273.87,1044.24,-770.37,合理诉求
9245,407.77,613.18,-205.41,合理诉求
9246,359.57,662.69,-303.12000000000006,合理诉求
9247,41.9,101.38,-59.48,合理诉求
9248,376.77,1081.59,-704.8199999999999,合理诉求
9249,196.56,292.18,-95.62,合理诉求
9250,429.12,786.76,-357.64,合理诉求
9251,562.25,1410.15,-847.9000000000001,合理诉求
9252,539.79,1936.65,-1396.86,合理诉求
9253,13.53,128.57,-115.04,合理诉求
9254,613.3,1356.52,-743.22,合理诉求
9255,116.17,355.04,-238.87,合理诉求
9256,506.91,1099.84,-592.9299999999998,合理诉求
9257,322.33,511.93,-189.6,合理诉求
9258,79.66,115.08,-35.42,合理诉求
9259,122.44,655.13,-532.69,合理诉求
9260,6.83,164.62,-157.79,合理诉求
9261,847.77,3082.68,-2234.91,诉求偏高
9262,146.05,471.44,-325.39,合理诉求
9263,140.72,180.96,-40.24000000000001,合理诉求
9264,377.52,1324.74,-947.22,合理诉求
9265,42.8,293.04,-250.24,合理诉求
9266,166.18,236.78,-70.6,合理诉求
9267,150.02,501.44,-351.42,合理诉求
9268,46.5,142.67,-96.17,合理诉求
9269,39.12,176.89,-137.76999999999998,合理诉求
9270,97.34,552.35,-455.01,合理诉求
9271,777.93,946.38,-168.45000000000005,合理诉求
9272,451.84,2170.38,-1718.5400000000002,诉求偏高
9273,206.7,705.49,-498.79,合理诉求
9274,135.77,138.84,-3.069999999999993,合理诉求
9275,115.16,1029.68,-914.52,诉求偏高
9276,225.2,330.67,-105.47000000000004,合理诉求
9277,592.31,3108.07,-2515.76,诉求偏高
9278,155.33,373.57,-218.24,合理诉求
9279,779.64,2062.77,-1283.13,合理诉求
9280,35.63,115.69,-80.06,合理诉求
9281,38.11,220.05,-181.94,合理诉求
9282,647.39,1140.44,-493.05000000000007,合理诉求
9283,306.91,465.75,-158.83999999999995,合理诉求
9284,57.29,177.18,-119.89,合理诉求
9285,148.97,413.79,-264.82000000000005,合理诉求
9286,149.93,553.54,-403.61,合理诉求
9287,521.19,1444.9,-923.71,合理诉求
9288,123.43,208.76,-85.32999999999998,合理诉求
9289,83.49,334.87,-251.38,合理诉求
9290,20.94,102.9,-81.96000000000001,合理诉求
9291,103.63,541.7,-438.0700000000001,合理诉求
9292,600.88,863.67,-262.79,合理诉求
9293,111.1,137.72,-26.620000000000005,合理诉求
9294,164.69,188.43,-23.74000000000001,合理诉求
9295,181.79,420.19,-238.4,合理诉求
9296,38.75,170.27,-131.52,合理诉求
9297,353.26,894.23,-540.97,合理诉求
9298,267.53,820.35,-552.82,合理诉求
9299,335.5,1849.36,-1513.86,诉求偏高
9300,720.5,2406.67,-1686.17,合理诉求
9301,861.76,2362.02,-1500.26,合理诉求
9302,46.87,485.3,-438.43,诉求偏高
9303,405.52,442.84,-37.31999999999999,合理诉求
9304,146.46,1245.53,-1099.07,诉求偏高
9305,321.78,999.58,-677.8000000000001,合理诉求
9306,225.29,599.29,-374.0,合理诉求
9307,113.22,138.82,-25.599999999999994,合理诉求
9308,510.62,808.46,-297.84000000000003,合理诉求
9309,38.15,140.06,-101.91,合理诉求
9310,60.0,407.86,-347.86,诉求偏高
9311,303.75,363.25,-59.5,合理诉求
9312,170.08,519.61,-349.53,合理诉求
9313,74.66,102.22,-27.56,合理诉求
9314,570.04,1865.33,-1295.29,合理诉求
9315,72.1,157.11,-85.01000000000002,合理诉求
9316,44.0,131.08,-87.08000000000001,合理诉求
9317,560.31,1985.67,-1425.36,合理诉求
9318,288.77,806.56,-517.79,合理诉求
9319,665.16,984.12,-318.96000000000004,合理诉求
9320,3171.47,5137.01,-1965.5400000000004,合理诉求
9321,155.68,234.19,-78.50999999999999,合理诉求
9322,390.49,1398.12,-1007.63,合理诉求
9323,285.51,386.84,-101.32999999999998,合理诉求
9324,211.29,312.4,-101.11,合理诉求
9325,227.12,751.6,-524.48,合理诉求
9326,306.17,424.95,-118.77999999999996,合理诉求
9327,84.34,213.77,-129.43,合理诉求
9328,864.62,1443.58,-578.9599999999999,合理诉求
9329,190.25,488.06,-297.81,合理诉求
9330,217.99,1844.56,-1626.57,诉求偏高
9331,91.22,172.87,-81.65,合理诉求
9332,874.39,4197.14,-3322.7500000000005,诉求偏高
9333,153.33,336.53,-183.2,合理诉求
9334,823.9,1752.23,-928.33,合理诉求
9335,147.08,254.64,-107.55999999999996,合理诉求
9336,183.05,943.95,-760.9000000000001,合理诉求
9337,284.77,835.58,-550.8100000000001,合理诉求
9338,23.44,173.09,-149.65,合理诉求
9339,24.4,141.61,-117.21,合理诉求
9340,36.3,106.91,-70.61,合理诉求
9341,1350.08,2232.75,-882.6700000000001,合理诉求
9342,410.37,2593.77,-2183.4,诉求偏高
9343,87.26,160.54,-73.27999999999999,合理诉求
9344,371.68,457.9,-86.21999999999997,合理诉求
9345,51.85,449.69,-397.84,诉求偏高
9346,417.32,690.38,-273.06,合理诉求
9347,6.61,104.66,-98.05,合理诉求
9348,299.93,867.9,-567.97,合理诉求
9349,127.1,342.73,-215.63,合理诉求
9350,748.48,3041.74,-2293.26,诉求偏高
9351,556.95,802.26,-245.30999999999997,合理诉求
9352,536.61,716.89,-180.28,合理诉求
9353,787.67,2499.26,-1711.59,合理诉求
9354,364.68,515.24,-150.56,合理诉求
9355,1030.99,2130.09,-1099.1,合理诉求
9356,67.2,512.76,-445.56,诉求偏高
9357,314.55,801.24,-486.69,合理诉求
9358,215.04,852.61,-637.57,合理诉求
9359,284.06,1103.94,-819.8800000000001,合理诉求
9360,111.68,116.64,-4.959999999999994,合理诉求
9361,208.66,368.37,-159.71,合理诉求
9362,61.13,246.64,-185.51,合理诉求
9363,237.36,431.37,-194.01,合理诉求
9364,751.15,2082.05,-1330.9,合理诉求
9365,76.24,128.78,-52.540000000000006,合理诉求
9366,533.18,770.09,-236.91000000000008,合理诉求
9367,900.16,1642.05,-741.89,合理诉求
9368,81.83,161.98,-80.14999999999999,合理诉求
9369,504.87,1858.38,-1353.5100000000002,合理诉求
9370,117.19,147.19,-30.0,合理诉求
9371,203.75,437.69,-233.94,合理诉求
9372,429.95,1260.93,-830.98,合理诉求
9373,1041.62,1784.54,-742.9200000000001,合理诉求
9374,109.85,185.83,-75.98000000000002,合理诉求
9375,711.52,1041.44,-329.9200000000001,合理诉求
9376,37.41,100.94,-63.53,合理诉求
9377,154.57,178.48,-23.91,合理诉求
9378,338.38,729.82,-391.44000000000005,合理诉求
9379,61.76,241.75,-179.99,合理诉求
9380,6.75,108.32,-101.57,合理诉求
9381,792.7,1230.13,-437.43000000000006,合理诉求
9382,133.65,385.23,-251.58,合理诉求
9383,13.44,360.2,-346.76,诉求偏高
9384,4.1,100.16,-96.06,合理诉求
9385,332.42,1258.52,-926.1,合理诉求
9386,462.55,1135.2,-672.6500000000001,合理诉求
9387,76.57,296.13,-219.56,合理诉求
9388,52.85,773.84,-720.99,诉求偏高
9389,46.61,102.27,-55.66,合理诉求
9390,360.09,2345.25,-1985.16,诉求偏高
9391,177.89,1034.25,-856.36,诉求偏高
9392,2.58,101.71,-99.13,合理诉求
9393,49.38,107.37,-57.99,合理诉求
9394,53.69,369.12,-315.43,合理诉求
9395,528.34,692.48,-164.14,合理诉求
9396,105.08,175.97,-70.89,合理诉求
9397,11.53,102.1,-90.57,合理诉求
9398,455.98,933.12,-477.14,合理诉求
9399,1019.78,1627.73,-607.95,合理诉求
9400,308.65,943.12,-634.47,合理诉求
9401,89.23,322.11,-232.88,合理诉求
9402,40.68,162.18,-121.5,合理诉求
9403,439.31,721.54,-282.23,合理诉求
9404,572.64,1381.08,-808.4399999999999,合理诉求
9405,286.01,328.86,-42.85000000000002,合理诉求
9406,22.25,885.86,-863.61,严重超额
9407,126.5,478.25,-351.75,合理诉求
9408,497.5,674.98,-177.48000000000002,合理诉求
9409,20.47,103.16,-82.69,合理诉求
9410,26.06,106.27,-80.21,合理诉求
9411,623.85,1874.12,-1250.27,合理诉求
9412,281.07,765.59,-484.52,合理诉求
9413,449.32,834.2,-384.88000000000005,合理诉求
9414,228.25,915.36,-687.11,合理诉求
9415,264.54,858.55,-594.01,合理诉求
9416,667.5,1811.74,-1144.24,合理诉求
9417,125.88,134.64,-8.759999999999991,合理诉求
9418,29.6,171.58,-141.98000000000002,合理诉求
9419,240.63,1199.16,-958.53,诉求偏高
9420,46.82,253.43,-206.61,合理诉求
9421,243.42,894.86,-651.44,合理诉求
9422,238.19,301.28,-63.089999999999975,合理诉求
9423,3.96,100.85,-96.89,合理诉求
9424,442.63,585.35,-142.72000000000003,合理诉求
9425,453.86,828.46,-374.6,合理诉求
9426,336.22,2350.19,-2013.97,诉求偏高
9427,118.23,177.29,-59.05999999999999,合理诉求
9428,561.73,2641.33,-2079.6,合理诉求
9429,181.03,275.96,-94.92999999999998,合理诉求
9430,410.48,1527.64,-1117.16,诉求偏高
9431,75.8,235.58,-159.78000000000003,合理诉求
9432,135.51,410.69,-275.18,合理诉求
9433,239.43,1196.21,-956.78,诉求偏高
9434,297.09,742.85,-445.7600000000001,合理诉求
9435,675.42,1164.53,-489.11,合理诉求
9436,56.6,232.96,-176.36,合理诉求
9437,217.82,285.37,-67.55000000000001,合理诉求
9438,18.24,546.74,-528.5,诉求偏高
9439,101.72,554.59,-452.87,合理诉求
9440,803.77,1388.0,-584.23,合理诉求
9441,509.66,1304.66,-795.0,合理诉求
9442,765.14,3361.9,-2596.76,诉求偏高
9443,361.16,444.43,-83.26999999999998,合理诉求
9444,279.54,388.3,-108.76,合理诉求
9445,191.54,373.2,-181.66,合理诉求
9446,5.33,113.64,-108.31,合理诉求
9447,233.84,707.8,-473.9599999999999,合理诉求
9448,158.84,817.28,-658.4399999999999,合理诉求
9449,335.41,533.16,-197.74999999999997,合理诉求
9450,78.78,129.96,-51.18000000000001,合理诉求
9451,223.88,964.14,-740.26,合理诉求
9452,637.8,1007.88,-370.08,合理诉求
9453,479.02,1299.06,-820.04,合理诉求
9454,52.67,101.5,-48.83,合理诉求
9455,182.26,411.53,-229.27,合理诉求
9456,397.99,1443.87,-1045.88,合理诉求
9457,280.95,393.39,-112.44,合理诉求
9458,74.25,162.64,-88.38999999999999,合理诉求
9459,74.79,106.43,-31.64,合理诉求
9460,83.38,1489.44,-1406.06,严重超额
9461,335.36,448.97,-113.61,合理诉求
9462,63.49,288.92,-225.43,合理诉求
9463,145.42,255.0,-109.58,合理诉求
9464,230.91,684.28,-453.37,合理诉求
9465,1033.51,1992.56,-959.05,合理诉求
9466,112.21,168.24,-56.030000000000015,合理诉求
9467,193.59,394.13,-200.54,合理诉求
9468,74.61,243.27,-168.66000000000005,合理诉求
9469,178.84,203.16,-24.319999999999997,合理诉求
9470,292.83,834.7,-541.8700000000001,合理诉求
9471,126.28,163.42,-37.13999999999999,合理诉求
9472,277.34,1460.46,-1183.12,诉求偏高
9473,46.82,118.16,-71.34,合理诉求
9474,97.29,388.56,-291.27,合理诉求
9475,315.03,333.0,-17.970000000000027,合理诉求
9476,14.25,357.51,-343.26,诉求偏高
9477,138.57,351.22,-212.65000000000003,合理诉求
9478,343.2,1358.92,-1015.72,合理诉求
9479,525.72,1275.49,-749.77,合理诉求
9480,1000.19,4782.44,-3782.25,严重超额
9481,268.43,428.62,-160.19,合理诉求
9482,153.85,215.8,-61.95000000000002,合理诉求
9483,211.34,460.71,-249.37,合理诉求
9484,177.41,297.68,-120.27,合理诉求
9485,29.5,194.37,-164.87,合理诉求
9486,81.16,798.54,-717.38,诉求偏高
9487,1077.74,1653.71,-575.97,合理诉求
9488,366.22,663.99,-297.77,合理诉求
9489,116.06,196.78,-80.72,合理诉求
9490,980.82,4491.55,-3510.73,严重超额
9491,701.53,829.92,-128.39,合理诉求
9492,294.77,508.69,-213.92,合理诉求
9493,27.02,160.43,-133.41,合理诉求
9494,253.91,1428.45,-1174.54,诉求偏高
9495,47.8,121.49,-73.69,合理诉求
9496,124.5,388.5,-264.0,合理诉求
9497,1211.6,5333.53,-4121.93,严重超额
9498,433.57,710.49,-276.92,合理诉求
9499,69.79,237.56,-167.76999999999998,合理诉求
9500,190.81,416.49,-225.68,合理诉求
9501,27.6,141.15,-113.55,合理诉求
9502,165.17,2085.62,-1920.45,严重超额
9503,423.27,1925.5,-1502.23,诉求偏高
9504,345.22,949.35,-604.13,合理诉求
9505,915.9,3775.27,-2859.37,诉求偏高
9506,338.41,497.67,-159.26,合理诉求
9507,503.65,832.33,-328.68000000000006,合理诉求
9508,1009.18,2639.18,-1630.0,合理诉求
9509,164.52,566.59,-402.0700000000001,合理诉求
9510,72.37,1000.82,-928.45,诉求偏高
9511,526.64,625.13,-98.49,合理诉求
9512,43.69,195.32,-151.63,合理诉求
9513,82.03,478.99,-396.96,合理诉求
9514,282.15,974.66,-692.51,合理诉求
9515,312.26,2398.18,-2085.92,诉求偏高
9516,334.97,1174.66,-839.69,合理诉求
9517,700.66,1092.7,-392.0400000000001,合理诉求
9518,46.81,673.43,-626.6199999999999,诉求偏高
9519,200.11,419.18,-219.07,合理诉求
9520,268.03,1109.34,-841.31,诉求偏高
9521,172.01,468.29,-296.28000000000003,合理诉求
9522,49.78,114.4,-64.62,合理诉求
9523,548.91,896.03,-347.12,合理诉求
9524,189.96,869.3,-679.3399999999999,合理诉求
9525,164.49,530.8,-366.31,合理诉求
9526,11.76,101.05,-89.28999999999999,合理诉求
9527,63.08,239.67,-176.58999999999995,合理诉求
9528,82.45,370.98,-288.53000000000003,合理诉求
9529,936.66,3737.67,-2801.01,诉求偏高
9530,225.83,251.53,-25.69999999999999,合理诉求
9531,93.41,178.61,-85.20000000000002,合理诉求
9532,52.58,896.84,-844.26,严重超额
9533,365.49,462.34,-96.84999999999997,合理诉求
9534,251.5,410.42,-158.92000000000002,合理诉求
9535,103.25,136.18,-32.93000000000001,合理诉求
9536,272.27,329.26,-56.99000000000001,合理诉求
9537,224.4,550.49,-326.09000000000003,合理诉求
9538,36.11,564.03,-527.92,诉求偏高
9539,239.43,509.8,-270.37,合理诉求
9540,573.73,1380.18,-806.45,合理诉求
9541,877.43,2212.4,-1334.9700000000005,合理诉求
9542,351.31,814.71,-463.4,合理诉求
9543,353.66,1468.82,-1115.16,诉求偏高
9544,128.15,555.98,-427.83,合理诉求
9545,186.3,368.41,-182.11,合理诉求
9546,345.27,492.43,-147.16000000000005,合理诉求
9547,67.34,244.23,-176.89,合理诉求
9548,28.26,351.16,-322.90000000000003,合理诉求
9549,93.18,225.16,-131.98,合理诉求
9550,412.71,485.07,-72.36000000000001,合理诉求
9551,327.45,827.92,-500.47,合理诉求
9552,362.77,577.17,-214.4,合理诉求
9553,846.81,2079.96,-1233.15,合理诉求
9554,320.94,2138.43,-1817.49,诉求偏高
9555,357.79,538.06,-180.26999999999992,合理诉求
9556,9.68,432.04,-422.36,诉求偏高
9557,177.43,226.61,-49.18000000000001,合理诉求
9558,492.67,735.34,-242.67,合理诉求
9559,49.58,707.41,-657.8299999999999,诉求偏高
9560,348.02,969.08,-621.0600000000001,合理诉求
9561,369.69,1063.57,-693.8799999999999,合理诉求
9562,273.75,1503.08,-1229.33,诉求偏高
9563,395.72,401.99,-6.269999999999982,合理诉求
9564,473.86,786.12,-312.26,合理诉求
9565,94.4,225.24,-130.84,合理诉求
9566,988.76,4163.03,-3174.2699999999995,诉求偏高
9567,138.54,1258.94,-1120.4,诉求偏高
9568,154.21,509.83,-355.62,合理诉求
9569,403.68,2259.43,-1855.75,诉求偏高
9570,190.76,207.46,-16.700000000000017,合理诉求
9571,263.8,633.17,-369.37,合理诉求
9572,488.63,1191.77,-703.14,合理诉求
9573,487.81,1943.04,-1455.23,合理诉求
9574,19.89,184.94,-165.05,合理诉求
9575,56.17,100.1,-43.92999999999999,合理诉求
9576,161.11,391.74,-230.63,合理诉求
9577,92.56,238.33,-145.77,合理诉求
9578,766.51,1126.06,-359.54999999999995,合理诉求
9579,44.58,102.37,-57.790000000000006,合理诉求
9580,620.96,1072.67,-451.71,合理诉求
9581,470.19,2618.52,-2148.33,诉求偏高
9582,46.37,392.23,-345.86,诉求偏高
9583,956.56,3432.7,-2476.14,诉求偏高
9584,407.61,2155.94,-1748.33,诉求偏高
9585,127.42,208.56,-81.14,合理诉求
9586,46.14,492.11,-445.97,诉求偏高
9587,319.16,785.65,-466.49,合理诉求
9588,701.06,1349.88,-648.8200000000002,合理诉求
9589,1273.05,2049.83,-776.78,合理诉求
9590,427.74,1136.26,-708.52,合理诉求
9591,300.85,922.7,-621.85,合理诉求
9592,244.23,575.41,-331.17999999999995,合理诉求
9593,259.73,737.96,-478.23,合理诉求
9594,315.22,553.49,-238.27,合理诉求
9595,612.93,3001.54,-2388.61,诉求偏高
9596,98.08,212.66,-114.58,合理诉求
9597,76.81,368.23,-291.42,合理诉求
9598,119.17,129.98,-10.809999999999988,合理诉求
9599,285.33,976.44,-691.1100000000001,合理诉求
9600,75.77,332.0,-256.23,合理诉求
9601,305.41,1364.63,-1059.22,合理诉求
9602,213.51,485.52,-272.01,合理诉求
9603,15.27,144.5,-129.23,合理诉求
9604,314.35,1515.71,-1201.36,诉求偏高
9605,223.95,537.73,-313.78000000000003,合理诉求
9606,102.86,364.48,-261.62,合理诉求
9607,1453.04,1932.72,-479.68000000000006,合理诉求
9608,335.47,464.23,-128.76,合理诉求
9609,55.85,105.0,-49.15,合理诉求
9610,150.49,1479.92,-1329.43,诉求偏高
9611,44.91,101.61,-56.7,合理诉求
9612,1297.82,5498.77,-4200.950000000001,严重超额
9613,46.81,673.43,-626.6199999999999,诉求偏高
9614,313.63,933.99,-620.36,合理诉求
9615,160.35,381.77,-221.42,合理诉求
9616,474.97,547.88,-72.90999999999997,合理诉求
9617,331.02,658.23,-327.21000000000004,合理诉求
9618,500.71,2684.82,-2184.11,诉求偏高
9619,86.82,149.65,-62.83000000000001,合理诉求
9620,142.12,389.2,-247.08,合理诉求
9621,914.45,1800.78,-886.3299999999999,合理诉求
9622,713.75,1473.85,-760.0999999999999,合理诉求
9623,100.73,866.37,-765.64,诉求偏高
9624,115.99,132.93,-16.940000000000012,合理诉求
9625,55.82,198.53,-142.71,合理诉求
9626,62.16,118.26,-56.10000000000001,合理诉求
9627,194.28,1696.42,-1502.14,诉求偏高
9628,139.43,214.59,-75.16,合理诉求
9629,852.3,1301.59,-449.29,合理诉求
9630,92.51,419.43,-326.92,合理诉求
9631,296.06,567.13,-271.07,合理诉求
9632,370.26,643.7,-273.44000000000005,合理诉求
9633,188.19,870.4,-682.21,合理诉求
9634,76.73,626.41,-549.68,合理诉求
9635,23.27,492.1,-468.83,诉求偏高
9636,328.1,1829.27,-1501.17,诉求偏高
9637,357.69,654.88,-297.19,合理诉求
9638,942.66,2785.01,-1842.3500000000004,合理诉求
9639,60.18,221.12,-160.94,合理诉求
9640,99.29,100.96,-1.6699999999999875,合理诉求
9641,553.94,2662.54,-2108.6,合理诉求
9642,366.56,2111.81,-1745.25,诉求偏高
9643,112.47,230.95,-118.48,合理诉求
9644,523.1,2622.2,-2099.1,合理诉求
9645,201.53,270.95,-69.41999999999999,合理诉求
9646,318.57,597.03,-278.46,合理诉求
9647,268.64,864.76,-596.12,合理诉求
9648,242.69,253.99,-11.300000000000011,合理诉求
9649,843.61,3839.3,-2995.69,诉求偏高
9650,374.01,1493.07,-1119.06,诉求偏高
9651,616.31,1082.48,-466.1700000000001,合理诉求
9652,84.81,1034.9,-950.09,诉求偏高
9653,514.07,1663.76,-1149.69,合理诉求
9654,341.49,392.65,-51.15999999999997,合理诉求
9655,30.03,426.41,-396.38,诉求偏高
9656,424.97,1015.25,-590.28,合理诉求
9657,2.62,179.35,-176.73,合理诉求
9658,401.5,1515.38,-1113.88,诉求偏高
9659,266.41,569.09,-302.68,合理诉求
9660,188.48,316.25,-127.77,合理诉求
9661,74.82,731.3,-656.48,诉求偏高
9662,108.62,232.5,-123.88,合理诉求
9663,102.18,515.55,-413.37,合理诉求
9664,50.66,121.82,-71.16,合理诉求
9665,48.41,191.16,-142.75,合理诉求
9666,31.08,102.15,-71.07000000000001,合理诉求
9667,488.21,1072.62,-584.4099999999999,合理诉求
9668,208.73,361.3,-152.57000000000002,合理诉求
9669,51.74,696.27,-644.53,诉求偏高
9670,381.09,387.04,-5.9500000000000455,合理诉求
9671,108.36,130.25,-21.89,合理诉求
9672,120.41,127.25,-6.840000000000003,合理诉求
9673,393.21,779.27,-386.06,合理诉求
9674,728.75,1202.22,-473.47,合理诉求
9675,1243.69,2766.03,-1522.34,合理诉求
9676,21.43,180.07,-158.64,合理诉求
9677,207.87,304.78,-96.90999999999995,合理诉求
9678,118.19,556.75,-438.56,合理诉求
9679,104.81,1779.4,-1674.59,严重超额
9680,245.8,474.85,-229.05,合理诉求
9681,230.69,724.82,-494.13000000000005,合理诉求
9682,148.3,987.3,-839.0,诉求偏高
9683,93.39,1197.53,-1104.14,诉求偏高
9684,49.15,161.56,-112.41,合理诉求
9685,135.63,575.05,-439.42,合理诉求
9686,589.57,958.48,-368.91,合理诉求
9687,88.55,120.45,-31.90000000000001,合理诉求
9688,49.09,177.44,-128.35,合理诉求
9689,135.27,155.94,-20.669999999999987,合理诉求
9690,736.34,884.41,-148.06999999999994,合理诉求
9691,111.62,244.32,-132.7,合理诉求
9692,596.39,920.6,-324.21000000000004,合理诉求
9693,482.84,1582.8,-1099.96,合理诉求
9694,308.58,594.03,-285.45,合理诉求
9695,315.16,1017.48,-702.3199999999999,合理诉求
9696,139.97,303.21,-163.23999999999998,合理诉求
9697,60.01,601.31,-541.3,诉求偏高
9698,672.33,848.84,-176.51,合理诉求
9699,109.44,993.08,-883.6400000000001,诉求偏高
9700,510.77,1329.66,-818.8900000000001,合理诉求
9701,98.36,263.18,-164.82,合理诉求
9702,294.35,1020.49,-726.14,合理诉求
9703,468.03,1303.31,-835.28,合理诉求
9704,543.74,1485.66,-941.92,合理诉求
9705,499.5,854.25,-354.75,合理诉求
9706,42.77,169.52,-126.75,合理诉求
9707,684.17,1534.88,-850.7100000000002,合理诉求
9708,231.41,431.43,-200.02,合理诉求
9709,814.51,967.29,-152.77999999999997,合理诉求
9710,147.74,292.84,-145.09999999999997,合理诉求
9711,609.81,1281.65,-671.8400000000001,合理诉求
9712,484.27,1639.07,-1154.8,合理诉求
9713,211.92,446.75,-234.83,合理诉求
9714,28.18,103.99,-75.81,合理诉求
9715,119.32,123.39,-4.070000000000007,合理诉求
9716,2.93,100.29,-97.36,合理诉求
9717,648.46,4168.97,-3520.51,严重超额
9718,185.65,322.47,-136.82000000000002,合理诉求
9719,45.32,104.33,-59.01,合理诉求
9720,216.19,393.85,-177.66000000000005,合理诉求
9721,152.95,437.09,-284.14,合理诉求
9722,148.48,712.9,-564.42,合理诉求
9723,475.84,899.88,-424.04,合理诉求
9724,935.65,1969.77,-1034.12,合理诉求
9725,62.96,928.57,-865.61,严重超额
9726,261.27,275.2,-13.930000000000009,合理诉求
9727,51.87,453.25,-401.38,诉求偏高
9728,36.45,297.44,-260.99,合理诉求
9729,12.34,803.82,-791.48,诉求偏高
9730,33.88,185.14,-151.26,合理诉求
9731,83.01,108.23,-25.22,合理诉求
9732,306.16,650.1,-343.94,合理诉求
9733,341.83,391.58,-49.75,合理诉求
9734,495.21,1574.37,-1079.16,合理诉求
9735,135.76,428.11,-292.35,合理诉求
9736,186.07,450.36,-264.29,合理诉求
9737,194.59,608.42,-413.8299999999999,合理诉求
9738,63.15,156.77,-93.62,合理诉求
9739,304.37,937.25,-632.88,合理诉求
9740,117.57,262.77,-145.2,合理诉求
9741,257.55,519.37,-261.82,合理诉求
9742,61.88,198.12,-136.24,合理诉求
9743,118.71,375.88,-257.17,合理诉求
9744,200.87,351.16,-150.29000000000002,合理诉求
9745,17.52,122.93,-105.41,合理诉求
9746,240.84,449.65,-208.81,合理诉求
9747,985.37,1959.05,-973.68,合理诉求
9748,105.19,476.32,-371.13,合理诉求
9749,582.81,1646.1,-1063.29,合理诉求
9750,288.94,306.17,-17.230000000000018,合理诉求
9751,131.65,190.86,-59.21000000000001,合理诉求
9752,170.66,232.77,-62.110000000000014,合理诉求
9753,228.43,907.09,-678.6600000000001,合理诉求
9754,308.76,569.13,-260.37,合理诉求
9755,873.42,1064.1,-190.67999999999995,合理诉求
9756,386.02,1931.35,-1545.33,诉求偏高
9757,420.61,2639.87,-2219.26,诉求偏高
9758,596.18,1512.68,-916.5,合理诉求
9759,201.78,408.72,-206.94000000000003,合理诉求
9760,64.17,104.82,-40.64999999999999,合理诉求
9761,234.07,578.95,-344.88000000000005,合理诉求
9762,174.56,1459.09,-1284.53,诉求偏高
9763,48.55,145.64,-97.09,合理诉求
9764,109.44,596.05,-486.61,合理诉求
9765,190.15,215.96,-25.81,合理诉求
9766,580.09,2022.6,-1442.5099999999998,合理诉求
9767,28.6,100.37,-71.77000000000001,合理诉求
9768,268.92,576.97,-308.05,合理诉求
9769,355.99,536.93,-180.93999999999997,合理诉求
9770,78.45,294.25,-215.8,合理诉求
9771,126.25,1659.34,-1533.09,严重超额
9772,133.22,195.89,-62.66999999999999,合理诉求
9773,135.78,162.45,-26.669999999999987,合理诉求
9774,2.53,102.31,-99.78,合理诉求
9775,80.64,201.57,-120.93,合理诉求
9776,196.49,1060.76,-864.27,诉求偏高
9777,82.03,924.14,-842.11,诉求偏高
9778,482.22,1077.53,-595.31,合理诉求
9779,290.02,1007.58,-717.5600000000001,合理诉求
9780,45.31,275.62,-230.31,合理诉求
9781,312.58,2118.82,-1806.24,诉求偏高
9782,113.58,718.59,-605.01,诉求偏高
9783,120.83,851.77,-730.9399999999999,诉求偏高
9784,112.04,402.76,-290.72,合理诉求
9785,144.15,147.67,-3.519999999999982,合理诉求
9786,212.03,463.52,-251.49,合理诉求
9787,685.89,2462.85,-1776.96,合理诉求
9788,18.75,208.61,-189.86,合理诉求
9789,21.39,267.05,-245.66000000000005,合理诉求
9790,739.52,1997.7,-1258.18,合理诉求
9791,107.99,440.43,-332.44,合理诉求
9792,59.52,111.18,-51.66,合理诉求
9793,132.77,252.01,-119.23999999999998,合理诉求
9794,139.88,173.57,-33.69,合理诉求
9795,150.04,272.23,-122.19000000000004,合理诉求
9796,35.2,147.42,-112.21999999999998,合理诉求
9797,779.71,1875.14,-1095.43,合理诉求
9798,120.67,314.3,-193.63,合理诉求
9799,1054.98,3946.94,-2891.96,诉求偏高
9800,90.53,120.18,-29.65000000000001,合理诉求
9801,296.64,345.15,-48.50999999999999,合理诉求
9802,1.55,100.88,-99.33,合理诉求
9803,53.97,103.72,-49.75,合理诉求
9804,35.19,254.05,-218.86,合理诉求
9805,505.95,872.7,-366.75000000000006,合理诉求
9806,253.51,1355.03,-1101.52,诉求偏高
9807,96.58,222.63,-126.05,合理诉求
9808,301.59,407.24,-105.65000000000003,合理诉求
9809,468.41,1503.48,-1035.07,合理诉求
9810,136.61,139.69,-3.079999999999984,合理诉求
9811,140.36,235.4,-95.04,合理诉求
9812,490.08,736.28,-246.2,合理诉求
9813,15.25,100.04,-84.79,合理诉求
9814,408.79,2785.94,-2377.15,严重超额
9815,164.15,445.95,-281.79999999999995,合理诉求
9816,430.66,1163.68,-733.02,合理诉求
9817,120.19,460.25,-340.06,合理诉求
9818,246.75,751.44,-504.69000000000005,合理诉求
9819,32.51,250.39,-217.88,合理诉求
9820,455.25,2121.79,-1666.54,诉求偏高
9821,210.45,377.8,-167.35000000000002,合理诉求
9822,200.57,449.99,-249.42,合理诉求
9823,9.72,138.51,-128.79,合理诉求
9824,266.52,677.78,-411.26,合理诉求
9825,257.06,323.27,-66.20999999999998,合理诉求
9826,56.13,150.66,-94.53,合理诉求
9827,166.84,169.23,-2.3899999999999864,合理诉求
9828,206.04,244.14,-38.1,合理诉求
9829,4.64,105.0,-100.36,合理诉求
9830,185.68,279.53,-93.84999999999997,合理诉求
9831,2.59,100.01,-97.42,合理诉求
9832,340.01,437.22,-97.21000000000004,合理诉求
9833,105.88,699.17,-593.29,诉求偏高
9834,178.92,426.02,-247.1,合理诉求
9835,65.28,409.98,-344.70000000000005,诉求偏高
9836,248.15,517.47,-269.32000000000005,合理诉求
9837,461.72,2144.73,-1683.01,诉求偏高
9838,81.44,232.28,-150.84,合理诉求
9839,41.65,196.37,-154.72,合理诉求
9840,413.92,897.14,-483.22,合理诉求
9841,229.39,261.93,-32.54000000000002,合理诉求
9842,907.59,2812.23,-1904.64,合理诉求
9843,59.78,179.69,-119.91,合理诉求
9844,160.52,306.6,-146.08,合理诉求
9845,155.0,1668.37,-1513.37,诉求偏高
9846,1092.36,4764.61,-3672.25,严重超额
9847,261.64,1038.91,-777.2700000000001,合理诉求
9848,214.6,522.35,-307.75,合理诉求
9849,218.44,949.53,-731.0899999999999,合理诉求
9850,101.23,106.46,-5.22999999999999,合理诉求
9851,436.85,788.77,-351.92,合理诉求
9852,139.2,202.68,-63.48000000000002,合理诉求
9853,48.07,1200.16,-1152.09,严重超额
9854,487.09,587.27,-100.18,合理诉求
9855,335.73,762.22,-426.49,合理诉求
9856,15.62,106.46,-90.84,合理诉求
9857,736.44,1943.37,-1206.9299999999998,合理诉求
9858,343.31,512.65,-169.33999999999995,合理诉求
9859,541.91,878.08,-336.1700000000001,合理诉求
9860,332.41,721.43,-389.0199999999999,合理诉求
9861,988.43,2001.68,-1013.25,合理诉求
9862,336.59,1648.38,-1311.7900000000002,诉求偏高
9863,60.66,120.84,-60.18000000000001,合理诉求
9864,154.86,531.64,-376.78,合理诉求
9865,79.2,276.27,-197.07,合理诉求
9866,88.66,1165.01,-1076.35,诉求偏高
9867,888.54,1327.47,-438.93000000000006,合理诉求
9868,998.32,3059.46,-2061.14,合理诉求
9869,278.14,1113.38,-835.2400000000001,合理诉求
9870,87.57,174.07,-86.5,合理诉求
9871,2140.71,2191.14,-50.42999999999984,合理诉求
9872,41.04,368.81,-327.77,合理诉求
9873,242.31,943.52,-701.21,合理诉求
9874,155.52,470.79,-315.27,合理诉求
9875,216.73,350.52,-133.79,合理诉求
9876,1177.47,2235.31,-1057.84,合理诉求
9877,81.75,104.67,-22.92,合理诉求
9878,243.91,337.53,-93.61999999999998,合理诉求
9879,515.71,1919.47,-1403.76,合理诉求
9880,287.71,948.55,-660.8399999999999,合理诉求
9881,1106.59,2443.26,-1336.6700000000003,合理诉求
9882,84.53,111.67,-27.14,合理诉求
9883,387.04,1193.67,-806.6300000000001,合理诉求
9884,96.45,333.4,-236.95,合理诉求
9885,253.6,344.8,-91.20000000000002,合理诉求
9886,148.6,857.89,-709.29,合理诉求
9887,291.06,379.78,-88.71999999999997,合理诉求
9888,321.04,1100.73,-779.69,合理诉求
9889,160.29,174.6,-14.310000000000002,合理诉求
9890,115.04,435.91,-320.87,合理诉求
9891,226.64,518.33,-291.69000000000005,合理诉求
9892,197.71,619.52,-421.81,合理诉求
9893,70.39,600.65,-530.26,诉求偏高
9894,271.87,403.82,-131.95,合理诉求
9895,154.21,855.15,-700.9399999999999,合理诉求
9896,0.84,101.32,-100.48,合理诉求
9897,315.03,1215.35,-900.3199999999999,合理诉求
9898,10.09,112.8,-102.71,合理诉求
9899,264.48,1086.18,-821.7,诉求偏高
9900,274.15,625.95,-351.80000000000007,合理诉求
9901,595.82,1816.89,-1221.0700000000002,合理诉求
9902,433.99,1518.61,-1084.62,合理诉求
9903,448.5,497.3,-48.80000000000001,合理诉求
9904,176.09,447.17,-271.08000000000004,合理诉求
9905,522.07,590.29,-68.21999999999991,合理诉求
9906,402.97,729.79,-326.81999999999994,合理诉求
9907,25.2,102.87,-77.67,合理诉求
9908,152.49,301.26,-148.76999999999998,合理诉求
9909,139.42,615.51,-476.09,合理诉求
9910,362.31,527.35,-165.04000000000002,合理诉求
9911,385.71,522.87,-137.16000000000005,合理诉求
9912,47.92,271.85,-223.93,合理诉求
9913,52.01,103.67,-51.66,合理诉求
9914,549.56,555.89,-6.330000000000041,合理诉求
9915,24.8,122.97,-98.17,合理诉求
9916,173.61,740.51,-566.9,合理诉求
9917,87.05,439.0,-351.95,合理诉求
9918,175.91,529.65,-353.74,合理诉求
9919,416.63,603.55,-186.92,合理诉求
9920,59.82,399.65,-339.83,诉求偏高
9921,582.27,1548.49,-966.22,合理诉求
9922,44.27,110.88,-66.60999999999999,合理诉求
9923,88.39,103.15,-14.760000000000003,合理诉求
9924,75.01,145.44,-70.42999999999999,合理诉求
9925,74.84,301.51,-226.67,合理诉求
9926,554.36,694.69,-140.33000000000004,合理诉求
9927,122.74,287.16,-164.42000000000002,合理诉求
9928,170.32,365.75,-195.43,合理诉求
9929,226.46,771.63,-545.17,合理诉求
9930,235.0,881.56,-646.56,合理诉求
9931,1024.33,2305.41,-1281.08,合理诉求
9932,89.27,258.54,-169.27000000000004,合理诉求
9933,89.8,104.44,-14.64,合理诉求
9934,541.32,2562.25,-2020.93,合理诉求
9935,18.91,178.64,-159.73,合理诉求
9936,1329.24,2976.87,-1647.63,合理诉求
9937,27.1,246.6,-219.5,合理诉求
9938,912.18,1149.34,-237.16,合理诉求
9939,329.03,939.58,-610.5500000000001,合理诉求
9940,325.58,507.32,-181.74,合理诉求
9941,50.65,714.15,-663.5,诉求偏高
9942,268.5,2211.14,-1942.64,严重超额
9943,371.08,752.61,-381.53,合理诉求
9944,33.56,118.1,-84.53999999999999,合理诉求
9945,210.16,566.5,-356.34000000000003,合理诉求
9946,464.18,931.37,-467.19,合理诉求
9947,255.73,2655.65,-2399.92,严重超额
9948,626.87,1167.67,-540.8000000000001,合理诉求
9949,469.73,1311.59,-841.8599999999999,合理诉求
9950,516.79,1826.15,-1309.36,合理诉求
9951,990.84,1852.38,-861.5400000000001,合理诉求
9952,89.22,189.99,-100.77,合理诉求
9953,353.64,506.96,-153.32,合理诉求
9954,758.31,3552.72,-2794.41,诉求偏高
9955,55.29,796.2,-740.9100000000001,诉求偏高
9956,140.23,180.48,-40.25,合理诉求
9957,4.81,100.99,-96.18,合理诉求
9958,68.78,397.24,-328.46000000000004,合理诉求
9959,228.68,629.65,-400.97,合理诉求
9960,36.99,331.86,-294.87,合理诉求
9961,20.98,174.46,-153.48000000000002,合理诉求
9962,947.51,1132.68,-185.17000000000007,合理诉求
9963,432.38,3034.58,-2602.2,严重超额
9964,804.17,2443.57,-1639.4,合理诉求
9965,667.13,748.72,-81.59000000000003,合理诉求
9966,57.54,158.69,-101.15,合理诉求
9967,224.89,1554.57,-1329.6799999999998,诉求偏高
9968,42.47,290.38,-247.91,合理诉求
9969,49.05,323.2,-274.15,合理诉求
9970,389.73,1320.61,-930.88,合理诉求
9971,116.46,212.53,-96.07,合理诉求
9972,599.01,1008.74,-409.73,合理诉求
9973,38.27,709.88,-671.61,诉求偏高
9974,683.06,1174.9,-491.84000000000015,合理诉求
9975,195.32,1053.38,-858.0600000000002,诉求偏高
9976,226.45,260.61,-34.160000000000025,合理诉求
9977,265.21,359.13,-93.92000000000002,合理诉求
9978,281.69,1126.22,-844.53,合理诉求
9979,619.49,970.47,-350.98,合理诉求
9980,89.55,960.01,-870.46,诉求偏高
9981,341.77,821.88,-480.11,合理诉求
9982,306.22,431.26,-125.03999999999996,合理诉求
9983,185.14,313.63,-128.49,合理诉求
9984,153.01,277.05,-124.04000000000002,合理诉求
9985,65.62,305.72,-240.1,合理诉求
9986,126.16,717.02,-590.86,诉求偏高
9987,483.5,1661.1,-1177.6,合理诉求
9988,499.05,644.44,-145.39000000000004,合理诉求
9989,83.64,596.69,-513.0500000000001,合理诉求
9990,351.09,2269.23,-1918.14,诉求偏高
9991,36.51,100.43,-63.92000000000001,合理诉求
9992,411.99,2309.87,-1897.88,诉求偏高
9993,313.64,452.73,-139.09000000000003,合理诉求
9994,696.49,1634.07,-937.58,合理诉求
9995,356.38,366.26,-9.879999999999995,合理诉求
9996,1370.68,1925.13,-554.45,合理诉求
9997,22.38,146.44,-124.06,合理诉求
9998,44.94,108.63,-63.69,合理诉求
9999,149.83,162.73,-12.899999999999975,合理诉求
10000,670.28,3436.67,-2766.3900000000003,诉求偏高
10001,445.33,624.78,-179.45,合理诉求
10002,274.94,713.71,-438.77,合理诉求
10003,75.18,144.99,-69.81,合理诉求
10004,96.29,175.29,-78.99999999999999,合理诉求
10005,112.6,233.63,-121.03,合理诉求
10006,55.58,169.24,-113.66,合理诉求
10007,35.78,127.88,-92.1,合理诉求
10008,249.35,809.76,-560.41,合理诉求
10009,354.55,525.38,-170.82999999999998,合理诉求
10010,4.34,100.04,-95.7,合理诉求
10011,626.51,1275.92,-649.4100000000001,合理诉求
10012,40.03,352.69,-312.66,合理诉求
10013,560.99,2033.55,-1472.56,合理诉求
10014,93.75,686.04,-592.29,诉求偏高
10015,129.66,502.08,-372.42,合理诉求
10016,18.03,118.05,-100.02,合理诉求
10017,725.5,2499.59,-1774.09,合理诉求
10018,195.09,294.14,-99.04999999999998,合理诉求
10019,396.24,562.33,-166.09000000000003,合理诉求
10020,41.23,293.94,-252.71,合理诉求
10021,17.02,196.59,-179.57,合理诉求
10022,419.86,1131.64,-711.7800000000001,合理诉求
10023,12.51,104.55,-92.04,合理诉求
10024,358.28,931.87,-573.59,合理诉求
10025,209.86,382.75,-172.89,合理诉求
10026,273.7,986.63,-712.9300000000001,合理诉求
10027,166.59,898.8,-732.2099999999999,合理诉求
10028,370.19,616.42,-246.23,合理诉求
10029,147.25,843.81,-696.56,诉求偏高
10030,190.75,597.26,-406.51,合理诉求
10031,845.64,1406.28,-560.64,合理诉求
10032,271.72,1046.23,-774.51,合理诉求
10033,72.57,212.08,-139.51000000000002,合理诉求
10034,168.58,644.49,-475.91,合理诉求
10035,638.92,909.62,-270.70000000000005,合理诉求
10036,818.19,3888.49,-3070.3,诉求偏高
10037,157.72,886.79,-729.0699999999999,合理诉求
10038,17.71,312.51,-294.8,合理诉求
10039,336.39,344.22,-7.830000000000041,合理诉求
10040,435.19,2766.66,-2331.47,严重超额
10041,248.19,493.7,-245.51,合理诉求
10042,233.09,352.14,-119.04999999999998,合理诉求
10043,349.07,1280.98,-931.91,合理诉求
10044,70.06,271.52,-201.46,合理诉求
10045,23.42,193.11,-169.69,合理诉求
10046,59.18,118.35,-59.17,合理诉求
10047,752.2,3614.63,-2862.4300000000003,诉求偏高
10048,235.39,248.57,-13.180000000000009,合理诉求
10049,90.41,185.79,-95.38,合理诉求
10050,319.02,831.4,-512.38,合理诉求
10051,220.24,719.12,-498.88,合理诉求
10052,77.82,192.3,-114.48000000000002,合理诉求
10053,61.88,168.08,-106.20000000000002,合理诉求
10054,897.09,1181.03,-283.93999999999994,合理诉求
10055,416.34,615.2,-198.86000000000007,合理诉求
10056,46.09,171.16,-125.07,合理诉求
10057,251.91,557.03,-305.12,合理诉求
10058,50.44,153.5,-103.06,合理诉求
10059,56.88,153.96,-97.08,合理诉求
10060,115.99,199.08,-83.09000000000002,合理诉求
10061,253.55,509.92,-256.37,合理诉求
10062,387.84,1096.01,-708.1700000000001,合理诉求
10063,94.01,220.9,-126.89,合理诉求
10064,33.59,104.63,-71.03999999999999,合理诉求
10065,13.86,100.65,-86.79,合理诉求
10066,412.32,1263.45,-851.1300000000001,合理诉求
10067,671.85,775.32,-103.47000000000004,合理诉求
10068,345.94,611.05,-265.11,合理诉求
10069,458.05,1472.71,-1014.66,合理诉求
10070,181.84,262.57,-80.72999999999999,合理诉求
10071,155.51,213.39,-57.88,合理诉求
10072,379.07,407.09,-28.019999999999985,合理诉求
10073,140.25,1312.64,-1172.39,诉求偏高
10074,76.86,1176.36,-1099.5,诉求偏高
10075,427.48,1133.85,-706.3699999999999,合理诉求
10076,666.49,2792.66,-2126.17,合理诉求
10077,16.39,129.19,-112.8,合理诉求
10078,308.13,983.99,-675.86,合理诉求
10079,125.98,126.06,-0.0799999999999983,合理诉求
10080,706.7,3514.48,-2807.78,诉求偏高
10081,23.12,518.36,-495.24,诉求偏高
10082,336.4,2185.91,-1849.51,诉求偏高
10083,128.43,493.73,-365.3,合理诉求
10084,90.6,103.68,-13.080000000000013,合理诉求
10085,46.49,158.91,-112.42,合理诉求
10086,346.31,1764.63,-1418.3200000000002,诉求偏高
10087,181.2,607.7,-426.50000000000006,合理诉求
10088,501.63,683.7,-182.07000000000005,合理诉求
10089,595.18,686.37,-91.19000000000004,合理诉求
10090,60.19,154.31,-94.12,合理诉求
10091,298.88,897.12,-598.24,合理诉求
10092,127.35,434.1,-306.75,合理诉求
10093,75.32,102.07,-26.75,合理诉求
10094,249.21,356.26,-107.04999999999998,合理诉求
10095,139.33,251.47,-112.14,合理诉求
10096,453.43,1100.6,-647.1699999999998,合理诉求
10097,104.6,138.35,-33.75,合理诉求
10098,119.57,186.13,-66.56,合理诉求
10099,510.53,759.33,-248.80000000000007,合理诉求
10100,40.41,400.71,-360.3,诉求偏高
10101,454.88,2428.11,-1973.23,诉求偏高
10102,182.68,551.57,-368.89,合理诉求
10103,142.07,272.89,-130.82,合理诉求
10104,175.22,240.51,-65.28999999999999,合理诉求
10105,51.38,484.55,-433.17,诉求偏高
10106,1.16,103.59,-102.43,合理诉求
10107,33.36,105.33,-71.97,合理诉求
10108,535.27,2058.2,-1522.9299999999998,合理诉求
10109,528.43,1561.3,-1032.87,合理诉求
10110,101.92,399.11,-297.19,合理诉求
10111,303.49,743.72,-440.23,合理诉求
10112,822.17,1177.2,-355.0300000000001,合理诉求
10113,614.9,837.88,-222.98,合理诉求
10114,125.22,233.93,-108.71,合理诉求
10115,477.11,881.55,-404.44,合理诉求
10116,427.01,566.69,-139.68000000000006,合理诉求
10117,176.29,354.89,-178.6,合理诉求
10118,49.58,123.83,-74.25,合理诉求
10119,112.59,1231.88,-1119.2900000000002,诉求偏高
10120,245.5,287.98,-42.48000000000002,合理诉求
10121,245.45,467.51,-222.06,合理诉求
10122,180.56,422.33,-241.77,合理诉求
10123,463.81,812.03,-348.22,合理诉求
10124,128.96,158.08,-29.120000000000005,合理诉求
10125,442.18,1409.38,-967.2,合理诉求
10126,3.72,157.12,-153.4,合理诉求
10127,616.68,623.06,-6.379999999999996,合理诉求
10128,447.41,878.7,-431.29,合理诉求
10129,240.24,773.82,-533.58,合理诉求
10130,132.54,463.55,-331.01,合理诉求
10131,45.83,145.36,-99.53000000000002,合理诉求
10132,284.42,550.98,-266.56,合理诉求
10133,233.24,1828.04,-1594.8,诉求偏高
10134,204.46,1508.99,-1304.53,诉求偏高
10135,328.34,627.24,-298.90000000000003,合理诉求
10136,324.99,2236.71,-1911.72,诉求偏高
10137,485.68,967.35,-481.67,合理诉求
10138,266.37,268.18,-1.8100000000000025,合理诉求
10139,79.71,157.24,-77.53000000000002,合理诉求
10140,235.46,494.59,-259.13,合理诉求
10141,738.78,1039.15,-300.3700000000001,合理诉求
10142,2277.96,3460.7,-1182.7399999999998,合理诉求
10143,13.28,361.75,-348.47,诉求偏高
10144,168.11,188.44,-20.329999999999984,合理诉求
10145,233.07,475.59,-242.52,合理诉求
10146,325.48,452.14,-126.65999999999995,合理诉求
10147,529.07,817.74,-288.67,合理诉求
10148,254.62,394.52,-139.89999999999998,合理诉求
10149,212.34,308.37,-96.03,合理诉求
10150,1336.77,3798.17,-2461.4,诉求偏高
10151,96.93,398.68,-301.75,合理诉求
10152,930.97,3707.94,-2776.9700000000003,诉求偏高
10153,117.74,170.36,-52.62000000000002,合理诉求
10154,311.97,455.97,-144.0,合理诉求
10155,592.02,1947.1,-1355.08,合理诉求
10156,1177.25,5343.11,-4165.86,严重超额
10157,539.57,968.58,-429.01,合理诉求
10158,76.06,112.04,-35.980000000000004,合理诉求
10159,201.34,224.16,-22.819999999999997,合理诉求
10160,784.3,932.81,-148.51,合理诉求
10161,239.84,264.8,-24.960000000000008,合理诉求
10162,405.85,826.66,-420.81,合理诉求
10163,243.26,489.98,-246.72000000000003,合理诉求
10164,273.59,690.7,-417.11000000000007,合理诉求
10165,325.18,515.88,-190.7,合理诉求
10166,460.15,793.11,-332.96000000000004,合理诉求
10167,326.7,624.88,-298.18,合理诉求
10168,53.64,197.24,-143.60000000000002,合理诉求
10169,117.86,261.47,-143.61,合理诉求
10170,83.87,112.56,-28.69,合理诉求
10171,581.24,662.7,-81.46000000000004,合理诉求
10172,374.41,1449.81,-1075.4,合理诉求
10173,85.1,345.16,-260.06000000000006,合理诉求
10174,618.47,1361.63,-743.1600000000001,合理诉求
10175,30.59,185.3,-154.71,合理诉求
10176,35.94,621.39,-585.45,诉求偏高
10177,117.09,449.71,-332.62,合理诉求
10178,110.69,216.71,-106.02,合理诉求
10179,3.55,100.01,-96.46,合理诉求
10180,578.28,2134.92,-1556.64,合理诉求
10181,445.24,671.59,-226.35,合理诉求
10182,377.5,818.86,-441.36,合理诉求
10183,129.88,370.43,-240.55,合理诉求
10184,25.39,499.96,-474.57,诉求偏高
10185,745.92,1538.4,-792.4800000000001,合理诉求
10186,322.66,1147.62,-824.9599999999998,合理诉求
10187,162.66,506.19,-343.53,合理诉求
10188,246.21,725.19,-478.98,合理诉求
10189,88.3,662.58,-574.2800000000001,合理诉求
10190,81.67,672.92,-591.25,诉求偏高
10191,594.39,2607.78,-2013.3900000000003,合理诉求
10192,417.76,1533.91,-1116.15,诉求偏高
10193,326.31,827.62,-501.31,合理诉求
10194,59.47,773.05,-713.5799999999999,诉求偏高
10195,108.95,369.68,-260.73,合理诉求
10196,1154.34,2335.75,-1181.41,合理诉求
10197,1140.65,3961.77,-2821.12,诉求偏高
10198,49.49,220.13,-170.64,合理诉求
10199,60.0,322.78,-262.78,合理诉求
10200,70.09,114.55,-44.46,合理诉求
10201,188.87,217.75,-28.879999999999995,合理诉求
10202,268.56,281.69,-13.129999999999995,合理诉求
10203,122.93,274.67,-151.74,合理诉求
10204,40.17,235.7,-195.53,合理诉求
10205,161.25,1071.91,-910.66,诉求偏高
10206,628.41,1358.71,-730.3000000000001,合理诉求
10207,77.21,198.26,-121.05,合理诉求
10208,385.76,1329.39,-943.63,合理诉求
10209,251.44,407.92,-156.48000000000002,合理诉求
10210,86.85,208.95,-122.1,合理诉求
10211,102.6,617.12,-514.52,合理诉求
10212,15.94,112.72,-96.78,合理诉求
10213,505.3,740.59,-235.29,合理诉求
10214,149.27,455.97,-306.70000000000005,合理诉求
10215,33.14,159.78,-126.64,合理诉求
10216,8.4,102.01,-93.61,合理诉求
10217,330.97,426.17,-95.2,合理诉求
10218,45.92,180.13,-134.20999999999998,合理诉求
10219,274.77,329.69,-54.920000000000016,合理诉求
10220,661.85,1154.27,-492.42,合理诉求
10221,53.9,250.93,-197.03,合理诉求
10222,155.92,257.7,-101.78,合理诉求
10223,191.32,608.88,-417.56,合理诉求
10224,22.26,122.81,-100.55,合理诉求
10225,375.84,1041.94,-666.1000000000001,合理诉求
10226,76.38,122.48,-46.10000000000001,合理诉求
10227,319.75,695.5,-375.75,合理诉求
10228,13.92,133.87,-119.95,合理诉求
10229,285.69,699.51,-413.82,合理诉求
10230,14.3,124.58,-110.28,合理诉求
10231,322.15,2117.04,-1794.89,诉求偏高
10232,196.24,256.94,-60.69999999999999,合理诉求
10233,45.84,202.98,-157.14,合理诉求
10234,89.27,186.13,-96.86,合理诉求
10235,169.19,695.24,-526.05,合理诉求
10236,323.93,1324.54,-1000.61,合理诉求
10237,165.05,303.15,-138.09999999999997,合理诉求
10238,190.86,453.96,-263.1,合理诉求
10239,638.03,3045.93,-2407.9,诉求偏高
10240,332.41,528.36,-195.95,合理诉求
10241,503.05,1006.08,-503.03,合理诉求
10242,81.79,114.79,-33.0,合理诉求
10243,162.35,285.2,-122.85,合理诉求
10244,290.4,473.18,-182.78000000000003,合理诉求
10245,730.47,3008.82,-2278.3500000000004,诉求偏高
10246,90.22,274.5,-184.28,合理诉求
10247,233.54,521.72,-288.18000000000006,合理诉求
10248,1229.06,3227.04,-1997.98,合理诉求
10249,497.01,677.13,-180.12,合理诉求
10250,29.62,137.11,-107.49,合理诉求
10251,214.1,439.41,-225.31000000000003,合理诉求
10252,77.8,270.83,-193.03,合理诉求
10253,81.96,130.7,-48.74,合理诉求
10254,874.05,3285.04,-2410.99,诉求偏高
10255,483.36,1132.78,-649.42,合理诉求
10256,610.32,714.45,-104.13,合理诉求
10257,214.57,505.29,-290.72,合理诉求
10258,427.31,1566.84,-1139.53,诉求偏高
10259,75.84,104.68,-28.840000000000003,合理诉求
10260,17.5,138.6,-121.1,合理诉求
10261,84.68,107.57,-22.889999999999983,合理诉求
10262,292.95,1628.26,-1335.31,诉求偏高
10263,699.94,2766.98,-2067.04,合理诉求
10264,113.94,219.06,-105.12,合理诉求
10265,118.23,142.96,-24.730000000000004,合理诉求
10266,294.46,382.17,-87.71000000000004,合理诉求
10267,511.05,3274.57,-2763.52,诉求偏高
10268,737.41,3260.66,-2523.25,诉求偏高
10269,166.59,940.76,-774.17,合理诉求
10270,534.8,1623.09,-1088.29,合理诉求
10271,879.34,3435.96,-2556.62,诉求偏高
10272,83.12,625.41,-542.29,合理诉求
10273,82.41,1145.6,-1063.1899999999998,诉求偏高
10274,692.87,1847.91,-1155.04,合理诉求
10275,373.39,1557.34,-1183.9499999999998,诉求偏高
10276,281.87,548.41,-266.54,合理诉求
10277,68.39,270.36,-201.97000000000003,合理诉求
10278,50.07,175.66,-125.59,合理诉求
10279,428.78,1038.34,-609.56,合理诉求
10280,269.63,917.24,-647.61,合理诉求
10281,273.94,1550.23,-1276.29,诉求偏高
10282,673.38,2085.31,-1411.9299999999998,合理诉求
10283,110.43,323.39,-212.96,合理诉求
10284,235.35,338.8,-103.45000000000002,合理诉求
10285,179.47,950.3,-770.8299999999999,合理诉求
10286,118.65,386.08,-267.42999999999995,合理诉求
10287,194.19,357.55,-163.36,合理诉求
10288,39.16,198.33,-159.17000000000002,合理诉求
10289,384.57,730.04,-345.47,合理诉求
10290,81.93,484.46,-402.53,合理诉求
10291,350.13,480.91,-130.78000000000003,合理诉求
10292,35.89,113.45,-77.56,合理诉求
10293,74.98,190.37,-115.39,合理诉求
10294,23.83,132.94,-109.11,合理诉求
10295,461.69,1234.49,-772.8,合理诉求
10296,220.15,1936.4,-1716.25,诉求偏高
10297,287.22,596.34,-309.12,合理诉求
10298,138.19,457.51,-319.32,合理诉求
10299,86.11,571.5,-485.39,合理诉求
10300,108.43,156.9,-48.47,合理诉求
10301,218.59,263.98,-45.390000000000015,合理诉求
10302,50.6,579.99,-529.39,诉求偏高
10303,149.44,473.34,-323.9,合理诉求
10304,12.18,109.85,-97.67,合理诉求
10305,208.36,835.7,-627.34,合理诉求
10306,525.86,785.1,-259.24,合理诉求
10307,69.25,139.21,-69.96000000000001,合理诉求
10308,427.98,1016.31,-588.3299999999999,合理诉求
10309,129.87,457.9,-328.03,合理诉求
10310,375.7,404.74,-29.04000000000002,合理诉求
10311,265.54,268.67,-3.1299999999999955,合理诉求
10312,13.7,190.54,-176.84,合理诉求
10313,117.29,604.08,-486.79,合理诉求
10314,309.43,959.87,-650.44,合理诉求
10315,70.68,103.05,-32.36999999999999,合理诉求
10316,765.18,1527.63,-762.4500000000002,合理诉求
10317,120.76,137.36,-16.60000000000001,合理诉求
10318,293.2,551.22,-258.02000000000004,合理诉求
10319,333.84,2427.35,-2093.51,诉求偏高
10320,94.1,183.74,-89.64000000000001,合理诉求
10321,500.54,728.24,-227.7,合理诉求
10322,26.27,103.69,-77.42,合理诉求
10323,136.68,575.18,-438.5,合理诉求
10324,1084.44,1132.82,-48.37999999999988,合理诉求
10325,542.8,1607.21,-1064.41,合理诉求
10326,500.62,695.22,-194.6,合理诉求
10327,124.06,709.95,-585.8900000000001,诉求偏高
10328,185.18,508.1,-322.92,合理诉求
10329,125.91,401.14,-275.23,合理诉求
10330,92.13,254.15,-162.02,合理诉求
10331,16.43,131.27,-114.84,合理诉求
10332,97.45,1300.7,-1203.25,诉求偏高
10333,445.04,1031.62,-586.5799999999999,合理诉求
10334,850.45,1807.35,-956.9,合理诉求
10335,503.82,1051.62,-547.8,合理诉求
10336,134.51,200.43,-65.92000000000002,合理诉求
10337,172.92,953.42,-780.5,合理诉求
10338,269.87,408.27,-138.39999999999998,合理诉求
10339,24.17,108.09,-83.92,合理诉求
10340,514.15,2828.25,-2314.1,诉求偏高
10341,91.36,227.35,-135.99,合理诉求
10342,373.13,972.83,-599.7,合理诉求
10343,92.92,323.1,-230.18,合理诉求
10344,31.53,130.49,-98.96,合理诉求
10345,140.7,506.68,-365.98,合理诉求
10346,238.06,479.52,-241.46,合理诉求
10347,1969.28,3823.32,-1854.04,合理诉求
10348,284.39,909.02,-624.63,合理诉求
10349,698.63,3217.01,-2518.38,诉求偏高
10350,14.14,531.26,-517.12,诉求偏高
10351,605.8,1733.36,-1127.56,合理诉求
10352,163.24,318.47,-155.23000000000002,合理诉求
10353,201.57,385.1,-183.53000000000003,合理诉求
10354,10.53,100.16,-89.63,合理诉求
10355,567.06,717.58,-150.5200000000001,合理诉求
10356,449.88,2020.03,-1570.15,诉求偏高
10357,186.94,1837.21,-1650.27,诉求偏高
10358,264.07,854.95,-590.8800000000001,合理诉求
10359,123.6,812.73,-689.13,诉求偏高
10360,662.32,1442.22,-779.9,合理诉求
10361,326.84,687.0,-360.16,合理诉求
10362,207.8,225.75,-17.94999999999999,合理诉求
10363,73.2,677.85,-604.65,诉求偏高
10364,14.06,131.13,-117.07,合理诉求
10365,523.84,692.77,-168.92999999999995,合理诉求
10366,182.84,705.97,-523.13,合理诉求
10367,413.31,1184.47,-771.1600000000001,合理诉求
10368,174.75,493.07,-318.32,合理诉求
10369,498.93,1290.18,-791.25,合理诉求
10370,79.02,663.18,-584.16,诉求偏高
10371,475.47,1403.35,-927.88,合理诉求
10372,1244.19,2007.68,-763.49,合理诉求
10373,20.82,100.51,-79.69,合理诉求
10374,258.14,282.85,-24.71000000000004,合理诉求
10375,120.65,1086.73,-966.08,诉求偏高
10376,118.66,289.37,-170.71,合理诉求
10377,192.28,242.29,-50.00999999999999,合理诉求
10378,574.25,1833.17,-1258.92,合理诉求
10379,118.69,164.08,-45.390000000000015,合理诉求
10380,367.74,1868.51,-1500.77,诉求偏高
10381,558.07,1439.15,-881.08,合理诉求
10382,74.02,267.53,-193.51,合理诉求
10383,175.66,305.12,-129.46,合理诉求
10384,515.35,917.88,-402.53,合理诉求
10385,379.11,1465.38,-1086.27,诉求偏高
10386,685.11,1386.48,-701.37,合理诉求
10387,465.44,3703.99,-3238.55,严重超额
10388,418.52,1188.98,-770.46,合理诉求
10389,165.54,198.86,-33.32000000000002,合理诉求
10390,423.52,1268.42,-844.9000000000001,合理诉求
10391,50.91,103.54,-52.63000000000001,合理诉求
10392,105.62,112.67,-7.049999999999997,合理诉求
10393,1157.25,2375.36,-1218.11,合理诉求
10394,158.62,223.44,-64.82,合理诉求
10395,317.31,548.38,-231.07,合理诉求
10396,8.06,359.49,-351.43,诉求偏高
10397,384.62,1345.11,-960.49,合理诉求
10398,151.66,460.15,-308.49,合理诉求
10399,348.58,518.11,-169.53000000000003,合理诉求
10400,381.71,1196.28,-814.5699999999999,合理诉求
10401,352.14,753.23,-401.09,合理诉求
10402,594.38,1903.38,-1309.0,合理诉求
10403,284.69,342.08,-57.38999999999999,合理诉求
10404,220.54,1196.81,-976.27,诉求偏高
10405,104.07,175.48,-71.41,合理诉求
10406,67.32,1056.5,-989.18,严重超额
10407,359.22,1091.36,-732.1399999999999,合理诉求
10408,552.74,895.21,-342.47,合理诉求
10409,22.75,111.11,-88.36,合理诉求
10410,265.67,974.6,-708.9300000000001,合理诉求
10411,63.14,336.75,-273.61,合理诉求
10412,318.21,1197.15,-878.94,合理诉求
10413,150.07,691.17,-541.0999999999999,合理诉求
10414,254.22,608.46,-354.24,合理诉求
10415,706.67,1969.24,-1262.5700000000002,合理诉求
10416,86.72,282.38,-195.66,合理诉求
10417,779.8,4135.78,-3355.98,诉求偏高
10418,49.48,141.66,-92.18,合理诉求
10419,119.01,570.58,-451.5700000000001,合理诉求
10420,167.93,183.26,-15.329999999999984,合理诉求
10421,102.42,370.53,-268.11,合理诉求
10422,26.8,100.63,-73.83,合理诉求
10423,38.55,121.82,-83.27,合理诉求
10424,111.23,140.04,-28.809999999999988,合理诉求
10425,198.09,474.65,-276.55999999999995,合理诉求
10426,154.53,236.99,-82.46000000000001,合理诉求
10427,1256.7,2597.61,-1340.91,合理诉求
10428,237.31,446.33,-209.02,合理诉求
10429,36.49,381.07,-344.58,诉求偏高
10430,33.85,171.16,-137.31,合理诉求
10431,156.66,387.16,-230.50000000000003,合理诉求
10432,259.54,466.17,-206.63,合理诉求
10433,212.87,1005.65,-792.78,合理诉求
10434,423.88,778.8,-354.92,合理诉求
10435,223.46,817.21,-593.75,合理诉求
10436,111.45,213.17,-101.71999999999998,合理诉求
10437,214.8,392.43,-177.63,合理诉求
10438,108.43,264.28,-155.84999999999997,合理诉求
10439,51.93,104.27,-52.34,合理诉求
10440,206.64,447.65,-241.01,合理诉求
10441,793.77,1575.0,-781.23,合理诉求
10442,170.76,190.0,-19.24000000000001,合理诉求
10443,181.03,190.44,-9.409999999999997,合理诉求
10444,257.08,958.28,-701.2,合理诉求
10445,166.8,211.37,-44.56999999999999,合理诉求
10446,65.53,521.9,-456.37,诉求偏高
10447,636.31,1043.86,-407.55,合理诉求
10448,230.78,547.8,-317.02,合理诉求
10449,122.94,261.26,-138.32,合理诉求
10450,28.3,182.98,-154.67999999999998,合理诉求
10451,241.46,1063.26,-821.8,诉求偏高
10452,53.39,124.66,-71.27,合理诉求
10453,749.86,1143.29,-393.43,合理诉求
10454,49.01,135.87,-86.86000000000001,合理诉求
10455,756.81,2515.22,-1758.41,合理诉求
10456,390.21,522.18,-131.96999999999997,合理诉求
10457,779.46,1720.31,-940.85,合理诉求
10458,29.82,125.27,-95.45,合理诉求
10459,95.42,294.97,-199.55,合理诉求
10460,179.19,1007.29,-828.0999999999999,诉求偏高
10461,79.57,120.26,-40.69000000000001,合理诉求
10462,27.14,116.62,-89.48,合理诉求
10463,383.46,459.21,-75.75,合理诉求
10464,456.82,536.76,-79.94,合理诉求
10465,107.87,183.95,-76.07999999999998,合理诉求
10466,146.05,496.21,-350.16,合理诉求
10467,6.78,100.2,-93.42,合理诉求
10468,150.97,746.02,-595.05,合理诉求
10469,307.44,1058.84,-751.3999999999999,合理诉求
10470,585.6,3921.99,-3336.39,诉求偏高
10471,389.2,1294.06,-904.86,合理诉求
10472,314.7,603.09,-288.39000000000004,合理诉求
10473,385.42,2642.42,-2257.0,严重超额
10474,117.89,582.33,-464.44000000000005,合理诉求
10475,938.31,1350.23,-411.9200000000001,合理诉求
10476,475.61,2231.31,-1755.6999999999998,合理诉求
10477,786.15,881.19,-95.04000000000008,合理诉求
10478,1.19,100.77,-99.58,合理诉求
10479,138.82,257.39,-118.57,合理诉求
10480,41.17,325.86,-284.69,合理诉求
10481,613.58,1361.94,-748.36,合理诉求
10482,430.21,916.5,-486.29,合理诉求
10483,243.62,549.71,-306.09000000000003,合理诉求
10484,216.58,250.6,-34.01999999999998,合理诉求
10485,71.09,100.19,-29.099999999999994,合理诉求
10486,155.67,286.8,-131.13000000000002,合理诉求
10487,771.55,886.63,-115.08000000000004,合理诉求
10488,269.0,340.87,-71.87,合理诉求
10489,89.9,302.54,-212.64,合理诉求
10490,324.57,871.01,-546.44,合理诉求
10491,564.93,626.37,-61.440000000000055,合理诉求
10492,361.1,856.1,-495.0,合理诉求
10493,467.28,1126.42,-659.1400000000001,合理诉求
10494,359.84,386.23,-26.390000000000043,合理诉求
10495,279.59,723.79,-444.2,合理诉求
10496,69.42,101.53,-32.11,合理诉求
10497,64.28,181.82,-117.54,合理诉求
10498,1571.84,3510.53,-1938.6900000000005,合理诉求
10499,1185.13,1732.59,-547.4599999999998,合理诉求
10500,3.04,100.58,-97.54,合理诉求
10501,328.43,642.36,-313.93,合理诉求
10502,93.1,193.6,-100.5,合理诉求
10503,485.85,635.82,-149.97000000000003,合理诉求
10504,1.73,119.65,-117.92,合理诉求
10505,219.07,394.87,-175.8,合理诉求
10506,7.43,101.44,-94.01,合理诉求
10507,202.07,291.95,-89.88,合理诉求
10508,131.89,260.24,-128.35000000000002,合理诉求
10509,1093.72,1975.41,-881.69,合理诉求
10510,148.45,362.3,-213.85,合理诉求
10511,1272.28,2459.53,-1187.2500000000002,合理诉求
10512,502.13,1862.81,-1360.6799999999998,合理诉求
10513,293.53,1074.92,-781.3900000000001,合理诉求
10514,192.87,449.53,-256.66,合理诉求
10515,44.77,150.54,-105.76999999999998,合理诉求
10516,39.67,215.34,-175.67000000000002,合理诉求
10517,59.98,106.46,-46.48,合理诉求
10518,487.62,798.99,-311.37,合理诉求
10519,27.85,116.38,-88.53,合理诉求
10520,154.68,307.12,-152.44,合理诉求
10521,69.93,149.93,-80.0,合理诉求
10522,390.05,705.7,-315.65000000000003,合理诉求
10523,455.49,925.27,-469.78,合理诉求
10524,169.05,648.88,-479.83,合理诉求
10525,216.98,1188.63,-971.65,诉求偏高
10526,224.04,1344.88,-1120.84,诉求偏高
10527,105.88,312.5,-206.62,合理诉求
10528,447.99,527.86,-79.87,合理诉求
10529,152.86,225.47,-72.60999999999999,合理诉求
10530,185.24,487.51,-302.27,合理诉求
10531,346.31,476.61,-130.3,合理诉求
10532,1115.5,1694.0,-578.5,合理诉求
10533,124.69,383.59,-258.9,合理诉求
10534,184.43,242.25,-57.81999999999999,合理诉求
10535,45.56,193.88,-148.32,合理诉求
10536,45.25,146.05,-100.8,合理诉求
10537,107.71,270.03,-162.32,合理诉求
10538,522.25,550.15,-27.899999999999977,合理诉求
10539,22.6,163.58,-140.98000000000002,合理诉求
10540,112.89,672.48,-559.59,合理诉求
10541,273.0,492.89,-219.89,合理诉求
10542,419.23,1375.12,-955.89,合理诉求
10543,240.55,599.75,-359.2,合理诉求
10544,551.1,1223.55,-672.4499999999999,合理诉求
10545,379.34,633.05,-253.71,合理诉求
10546,23.47,100.48,-77.01,合理诉求
10547,264.27,1243.65,-979.38,诉求偏高
10548,235.17,284.7,-49.53,合理诉求
10549,147.69,228.94,-81.25,合理诉求
10550,276.63,748.51,-471.88,合理诉求
10551,40.48,142.72,-102.24,合理诉求
10552,64.64,107.32,-42.67999999999999,合理诉求
10553,435.42,681.71,-246.29,合理诉求
10554,483.61,952.9,-469.29,合理诉求
10555,82.78,189.68,-106.9,合理诉求
10556,68.71,209.85,-141.14,合理诉求
10557,887.23,3843.29,-2956.06,诉求偏高
10558,54.91,269.63,-214.72,合理诉求
10559,174.98,420.6,-245.62000000000003,合理诉求
10560,29.5,104.01,-74.51,合理诉求
10561,39.64,106.1,-66.46,合理诉求
10562,206.31,509.83,-303.52,合理诉求
10563,225.29,724.07,-498.7800000000001,合理诉求
10564,8.25,102.21,-93.96,合理诉求
10565,548.07,1523.89,-975.82,合理诉求
10566,4.29,109.23,-104.94,合理诉求
10567,59.77,103.88,-44.10999999999999,合理诉求
10568,191.28,792.41,-601.13,合理诉求
10569,169.03,421.72,-252.69000000000003,合理诉求
10570,55.84,102.42,-46.58,合理诉求
10571,3.73,179.51,-175.78,合理诉求
10572,254.95,255.48,-0.5300000000000011,合理诉求
10573,201.5,562.66,-361.16,合理诉求
10574,415.01,1541.91,-1126.9,诉求偏高
10575,242.43,869.77,-627.3399999999999,合理诉求
10576,491.7,699.41,-207.71,合理诉求
10577,443.71,1265.84,-822.1299999999999,合理诉求
10578,107.17,331.44,-224.27,合理诉求
10579,141.62,509.64,-368.02,合理诉求
10580,633.59,2909.93,-2276.34,诉求偏高
10581,510.93,1924.92,-1413.99,合理诉求
10582,30.07,277.45,-247.38,合理诉求
10583,275.96,624.06,-348.1,合理诉求
10584,406.23,807.43,-401.19999999999993,合理诉求
10585,852.92,859.88,-6.960000000000036,合理诉求
10586,891.71,3278.33,-2386.62,诉求偏高
10587,65.7,102.76,-37.06,合理诉求
10588,101.12,1048.15,-947.03,诉求偏高
10589,661.96,1446.77,-784.81,合理诉求
10590,256.62,1948.1,-1691.48,诉求偏高
10591,53.81,177.71,-123.9,合理诉求
10592,256.38,300.59,-44.20999999999998,合理诉求
10593,539.72,2873.57,-2333.8500000000004,诉求偏高
10594,407.86,1640.09,-1232.23,诉求偏高
10595,12.89,282.79,-269.90000000000003,合理诉求
10596,971.64,1507.27,-535.63,合理诉求
10597,642.19,2265.22,-1623.0299999999995,合理诉求
10598,211.18,1875.1,-1663.9199999999998,诉求偏高
10599,217.77,292.25,-74.47999999999999,合理诉求
10600,1229.97,2708.39,-1478.4199999999998,合理诉求
10601,352.99,736.04,-383.05,合理诉求
10602,32.09,143.82,-111.73,合理诉求
10603,124.26,164.49,-40.23,合理诉求
10604,171.5,389.35,-217.85,合理诉求
10605,118.82,167.8,-48.98000000000002,合理诉求
10606,111.03,164.32,-53.28999999999999,合理诉求
10607,62.81,106.93,-44.120000000000005,合理诉求
10608,150.52,1007.79,-857.27,诉求偏高
10609,464.69,735.89,-271.2,合理诉求
10610,490.92,662.52,-171.59999999999997,合理诉求
10611,782.11,2767.37,-1985.26,合理诉求
10612,107.32,643.74,-536.4200000000001,合理诉求
10613,95.02,1119.36,-1024.34,诉求偏高
10614,6.25,103.71,-97.46,合理诉求
10615,146.94,657.56,-510.62,合理诉求
10616,562.87,1913.27,-1350.4,合理诉求
10617,64.52,117.07,-52.55,合理诉求
10618,121.59,1207.14,-1085.5500000000002,诉求偏高
10619,744.37,2254.61,-1510.2400000000002,合理诉求
10620,4.17,198.56,-194.39,合理诉求
10621,154.02,1073.31,-919.29,诉求偏高
10622,95.14,145.75,-50.61,合理诉求
10623,263.19,371.92,-108.73000000000002,合理诉求
10624,23.44,183.82,-160.38,合理诉求
10625,731.01,1754.23,-1023.22,合理诉求
10626,143.91,1303.43,-1159.52,诉求偏高
10627,144.82,529.51,-384.69,合理诉求
10628,23.15,103.95,-80.80000000000001,合理诉求
10629,205.64,1180.74,-975.1,诉求偏高
10630,221.83,438.29,-216.46,合理诉求
10631,54.79,100.35,-45.56,合理诉求
10632,566.25,3869.5,-3303.25,诉求偏高
10633,495.5,1338.4,-842.9000000000001,合理诉求
10634,23.83,131.84,-108.01,合理诉求
10635,246.25,498.15,-251.9,合理诉求
10636,129.59,371.91,-242.32,合理诉求
10637,20.92,180.81,-159.89,合理诉求
10638,81.97,1453.05,-1371.08,严重超额
10639,871.87,3205.91,-2334.04,诉求偏高
10640,47.63,582.73,-535.1,诉求偏高
10641,364.11,1267.52,-903.41,合理诉求
10642,66.26,116.12,-49.86,合理诉求
10643,709.19,3123.35,-2414.16,诉求偏高
10644,441.42,1165.96,-724.54,合理诉求
10645,170.04,360.13,-190.09,合理诉求
10646,313.67,1017.71,-704.04,合理诉求
10647,347.14,688.65,-341.51,合理诉求
10648,154.44,648.69,-494.25000000000006,合理诉求
10649,392.02,953.45,-561.4300000000001,合理诉求
10650,134.4,167.49,-33.09,合理诉求
10651,862.12,1110.49,-248.37,合理诉求
10652,81.03,384.81,-303.78,合理诉求
10653,180.12,418.36,-238.24,合理诉求
10654,104.2,352.66,-248.46000000000004,合理诉求
10655,292.44,510.59,-218.15,合理诉求
10656,147.46,234.46,-87.0,合理诉求
10657,933.48,1876.41,-942.93,合理诉求
10658,38.1,178.8,-140.70000000000002,合理诉求
10659,544.27,728.52,-184.25,合理诉求
10660,91.55,186.42,-94.87,合理诉求
10661,75.91,1189.76,-1113.85,诉求偏高
10662,181.23,374.6,-193.37000000000003,合理诉求
10663,68.55,940.3,-871.75,严重超额
10664,130.61,401.48,-270.87,合理诉求
10665,194.17,783.72,-589.5500000000001,合理诉求
10666,1257.83,2966.26,-1708.4300000000003,合理诉求
10667,735.08,1193.63,-458.55000000000007,合理诉求
10668,320.9,682.99,-362.09,合理诉求
10669,62.68,115.63,-52.95,合理诉求
10670,20.93,106.35,-85.41999999999999,合理诉求
10671,117.45,135.0,-17.549999999999997,合理诉求
10672,285.73,320.43,-34.69999999999999,合理诉求
10673,1043.6,2942.54,-1898.94,合理诉求
10674,121.31,834.4,-713.0899999999999,诉求偏高
10675,430.86,917.17,-486.31,合理诉求
10676,494.03,781.12,-287.09000000000003,合理诉求
10677,539.84,1499.32,-959.48,合理诉求
10678,450.06,1074.96,-624.9000000000001,合理诉求
10679,1167.28,4101.67,-2934.3900000000003,诉求偏高
10680,914.08,3358.92,-2444.84,诉求偏高
10681,333.42,540.17,-206.74999999999997,合理诉求
10682,144.12,256.67,-112.55,合理诉求
10683,21.74,214.58,-192.84,合理诉求
10684,428.92,703.82,-274.90000000000003,合理诉求
10685,233.21,267.04,-33.83000000000001,合理诉求
10686,355.0,567.19,-212.19000000000003,合理诉求
10687,419.4,578.97,-159.57000000000005,合理诉求
10688,117.61,229.6,-111.99,合理诉求
10689,161.96,210.56,-48.6,合理诉求
10690,40.51,138.49,-97.98000000000002,合理诉求
10691,377.91,861.93,-484.0199999999999,合理诉求
10692,55.69,119.04,-63.35000000000001,合理诉求
10693,167.13,187.64,-20.50999999999999,合理诉求
10694,335.81,667.62,-331.81,合理诉求
10695,109.55,243.21,-133.66000000000005,合理诉求
10696,100.14,133.41,-33.27,合理诉求
10697,1534.75,3648.54,-2113.79,合理诉求
10698,27.72,131.5,-103.78,合理诉求
10699,195.97,592.27,-396.3,合理诉求
10700,402.93,2618.97,-2216.04,诉求偏高
10701,192.75,316.24,-123.49,合理诉求
10702,706.98,1509.63,-802.6500000000001,合理诉求
10703,324.67,921.03,-596.3599999999999,合理诉求
10704,205.9,409.47,-203.57,合理诉求
10705,692.1,1559.67,-867.57,合理诉求
10706,797.33,1711.4,-914.07,合理诉求
10707,294.78,384.27,-89.49000000000001,合理诉求
10708,88.84,108.27,-19.429999999999996,合理诉求
10709,493.78,2745.45,-2251.67,诉求偏高
10710,206.82,547.68,-340.86,合理诉求
10711,266.41,614.58,-348.17,合理诉求
10712,248.11,511.29,-263.18,合理诉求
10713,491.58,961.65,-470.07,合理诉求
10714,70.47,107.62,-37.150000000000006,合理诉求
10715,114.13,125.02,-10.89,合理诉求
10716,734.78,917.33,-182.55000000000007,合理诉求
10717,40.74,324.75,-284.01,合理诉求
10718,21.8,108.81,-87.01,合理诉求
10719,446.67,1374.67,-928.0,合理诉求
10720,392.03,1019.86,-627.83,合理诉求
10721,210.48,420.82,-210.34,合理诉求
10722,432.51,617.92,-185.41,合理诉求
10723,54.82,154.46,-99.64,合理诉求
10724,208.66,1989.79,-1781.13,严重超额
10725,401.54,923.99,-522.45,合理诉求
10726,213.09,695.5,-482.41,合理诉求
10727,117.72,211.2,-93.48,合理诉求
10728,191.59,460.56,-268.97,合理诉求
10729,329.73,350.05,-20.319999999999997,合理诉求
10730,407.19,1364.08,-956.89,合理诉求
10731,2309.54,3114.46,-804.9200000000001,合理诉求
10732,62.97,106.29,-43.32000000000001,合理诉求
10733,76.99,245.5,-168.51,合理诉求
10734,222.59,570.21,-347.62,合理诉求
10735,35.06,170.15,-135.09,合理诉求
10736,431.68,939.3,-507.62,合理诉求
10737,195.46,1086.18,-890.72,诉求偏高
10738,328.08,554.45,-226.3700000000001,合理诉求
10739,208.69,237.15,-28.460000000000008,合理诉求
10740,126.84,692.78,-565.9399999999999,合理诉求
10741,534.31,611.2,-76.8900000000001,合理诉求
10742,156.44,267.8,-111.36,合理诉求
10743,603.11,1700.83,-1097.7199999999998,合理诉求
10744,128.71,294.92,-166.21,合理诉求
10745,687.65,1790.01,-1102.36,合理诉求
10746,199.87,2440.32,-2240.4500000000003,严重超额
10747,12.4,100.04,-87.64,合理诉求
10748,146.33,328.39,-182.06,合理诉求
10749,1274.6,1786.49,-511.8900000000001,合理诉求
10750,320.18,579.28,-259.1,合理诉求
10751,733.94,3879.74,-3145.8,诉求偏高
10752,63.86,126.75,-62.89,合理诉求
10753,669.65,2153.81,-1484.16,合理诉求
10754,1372.34,3556.14,-2183.8,诉求偏高
10755,12.84,101.54,-88.7,合理诉求
10756,40.53,137.81,-97.28,合理诉求
10757,55.02,276.18,-221.16,合理诉求
10758,566.31,1066.96,-500.6500000000001,合理诉求
10759,351.03,694.13,-343.1,合理诉求
10760,203.06,289.49,-86.43,合理诉求
10761,495.9,678.22,-182.32000000000005,合理诉求
10762,634.06,1935.01,-1300.95,合理诉求
10763,478.33,2246.08,-1767.75,合理诉求
10764,406.07,1137.29,-731.22,合理诉求
10765,494.56,1521.52,-1026.96,合理诉求
10766,748.86,3145.92,-2397.06,诉求偏高
10767,602.77,1463.28,-860.51,合理诉求
10768,196.74,348.72,-151.98000000000002,合理诉求
10769,104.62,331.72,-227.1,合理诉求
10770,113.7,1054.75,-941.05,诉求偏高
10771,421.81,1065.4,-643.5900000000001,合理诉求
10772,181.89,258.32,-76.43,合理诉求
10773,1018.99,2498.99,-1479.9999999999998,合理诉求
10774,129.67,550.11,-420.44000000000005,合理诉求
10775,714.75,960.36,-245.61,合理诉求
10776,288.35,387.68,-99.32999999999998,合理诉求
10777,704.54,2082.45,-1377.91,合理诉求
10778,586.73,920.9,-334.17,合理诉求
10779,219.37,240.26,-20.889999999999983,合理诉求
10780,188.22,616.05,-427.8299999999999,合理诉求
10781,357.46,546.41,-188.95,合理诉求
10782,307.3,311.0,-3.6999999999999886,合理诉求
10783,99.17,232.56,-133.39,合理诉求
10784,118.92,166.05,-47.13000000000001,合理诉求
10785,583.25,3143.44,-2560.19,诉求偏高
10786,87.57,147.84,-60.27000000000001,合理诉求
10787,76.03,118.51,-42.48,合理诉求
10788,174.48,1009.79,-835.31,诉求偏高
10789,118.27,372.18,-253.91000000000005,合理诉求
10790,1203.27,3207.34,-2004.07,合理诉求
10791,34.1,521.33,-487.23,诉求偏高
10792,189.7,410.69,-220.99,合理诉求
10793,38.98,205.7,-166.72,合理诉求
10794,324.01,2273.75,-1949.74,诉求偏高
10795,65.61,166.36,-100.75,合理诉求
10796,46.62,169.59,-122.97,合理诉求
10797,324.53,789.23,-464.7000000000001,合理诉求
10798,635.51,703.67,-68.15999999999997,合理诉求
10799,408.0,451.33,-43.329999999999984,合理诉求
10800,26.73,138.84,-112.11,合理诉求
10801,63.25,264.09,-200.84,合理诉求
10802,251.54,1004.25,-752.71,合理诉求
10803,40.96,100.17,-59.21,合理诉求
10804,305.24,316.32,-11.079999999999984,合理诉求
10805,94.34,140.8,-46.46000000000001,合理诉求
10806,58.78,163.24,-104.46,合理诉求
10807,68.86,732.08,-663.22,诉求偏高
10808,778.12,1154.45,-376.33,合理诉求
10809,167.26,869.73,-702.47,合理诉求
10810,271.02,917.69,-646.6700000000001,合理诉求
10811,1302.3,3504.73,-2202.4300000000003,诉求偏高
10812,430.79,1441.84,-1011.05,合理诉求
10813,269.01,285.82,-16.810000000000002,合理诉求
10814,264.52,484.18,-219.66000000000005,合理诉求
10815,998.79,4716.68,-3717.89,严重超额
10816,666.72,1141.8,-475.0799999999999,合理诉求
10817,755.19,2247.57,-1492.38,合理诉求
10818,70.07,390.0,-319.93,合理诉求
10819,918.64,2475.89,-1557.25,合理诉求
10820,225.57,626.88,-401.31,合理诉求
10821,126.97,275.32,-148.35,合理诉求
10822,471.14,877.08,-405.94000000000005,合理诉求
10823,41.35,271.27,-229.92,合理诉求
10824,128.6,1201.16,-1072.5600000000002,诉求偏高
10825,475.45,2788.27,-2312.82,诉求偏高
10826,552.37,1473.6,-921.23,合理诉求
10827,18.21,284.64,-266.43,合理诉求
10828,255.63,385.57,-129.94,合理诉求
10829,9.39,277.67,-268.28000000000003,合理诉求
10830,94.14,159.69,-65.55,合理诉求
10831,447.45,1232.67,-785.22,合理诉求
10832,646.68,733.8,-87.12,合理诉求
10833,18.47,100.34,-81.87,合理诉求
10834,75.28,562.97,-487.69000000000005,合理诉求
10835,637.31,761.83,-124.5200000000001,合理诉求
10836,458.43,1395.23,-936.8,合理诉求
10837,5.12,143.12,-138.0,合理诉求
10838,475.72,923.4,-447.68,合理诉求
10839,191.91,596.56,-404.65,合理诉求
10840,1115.84,4619.0,-3503.16,严重超额
10841,273.57,589.49,-315.92,合理诉求
10842,976.84,2956.52,-1979.68,合理诉求
10843,61.64,113.27,-51.63,合理诉求
10844,9.75,100.51,-90.76,合理诉求
10845,86.93,111.24,-24.309999999999988,合理诉求
10846,131.85,1631.88,-1500.0300000000002,严重超额
10847,31.36,138.39,-107.03,合理诉求
10848,298.67,431.32,-132.64999999999998,合理诉求
10849,825.86,1599.14,-773.2800000000001,合理诉求
10850,458.91,3014.74,-2555.83,严重超额
10851,32.47,626.98,-594.51,诉求偏高
10852,21.62,113.75,-92.13,合理诉求
10853,32.33,503.47,-471.14,诉求偏高
10854,154.99,313.8,-158.81,合理诉求
10855,100.66,142.37,-41.71000000000001,合理诉求
10856,927.55,1037.41,-109.86000000000011,合理诉求
10857,64.18,250.42,-186.24,合理诉求
10858,959.48,1327.16,-367.68000000000006,合理诉求
10859,84.2,164.31,-80.11,合理诉求
10860,185.24,1125.84,-940.6,诉求偏高
10861,183.37,211.86,-28.49000000000001,合理诉求
10862,873.24,2073.58,-1200.34,合理诉求
10863,25.87,141.13,-115.26,合理诉求
10864,75.02,123.3,-48.28,合理诉求
10865,192.31,212.07,-19.75999999999999,合理诉求
10866,156.0,214.11,-58.110000000000014,合理诉求
10867,256.31,691.67,-435.36,合理诉求
10868,192.42,595.24,-402.8200000000001,合理诉求
10869,116.23,323.6,-207.37,合理诉求
10870,86.62,227.39,-140.76999999999998,合理诉求
10871,62.45,155.91,-93.46,合理诉求
10872,91.15,114.08,-22.929999999999996,合理诉求
10873,172.04,917.89,-745.85,合理诉求
10874,658.12,880.08,-221.96000000000004,合理诉求
10875,59.49,125.96,-66.47,合理诉求
10876,73.88,166.57,-92.69,合理诉求
10877,105.78,231.01,-125.23,合理诉求
10878,347.03,1322.39,-975.36,合理诉求
10879,193.53,377.02,-183.49,合理诉求
10880,309.73,480.07,-170.33999999999995,合理诉求
10881,569.72,842.17,-272.44999999999993,合理诉求
10882,68.5,114.23,-45.73,合理诉求
10883,473.15,944.31,-471.16,合理诉求
10884,111.51,167.39,-55.87999999999998,合理诉求
10885,175.82,486.56,-310.74,合理诉求
10886,575.63,1126.15,-550.5200000000001,合理诉求
10887,216.48,442.07,-225.59,合理诉求
10888,797.3,1862.95,-1065.65,合理诉求
10889,23.25,100.68,-77.43,合理诉求
10890,894.99,2581.25,-1686.26,合理诉求
10891,53.23,126.28,-73.05000000000001,合理诉求
10892,714.91,916.01,-201.1,合理诉求
10893,399.67,602.01,-202.34,合理诉求
10894,435.93,1661.63,-1225.7,诉求偏高
10895,539.86,1234.43,-694.57,合理诉求
10896,199.88,1254.67,-1054.79,诉求偏高
10897,146.34,405.03,-258.68999999999994,合理诉求
10898,865.81,2234.7,-1368.89,合理诉求
10899,106.15,109.75,-3.5999999999999943,合理诉求
10900,251.62,633.06,-381.44,合理诉求
10901,48.01,325.59,-277.58,合理诉求
10902,66.33,143.64,-77.30999999999999,合理诉求
10903,527.18,1205.2,-678.0200000000001,合理诉求
10904,1059.9,3217.95,-2158.05,诉求偏高
10905,40.02,110.97,-70.94999999999999,合理诉求
10906,729.93,2018.16,-1288.23,合理诉求
10907,77.99,437.19,-359.2,合理诉求
10908,318.34,347.81,-29.470000000000027,合理诉求
10909,338.51,1227.21,-888.7,合理诉求
10910,249.68,840.59,-590.9100000000001,合理诉求
10911,466.42,3270.67,-2804.25,严重超额
10912,509.75,1048.37,-538.6199999999999,合理诉求
10913,139.77,440.9,-301.13,合理诉求
10914,13.46,115.14,-101.68,合理诉求
10915,418.43,1254.5,-836.0699999999999,合理诉求
10916,214.37,420.29,-205.92,合理诉求
10917,111.93,159.35,-47.41999999999999,合理诉求
10918,254.45,473.18,-218.73,合理诉求
10919,1297.57,1365.82,-68.25,合理诉求
10920,69.61,121.12,-51.510000000000005,合理诉求
10921,328.01,551.11,-223.1,合理诉求
10922,131.1,209.38,-78.28,合理诉求
10923,122.86,444.39,-321.53,合理诉求
10924,105.95,120.28,-14.329999999999998,合理诉求
10925,50.97,262.65,-211.68,合理诉求
10926,185.62,605.61,-419.99,合理诉求
10927,378.09,535.69,-157.60000000000008,合理诉求
10928,368.43,2179.32,-1810.89,诉求偏高
10929,141.84,146.58,-4.740000000000009,合理诉求
10930,17.33,234.0,-216.67,合理诉求
10931,54.07,102.03,-47.96,合理诉求
10932,201.52,546.26,-344.74,合理诉求
10933,518.31,1034.73,-516.4200000000001,合理诉求
10934,232.38,1191.34,-958.96,诉求偏高
10935,347.71,980.86,-633.1500000000001,合理诉求
10936,17.31,102.74,-85.42999999999999,合理诉求
10937,400.65,604.32,-203.67000000000007,合理诉求
10938,505.54,891.1,-385.56,合理诉求
10939,259.73,382.0,-122.26999999999998,合理诉求
10940,325.58,2291.38,-1965.8,诉求偏高
10941,387.61,2269.22,-1881.61,诉求偏高
10942,83.93,271.72,-187.79,合理诉求
10943,456.94,578.16,-121.21999999999996,合理诉求
10944,919.69,3191.96,-2272.27,诉求偏高
10945,364.83,555.35,-190.52000000000004,合理诉求
10946,1310.49,3647.99,-2337.5,诉求偏高
10947,20.96,124.2,-103.24,合理诉求
10948,264.73,1220.58,-955.85,诉求偏高
10949,1047.13,1137.57,-90.43999999999984,合理诉求
10950,314.13,864.74,-550.61,合理诉求
10951,701.86,2875.82,-2173.96,诉求偏高
10952,23.42,110.15,-86.73,合理诉求
10953,587.49,1284.64,-697.1500000000001,合理诉求
10954,48.53,132.85,-84.32,合理诉求
10955,167.73,780.34,-612.61,合理诉求
10956,396.64,2665.57,-2268.9300000000003,严重超额
10957,136.17,1915.96,-1779.79,严重超额
10958,369.73,999.91,-630.18,合理诉求
10959,264.83,993.3,-728.47,合理诉求
10960,776.71,923.4,-146.68999999999994,合理诉求
10961,25.01,212.29,-187.28,合理诉求
10962,21.94,110.36,-88.42,合理诉求
10963,149.85,473.08,-323.23,合理诉求
10964,161.2,402.37,-241.17,合理诉求
10965,1081.66,2612.89,-1531.2299999999998,合理诉求
10966,36.11,564.03,-527.92,诉求偏高
10967,151.92,955.51,-803.59,诉求偏高
10968,92.69,623.02,-530.3299999999999,合理诉求
10969,594.2,2837.16,-2242.96,诉求偏高
10970,323.0,1809.55,-1486.55,诉求偏高
10971,44.54,100.12,-55.580000000000005,合理诉求
10972,104.64,145.15,-40.510000000000005,合理诉求
10973,538.77,754.1,-215.33000000000004,合理诉求
10974,327.58,1124.56,-796.98,合理诉求
10975,102.78,287.59,-184.81,合理诉求
10976,94.98,145.28,-50.3,合理诉求
10977,22.16,107.71,-85.55,合理诉求
10978,95.51,284.5,-188.99,合理诉求
10979,20.96,105.53,-84.57,合理诉求
10980,702.25,3011.97,-2309.72,诉求偏高
10981,308.99,602.96,-293.97,合理诉求
10982,790.33,859.87,-69.53999999999996,合理诉求
10983,301.69,716.92,-415.23,合理诉求
10984,98.11,117.89,-19.78,合理诉求
10985,106.74,390.53,-283.79,合理诉求
10986,104.18,274.37,-170.19,合理诉求
10987,101.48,148.56,-47.08,合理诉求
10988,302.25,1186.08,-883.8299999999999,合理诉求
10989,83.22,354.92,-271.70000000000005,合理诉求
10990,377.52,817.46,-439.94000000000005,合理诉求
10991,309.28,679.33,-370.05000000000007,合理诉求
10992,139.52,284.17,-144.65,合理诉求
10993,139.99,148.24,-8.25,合理诉求
10994,660.25,2165.63,-1505.38,合理诉求
10995,672.38,996.05,-323.67,合理诉求
10996,9.56,150.25,-140.69,合理诉求
10997,82.87,166.21,-83.34,合理诉求
10998,203.34,443.38,-240.04,合理诉求
10999,115.17,209.63,-94.46,合理诉求
11000,160.8,305.52,-144.71999999999997,合理诉求
11001,36.43,147.7,-111.26999999999998,合理诉求
11002,8.38,129.85,-121.47,合理诉求
11003,153.05,227.68,-74.63,合理诉求
11004,46.06,109.86,-63.8,合理诉求
11005,8.95,118.74,-109.79,合理诉求
11006,804.42,862.28,-57.860000000000014,合理诉求
11007,466.71,2416.66,-1949.95,诉求偏高
11008,98.17,557.72,-459.55,合理诉求
11009,544.75,1237.46,-692.71,合理诉求
11010,8.4,175.08,-166.68,合理诉求
11011,234.14,273.05,-38.910000000000025,合理诉求
11012,359.02,968.49,-609.47,合理诉求
11013,647.15,1170.29,-523.14,合理诉求
11014,1172.64,4888.21,-3715.57,严重超额
11015,381.59,1303.23,-921.64,合理诉求
11016,7.66,110.87,-103.21,合理诉求
11017,430.01,614.85,-184.84000000000003,合理诉求
11018,147.36,340.0,-192.64,合理诉求
11019,512.48,1415.85,-903.37,合理诉求
11020,585.86,969.01,-383.15,合理诉求
11021,223.87,467.45,-243.58,合理诉求
11022,418.46,943.65,-525.19,合理诉求
11023,91.05,118.83,-27.78,合理诉求
11024,517.89,2594.54,-2076.65,合理诉求
11025,263.28,661.06,-397.78,合理诉求
11026,238.43,408.05,-169.62,合理诉求
11027,170.12,1463.77,-1293.65,诉求偏高
11028,127.29,770.7,-643.4100000000001,诉求偏高
11029,80.69,573.4,-492.71,合理诉求
11030,1053.87,3108.14,-2054.27,合理诉求
11031,56.13,200.78,-144.65,合理诉求
11032,242.99,445.26,-202.27,合理诉求
11033,199.74,338.99,-139.25,合理诉求
11034,149.38,428.79,-279.41,合理诉求
11035,52.68,858.78,-806.1,严重超额
11036,694.48,2874.01,-2179.53,诉求偏高
11037,51.16,103.48,-52.32000000000001,合理诉求
11038,394.89,591.96,-197.07000000000005,合理诉求
11039,172.04,242.78,-70.74000000000001,合理诉求
11040,13.59,341.64,-328.05,合理诉求
11041,46.89,340.61,-293.72,合理诉求
11042,1073.59,1143.96,-70.37000000000012,合理诉求
11043,190.18,212.17,-21.98999999999998,合理诉求
11044,441.23,2536.31,-2095.08,诉求偏高
11045,72.56,104.22,-31.66,合理诉求
11046,103.42,591.38,-487.96,合理诉求
11047,167.96,471.92,-303.96000000000004,合理诉求
11048,427.44,821.68,-394.24,合理诉求
11049,273.9,574.8,-300.9,合理诉求
11050,490.49,1306.82,-816.3299999999999,合理诉求
11051,81.87,301.71,-219.84,合理诉求
11052,498.87,928.13,-429.26,合理诉求
11053,890.9,1552.61,-661.7099999999999,合理诉求
11054,539.17,908.41,-369.24,合理诉求
11055,113.12,146.56,-33.44,合理诉求
11056,202.3,299.68,-97.38,合理诉求
11057,254.31,797.01,-542.7,合理诉求
11058,570.45,1716.6,-1146.15,合理诉求
11059,254.01,395.53,-141.51999999999998,合理诉求
11060,157.57,679.06,-521.49,合理诉求
11061,222.58,296.88,-74.29999999999998,合理诉求
11062,87.38,486.86,-399.48,合理诉求
11063,632.17,1212.4,-580.2300000000001,合理诉求
11064,272.31,625.72,-353.41,合理诉求
11065,349.99,646.37,-296.38,合理诉求
11066,43.76,194.55,-150.79000000000002,合理诉求
11067,228.36,395.18,-166.82,合理诉求
11068,39.85,687.27,-647.42,诉求偏高
11069,301.76,346.36,-44.60000000000002,合理诉求
11070,349.88,994.13,-644.25,合理诉求
11071,115.31,915.73,-800.4200000000001,诉求偏高
11072,5.03,153.02,-147.99,合理诉求
11073,61.95,810.43,-748.4799999999999,诉求偏高
11074,656.87,1783.36,-1126.4899999999998,合理诉求
11075,97.35,235.51,-138.16,合理诉求
11076,643.77,1018.81,-375.04,合理诉求
11077,52.78,151.3,-98.52,合理诉求
11078,1108.35,2485.71,-1377.36,合理诉求
11079,46.02,155.32,-109.29999999999998,合理诉求
11080,106.31,1322.19,-1215.88,诉求偏高
11081,27.14,180.36,-153.22000000000003,合理诉求
11082,310.67,873.81,-563.1399999999999,合理诉求
11083,129.15,150.68,-21.53,合理诉求
11084,241.62,1581.61,-1339.9899999999998,诉求偏高
11085,269.09,608.74,-339.65000000000003,合理诉求
11086,503.95,1779.25,-1275.3,合理诉求
11087,34.09,154.42,-120.32999999999998,合理诉求
11088,7.31,179.3,-171.99,合理诉求
11089,734.66,1017.07,-282.4100000000001,合理诉求
11090,42.16,196.85,-154.69,合理诉求
11091,307.21,608.72,-301.51000000000005,合理诉求
11092,724.12,1891.7,-1167.58,合理诉求
11093,233.2,352.3,-119.10000000000002,合理诉求
11094,55.62,593.54,-537.92,诉求偏高
11095,174.75,532.63,-357.88,合理诉求
11096,280.85,318.41,-37.56,合理诉求
11097,537.71,1447.02,-909.31,合理诉求
11098,328.85,812.7,-483.85,合理诉求
11099,312.88,785.83,-472.9500000000001,合理诉求
11100,300.79,688.73,-387.94,合理诉求
11101,70.05,596.15,-526.1,诉求偏高
11102,163.58,198.51,-34.92999999999998,合理诉求
11103,419.5,1407.7,-988.2,合理诉求
11104,76.94,115.33,-38.39,合理诉求
11105,198.62,665.75,-467.13,合理诉求
11106,450.14,830.14,-380.0,合理诉求
11107,620.17,1088.5,-468.33,合理诉求
11108,172.96,388.08,-215.12,合理诉求
11109,108.25,221.2,-112.95,合理诉求
11110,103.91,193.39,-89.47999999999999,合理诉求
11111,97.14,361.57,-264.43,合理诉求
11112,573.08,1724.03,-1150.9499999999998,合理诉求
11113,746.17,1373.77,-627.6,合理诉求
11114,19.76,103.45,-83.69,合理诉求
11115,530.16,877.93,-347.77,合理诉求
11116,800.08,1546.69,-746.61,合理诉求
11117,355.27,460.55,-105.28000000000004,合理诉求
11118,39.67,102.43,-62.760000000000005,合理诉求
11119,105.88,676.06,-570.18,合理诉求
11120,708.71,1053.17,-344.46000000000004,合理诉求
11121,1368.51,2331.78,-963.2700000000002,合理诉求
11122,234.48,269.0,-34.52000000000001,合理诉求
11123,419.82,1003.73,-583.9100000000001,合理诉求
11124,265.22,305.56,-40.339999999999975,合理诉求
11125,758.02,1515.12,-757.0999999999999,合理诉求
11126,124.25,181.4,-57.150000000000006,合理诉求
11127,131.22,280.01,-148.79,合理诉求
11128,513.97,1209.46,-695.49,合理诉求
11129,287.89,813.93,-526.04,合理诉求
11130,601.46,965.51,-364.05,合理诉求
11131,261.05,522.6,-261.55,合理诉求
11132,317.17,927.39,-610.22,合理诉求
11133,1039.58,2784.31,-1744.73,合理诉求
11134,75.16,127.26,-52.10000000000001,合理诉求
11135,142.21,223.16,-80.94999999999999,合理诉求
11136,251.25,1987.36,-1736.11,严重超额
11137,408.93,1598.09,-1189.16,诉求偏高
11138,413.72,912.79,-499.07,合理诉求
11139,76.2,116.16,-39.96,合理诉求
11140,93.45,456.88,-363.43,合理诉求
11141,188.43,335.64,-147.20999999999998,合理诉求
11142,198.56,727.47,-528.9100000000001,合理诉求
11143,55.98,263.53,-207.55,合理诉求
11144,544.16,1682.62,-1138.46,合理诉求
11145,32.99,118.24,-85.25,合理诉求
11146,1169.94,1699.89,-529.95,合理诉求
11147,1030.57,4381.18,-3350.6100000000006,诉求偏高
11148,7.56,102.48,-94.92,合理诉求
11149,50.26,100.29,-50.03000000000001,合理诉求
11150,150.76,747.75,-596.99,合理诉求
11151,345.68,541.79,-196.11,合理诉求
11152,91.5,125.72,-34.22,合理诉求
11153,188.34,371.27,-182.93,合理诉求
11154,404.22,934.26,-530.04,合理诉求
11155,427.21,1166.21,-739.0,合理诉求
11156,67.8,177.84,-110.04,合理诉求
11157,175.03,1398.79,-1223.76,诉求偏高
11158,27.58,111.9,-84.32000000000001,合理诉求
11159,40.7,182.73,-142.02999999999997,合理诉求
11160,81.06,420.18,-339.12,合理诉求
11161,9.71,250.79,-241.08,合理诉求
11162,167.38,410.55,-243.17,合理诉求
11163,1080.53,2025.43,-944.9,合理诉求
11164,102.81,1385.86,-1283.05,严重超额
11165,410.14,700.42,-290.28,合理诉求
11166,60.29,100.1,-39.81,合理诉求
11167,97.4,114.48,-17.08,合理诉求
